customer_id,customer_name,segment,region,acquisition_channel
CU00001,Customer 00001,Value Seekers,West,Social
CU00002,Customer 00002,Home Makers,North,Store
CU00003,Customer 00003,Professionals,North,Store
CU00004,Customer 00004,Professionals,Central,Corporate Sales
CU00005,Customer 00005,Corporate,West,Website
CU00006,Customer 00006,Corporate,West,Corporate Sales
CU00007,Customer 00007,Corporate,Central,Website
CU00008,Customer 00008,Home Makers,Central,Referral
CU00009,Customer 00009,Professionals,West,Corporate Sales
CU00010,Customer 00010,Value Seekers,West,Website
CU00011,Customer 00011,Gamers,Central,Website
CU00012,Customer 00012,Home Makers,Central,Store
CU00013,Customer 00013,Value Seekers,East,Referral
CU00014,Customer 00014,Professionals,Central,Store
CU00015,Customer 00015,Value Seekers,Central,Social
CU00016,Customer 00016,Home Makers,East,Store
CU00017,Customer 00017,Value Seekers,East,Corporate Sales
CU00018,Customer 00018,Home Makers,West,Website
CU00019,Customer 00019,Gamers,North,Social
CU00020,Customer 00020,Gamers,West,Social
CU00021,Customer 00021,Premium,North,Store
CU00022,Customer 00022,Home Makers,North,Social
CU00023,Customer 00023,Value Seekers,West,Store
CU00024,Customer 00024,Premium,North,Social
CU00025,Customer 00025,Gamers,East,Store
CU00026,Customer 00026,Corporate,West,Referral
CU00027,Customer 00027,Value Seekers,West,Social
CU00028,Customer 00028,Premium,North,Corporate Sales
CU00029,Customer 00029,Value Seekers,East,Referral
CU00030,Customer 00030,Professionals,North,Website
CU00031,Customer 00031,Gamers,East,Store
CU00032,Customer 00032,Professionals,Central,Store
CU00033,Customer 00033,Gamers,East,Referral
CU00034,Customer 00034,Professionals,West,Store
CU00035,Customer 00035,Premium,North,Website
CU00036,Customer 00036,Premium,Central,Store
CU00037,Customer 00037,Home Makers,North,Social
CU00038,Customer 00038,Home Makers,North,Social
CU00039,Customer 00039,Home Makers,East,Store
CU00040,Customer 00040,Premium,West,Store
CU00041,Customer 00041,Home Makers,Central,Store
CU00042,Customer 00042,Professionals,North,Store
CU00043,Customer 00043,Premium,West,Corporate Sales
CU00044,Customer 00044,Gamers,West,Store
CU00045,Customer 00045,Home Makers,West,Corporate Sales
CU00046,Customer 00046,Home Makers,Central,Corporate Sales
CU00047,Customer 00047,Professionals,North,Website
CU00048,Customer 00048,Premium,North,Store
CU00049,Customer 00049,Premium,West,Store
CU00050,Customer 00050,Premium,Central,Website
CU00051,Customer 00051,Premium,East,Store
CU00052,Customer 00052,Value Seekers,East,Store
CU00053,Customer 00053,Professionals,North,Store
CU00054,Customer 00054,Value Seekers,Central,Referral
CU00055,Customer 00055,Home Makers,East,Referral
CU00056,Customer 00056,Corporate,Central,Social
CU00057,Customer 00057,Value Seekers,East,Website
CU00058,Customer 00058,Corporate,West,Store
CU00059,Customer 00059,Home Makers,Central,Referral
CU00060,Customer 00060,Premium,Central,Website
CU00061,Customer 00061,Professionals,Central,Corporate Sales
CU00062,Customer 00062,Gamers,East,Social
CU00063,Customer 00063,Professionals,West,Store
CU00064,Customer 00064,Value Seekers,East,Store
CU00065,Customer 00065,Premium,West,Website
CU00066,Customer 00066,Gamers,West,Corporate Sales
CU00067,Customer 00067,Home Makers,North,Website
CU00068,Customer 00068,Value Seekers,East,Website
CU00069,Customer 00069,Premium,East,Website
CU00070,Customer 00070,Value Seekers,East,Website
CU00071,Customer 00071,Premium,Central,Referral
CU00072,Customer 00072,Home Makers,Central,Corporate Sales
CU00073,Customer 00073,Corporate,East,Referral
CU00074,Customer 00074,Premium,East,Social
CU00075,Customer 00075,Home Makers,Central,Website
CU00076,Customer 00076,Home Makers,North,Social
CU00077,Customer 00077,Premium,North,Website
CU00078,Customer 00078,Value Seekers,East,Social
CU00079,Customer 00079,Corporate,West,Website
CU00080,Customer 00080,Value Seekers,West,Corporate Sales
CU00081,Customer 00081,Premium,Central,Website
CU00082,Customer 00082,Value Seekers,West,Corporate Sales
CU00083,Customer 00083,Premium,West,Corporate Sales
CU00084,Customer 00084,Gamers,East,Store
CU00085,Customer 00085,Home Makers,East,Social
CU00086,Customer 00086,Corporate,North,Website
CU00087,Customer 00087,Corporate,Central,Social
CU00088,Customer 00088,Gamers,West,Website
CU00089,Customer 00089,Home Makers,West,Social
CU00090,Customer 00090,Premium,Central,Corporate Sales
CU00091,Customer 00091,Value Seekers,West,Referral
CU00092,Customer 00092,Value Seekers,East,Website
CU00093,Customer 00093,Corporate,Central,Corporate Sales
CU00094,Customer 00094,Value Seekers,East,Referral
CU00095,Customer 00095,Corporate,Central,Website
CU00096,Customer 00096,Premium,West,Store
CU00097,Customer 00097,Corporate,North,Social
CU00098,Customer 00098,Home Makers,Central,Store
CU00099,Customer 00099,Value Seekers,West,Referral
CU00100,Customer 00100,Professionals,North,Store
CU00101,Customer 00101,Value Seekers,Central,Corporate Sales
CU00102,Customer 00102,Gamers,East,Corporate Sales
CU00103,Customer 00103,Value Seekers,West,Social
CU00104,Customer 00104,Professionals,Central,Store
CU00105,Customer 00105,Professionals,East,Store
CU00106,Customer 00106,Home Makers,North,Store
CU00107,Customer 00107,Gamers,East,Social
CU00108,Customer 00108,Value Seekers,West,Social
CU00109,Customer 00109,Value Seekers,West,Website
CU00110,Customer 00110,Premium,East,Store
CU00111,Customer 00111,Value Seekers,West,Website
CU00112,Customer 00112,Premium,West,Social
CU00113,Customer 00113,Home Makers,West,Corporate Sales
CU00114,Customer 00114,Home Makers,West,Store
CU00115,Customer 00115,Home Makers,East,Store
CU00116,Customer 00116,Corporate,North,Corporate Sales
CU00117,Customer 00117,Home Makers,West,Social
CU00118,Customer 00118,Corporate,West,Referral
CU00119,Customer 00119,Gamers,West,Website
CU00120,Customer 00120,Professionals,North,Website
CU00121,Customer 00121,Professionals,East,Website
CU00122,Customer 00122,Home Makers,Central,Social
CU00123,Customer 00123,Value Seekers,North,Website
CU00124,Customer 00124,Premium,North,Website
CU00125,Customer 00125,Professionals,North,Website
CU00126,Customer 00126,Home Makers,West,Referral
CU00127,Customer 00127,Home Makers,East,Website
CU00128,Customer 00128,Value Seekers,East,Website
CU00129,Customer 00129,Value Seekers,Central,Website
CU00130,Customer 00130,Professionals,Central,Store
CU00131,Customer 00131,Professionals,West,Referral
CU00132,Customer 00132,Home Makers,East,Referral
CU00133,Customer 00133,Home Makers,East,Website
CU00134,Customer 00134,Professionals,East,Corporate Sales
CU00135,Customer 00135,Home Makers,West,Website
CU00136,Customer 00136,Home Makers,West,Website
CU00137,Customer 00137,Professionals,West,Website
CU00138,Customer 00138,Home Makers,West,Referral
CU00139,Customer 00139,Premium,Central,Social
CU00140,Customer 00140,Value Seekers,East,Social
CU00141,Customer 00141,Premium,West,Social
CU00142,Customer 00142,Value Seekers,West,Website
CU00143,Customer 00143,Professionals,West,Store
CU00144,Customer 00144,Gamers,West,Corporate Sales
CU00145,Customer 00145,Gamers,West,Website
CU00146,Customer 00146,Professionals,West,Website
CU00147,Customer 00147,Professionals,West,Website
CU00148,Customer 00148,Value Seekers,North,Social
CU00149,Customer 00149,Home Makers,Central,Website
CU00150,Customer 00150,Home Makers,Central,Store
CU00151,Customer 00151,Value Seekers,West,Website
CU00152,Customer 00152,Value Seekers,Central,Social
CU00153,Customer 00153,Gamers,West,Store
CU00154,Customer 00154,Professionals,West,Social
CU00155,Customer 00155,Home Makers,West,Website
CU00156,Customer 00156,Gamers,West,Social
CU00157,Customer 00157,Professionals,West,Social
CU00158,Customer 00158,Premium,West,Website
CU00159,Customer 00159,Premium,Central,Referral
CU00160,Customer 00160,Value Seekers,West,Store
CU00161,Customer 00161,Value Seekers,West,Social
CU00162,Customer 00162,Home Makers,West,Corporate Sales
CU00163,Customer 00163,Value Seekers,Central,Website
CU00164,Customer 00164,Value Seekers,Central,Website
CU00165,Customer 00165,Premium,East,Social
CU00166,Customer 00166,Value Seekers,North,Store
CU00167,Customer 00167,Professionals,North,Website
CU00168,Customer 00168,Value Seekers,East,Social
CU00169,Customer 00169,Home Makers,Central,Referral
CU00170,Customer 00170,Value Seekers,West,Referral
CU00171,Customer 00171,Home Makers,West,Store
CU00172,Customer 00172,Home Makers,West,Corporate Sales
CU00173,Customer 00173,Home Makers,West,Corporate Sales
CU00174,Customer 00174,Gamers,North,Corporate Sales
CU00175,Customer 00175,Gamers,West,Website
CU00176,Customer 00176,Value Seekers,East,Social
CU00177,Customer 00177,Value Seekers,East,Website
CU00178,Customer 00178,Professionals,West,Store
CU00179,Customer 00179,Premium,West,Store
CU00180,Customer 00180,Value Seekers,West,Store
CU00181,Customer 00181,Premium,Central,Website
CU00182,Customer 00182,Home Makers,East,Website
CU00183,Customer 00183,Professionals,East,Store
CU00184,Customer 00184,Value Seekers,East,Social
CU00185,Customer 00185,Professionals,West,Website
CU00186,Customer 00186,Corporate,West,Referral
CU00187,Customer 00187,Home Makers,Central,Website
CU00188,Customer 00188,Gamers,West,Store
CU00189,Customer 00189,Premium,Central,Corporate Sales
CU00190,Customer 00190,Gamers,East,Corporate Sales
CU00191,Customer 00191,Value Seekers,North,Social
CU00192,Customer 00192,Gamers,West,Store
CU00193,Customer 00193,Corporate,Central,Social
CU00194,Customer 00194,Premium,Central,Store
CU00195,Customer 00195,Professionals,Central,Store
CU00196,Customer 00196,Home Makers,West,Referral
CU00197,Customer 00197,Premium,West,Store
CU00198,Customer 00198,Premium,West,Referral
CU00199,Customer 00199,Gamers,Central,Referral
CU00200,Customer 00200,Home Makers,East,Social
CU00201,Customer 00201,Professionals,West,Website
CU00202,Customer 00202,Professionals,West,Referral
CU00203,Customer 00203,Corporate,West,Social
CU00204,Customer 00204,Gamers,North,Store
CU00205,Customer 00205,Professionals,Central,Website
CU00206,Customer 00206,Home Makers,North,Corporate Sales
CU00207,Customer 00207,Home Makers,West,Website
CU00208,Customer 00208,Value Seekers,West,Corporate Sales
CU00209,Customer 00209,Professionals,North,Website
CU00210,Customer 00210,Home Makers,West,Website
CU00211,Customer 00211,Value Seekers,West,Social
CU00212,Customer 00212,Home Makers,West,Social
CU00213,Customer 00213,Professionals,North,Store
CU00214,Customer 00214,Corporate,West,Website
CU00215,Customer 00215,Value Seekers,West,Website
CU00216,Customer 00216,Professionals,East,Store
CU00217,Customer 00217,Premium,West,Website
CU00218,Customer 00218,Value Seekers,North,Website
CU00219,Customer 00219,Value Seekers,North,Store
CU00220,Customer 00220,Professionals,North,Website
CU00221,Customer 00221,Value Seekers,Central,Store
CU00222,Customer 00222,Home Makers,East,Website
CU00223,Customer 00223,Professionals,Central,Website
CU00224,Customer 00224,Premium,West,Website
CU00225,Customer 00225,Professionals,West,Social
CU00226,Customer 00226,Value Seekers,Central,Referral
CU00227,Customer 00227,Professionals,West,Social
CU00228,Customer 00228,Professionals,East,Referral
CU00229,Customer 00229,Gamers,West,Website
CU00230,Customer 00230,Corporate,East,Website
CU00231,Customer 00231,Value Seekers,West,Corporate Sales
CU00232,Customer 00232,Value Seekers,West,Website
CU00233,Customer 00233,Professionals,West,Store
CU00234,Customer 00234,Professionals,North,Store
CU00235,Customer 00235,Corporate,West,Website
CU00236,Customer 00236,Professionals,North,Corporate Sales
CU00237,Customer 00237,Premium,West,Website
CU00238,Customer 00238,Gamers,East,Store
CU00239,Customer 00239,Professionals,North,Website
CU00240,Customer 00240,Corporate,Central,Social
CU00241,Customer 00241,Gamers,East,Website
CU00242,Customer 00242,Corporate,West,Referral
CU00243,Customer 00243,Home Makers,North,Website
CU00244,Customer 00244,Value Seekers,North,Store
CU00245,Customer 00245,Professionals,West,Website
CU00246,Customer 00246,Home Makers,East,Website
CU00247,Customer 00247,Gamers,West,Store
CU00248,Customer 00248,Corporate,East,Website
CU00249,Customer 00249,Premium,West,Social
CU00250,Customer 00250,Premium,West,Social
CU00251,Customer 00251,Home Makers,East,Website
CU00252,Customer 00252,Premium,East,Social
CU00253,Customer 00253,Value Seekers,West,Website
CU00254,Customer 00254,Value Seekers,East,Store
CU00255,Customer 00255,Professionals,West,Referral
CU00256,Customer 00256,Premium,Central,Website
CU00257,Customer 00257,Corporate,West,Website
CU00258,Customer 00258,Gamers,Central,Store
CU00259,Customer 00259,Value Seekers,East,Store
CU00260,Customer 00260,Value Seekers,West,Social
CU00261,Customer 00261,Professionals,Central,Corporate Sales
CU00262,Customer 00262,Premium,East,Corporate Sales
CU00263,Customer 00263,Professionals,West,Corporate Sales
CU00264,Customer 00264,Premium,East,Website
CU00265,Customer 00265,Corporate,Central,Corporate Sales
CU00266,Customer 00266,Home Makers,Central,Store
CU00267,Customer 00267,Professionals,Central,Website
CU00268,Customer 00268,Gamers,West,Website
CU00269,Customer 00269,Premium,East,Referral
CU00270,Customer 00270,Value Seekers,North,Referral
CU00271,Customer 00271,Gamers,East,Referral
CU00272,Customer 00272,Gamers,Central,Store
CU00273,Customer 00273,Professionals,North,Store
CU00274,Customer 00274,Premium,Central,Social
CU00275,Customer 00275,Corporate,East,Corporate Sales
CU00276,Customer 00276,Home Makers,East,Referral
CU00277,Customer 00277,Home Makers,East,Store
CU00278,Customer 00278,Corporate,East,Referral
CU00279,Customer 00279,Home Makers,East,Website
CU00280,Customer 00280,Premium,West,Website
CU00281,Customer 00281,Professionals,West,Website
CU00282,Customer 00282,Premium,Central,Social
CU00283,Customer 00283,Home Makers,East,Website
CU00284,Customer 00284,Corporate,East,Website
CU00285,Customer 00285,Home Makers,Central,Corporate Sales
CU00286,Customer 00286,Home Makers,East,Website
CU00287,Customer 00287,Corporate,West,Corporate Sales
CU00288,Customer 00288,Value Seekers,East,Social
CU00289,Customer 00289,Professionals,North,Website
CU00290,Customer 00290,Professionals,East,Referral
CU00291,Customer 00291,Premium,Central,Corporate Sales
CU00292,Customer 00292,Corporate,Central,Website
CU00293,Customer 00293,Home Makers,East,Store
CU00294,Customer 00294,Professionals,Central,Website
CU00295,Customer 00295,Professionals,West,Social
CU00296,Customer 00296,Gamers,North,Store
CU00297,Customer 00297,Professionals,North,Corporate Sales
CU00298,Customer 00298,Corporate,Central,Store
CU00299,Customer 00299,Value Seekers,West,Website
CU00300,Customer 00300,Home Makers,West,Website
CU00301,Customer 00301,Value Seekers,West,Website
CU00302,Customer 00302,Professionals,East,Website
CU00303,Customer 00303,Value Seekers,West,Social
CU00304,Customer 00304,Gamers,Central,Referral
CU00305,Customer 00305,Value Seekers,West,Website
CU00306,Customer 00306,Value Seekers,East,Store
CU00307,Customer 00307,Value Seekers,Central,Store
CU00308,Customer 00308,Value Seekers,East,Store
CU00309,Customer 00309,Gamers,East,Website
CU00310,Customer 00310,Value Seekers,Central,Website
CU00311,Customer 00311,Value Seekers,North,Referral
CU00312,Customer 00312,Value Seekers,North,Store
CU00313,Customer 00313,Value Seekers,West,Website
CU00314,Customer 00314,Professionals,East,Corporate Sales
CU00315,Customer 00315,Gamers,West,Store
CU00316,Customer 00316,Gamers,East,Website
CU00317,Customer 00317,Value Seekers,West,Corporate Sales
CU00318,Customer 00318,Home Makers,East,Corporate Sales
CU00319,Customer 00319,Premium,Central,Store
CU00320,Customer 00320,Premium,West,Store
CU00321,Customer 00321,Premium,West,Referral
CU00322,Customer 00322,Gamers,North,Store
CU00323,Customer 00323,Corporate,Central,Store
CU00324,Customer 00324,Professionals,East,Website
CU00325,Customer 00325,Premium,West,Social
CU00326,Customer 00326,Value Seekers,East,Social
CU00327,Customer 00327,Professionals,Central,Social
CU00328,Customer 00328,Home Makers,North,Store
CU00329,Customer 00329,Value Seekers,West,Website
CU00330,Customer 00330,Value Seekers,East,Website
CU00331,Customer 00331,Corporate,North,Social
CU00332,Customer 00332,Corporate,West,Store
CU00333,Customer 00333,Home Makers,West,Corporate Sales
CU00334,Customer 00334,Home Makers,Central,Website
CU00335,Customer 00335,Professionals,North,Store
CU00336,Customer 00336,Home Makers,Central,Social
CU00337,Customer 00337,Corporate,North,Store
CU00338,Customer 00338,Value Seekers,East,Store
CU00339,Customer 00339,Value Seekers,East,Website
CU00340,Customer 00340,Premium,Central,Store
CU00341,Customer 00341,Value Seekers,West,Website
CU00342,Customer 00342,Professionals,East,Social
CU00343,Customer 00343,Professionals,West,Website
CU00344,Customer 00344,Gamers,West,Store
CU00345,Customer 00345,Professionals,West,Website
CU00346,Customer 00346,Premium,West,Social
CU00347,Customer 00347,Gamers,West,Store
CU00348,Customer 00348,Value Seekers,East,Website
CU00349,Customer 00349,Home Makers,North,Website
CU00350,Customer 00350,Corporate,North,Social
CU00351,Customer 00351,Gamers,East,Social
CU00352,Customer 00352,Premium,West,Social
CU00353,Customer 00353,Premium,West,Website
CU00354,Customer 00354,Premium,West,Website
CU00355,Customer 00355,Gamers,East,Store
CU00356,Customer 00356,Professionals,North,Website
CU00357,Customer 00357,Gamers,East,Website
CU00358,Customer 00358,Corporate,North,Social
CU00359,Customer 00359,Value Seekers,Central,Store
CU00360,Customer 00360,Value Seekers,West,Store
CU00361,Customer 00361,Premium,Central,Social
CU00362,Customer 00362,Value Seekers,West,Store
CU00363,Customer 00363,Gamers,East,Website
CU00364,Customer 00364,Premium,West,Website
CU00365,Customer 00365,Value Seekers,West,Corporate Sales
CU00366,Customer 00366,Home Makers,North,Store
CU00367,Customer 00367,Value Seekers,West,Social
CU00368,Customer 00368,Value Seekers,West,Corporate Sales
CU00369,Customer 00369,Corporate,East,Website
CU00370,Customer 00370,Value Seekers,North,Website
CU00371,Customer 00371,Professionals,West,Store
CU00372,Customer 00372,Value Seekers,East,Social
CU00373,Customer 00373,Home Makers,West,Corporate Sales
CU00374,Customer 00374,Premium,Central,Social
CU00375,Customer 00375,Home Makers,East,Social
CU00376,Customer 00376,Value Seekers,Central,Social
CU00377,Customer 00377,Professionals,West,Corporate Sales
CU00378,Customer 00378,Professionals,East,Store
CU00379,Customer 00379,Value Seekers,North,Store
CU00380,Customer 00380,Corporate,North,Website
CU00381,Customer 00381,Corporate,North,Store
CU00382,Customer 00382,Home Makers,West,Store
CU00383,Customer 00383,Home Makers,West,Referral
CU00384,Customer 00384,Gamers,North,Referral
CU00385,Customer 00385,Corporate,West,Store
CU00386,Customer 00386,Home Makers,East,Website
CU00387,Customer 00387,Corporate,West,Website
CU00388,Customer 00388,Premium,North,Social
CU00389,Customer 00389,Home Makers,Central,Social
CU00390,Customer 00390,Professionals,East,Store
CU00391,Customer 00391,Professionals,North,Website
CU00392,Customer 00392,Value Seekers,East,Social
CU00393,Customer 00393,Value Seekers,Central,Social
CU00394,Customer 00394,Value Seekers,West,Website
CU00395,Customer 00395,Professionals,North,Social
CU00396,Customer 00396,Corporate,North,Website
CU00397,Customer 00397,Home Makers,Central,Referral
CU00398,Customer 00398,Home Makers,North,Website
CU00399,Customer 00399,Corporate,Central,Website
CU00400,Customer 00400,Corporate,East,Store
CU00401,Customer 00401,Home Makers,West,Social
CU00402,Customer 00402,Value Seekers,North,Website
CU00403,Customer 00403,Professionals,East,Website
CU00404,Customer 00404,Value Seekers,Central,Website
CU00405,Customer 00405,Value Seekers,West,Store
CU00406,Customer 00406,Professionals,East,Store
CU00407,Customer 00407,Corporate,East,Social
CU00408,Customer 00408,Gamers,Central,Social
CU00409,Customer 00409,Premium,Central,Store
CU00410,Customer 00410,Value Seekers,West,Store
CU00411,Customer 00411,Home Makers,East,Website
CU00412,Customer 00412,Value Seekers,Central,Website
CU00413,Customer 00413,Corporate,West,Store
CU00414,Customer 00414,Value Seekers,West,Store
CU00415,Customer 00415,Value Seekers,West,Referral
CU00416,Customer 00416,Value Seekers,Central,Store
CU00417,Customer 00417,Value Seekers,West,Store
CU00418,Customer 00418,Professionals,West,Website
CU00419,Customer 00419,Home Makers,West,Referral
CU00420,Customer 00420,Value Seekers,West,Social
CU00421,Customer 00421,Professionals,West,Website
CU00422,Customer 00422,Premium,East,Store
CU00423,Customer 00423,Gamers,West,Referral
CU00424,Customer 00424,Value Seekers,West,Social
CU00425,Customer 00425,Premium,West,Referral
CU00426,Customer 00426,Home Makers,West,Social
CU00427,Customer 00427,Gamers,East,Store
CU00428,Customer 00428,Value Seekers,Central,Website
CU00429,Customer 00429,Professionals,North,Store
CU00430,Customer 00430,Value Seekers,West,Corporate Sales
CU00431,Customer 00431,Premium,Central,Referral
CU00432,Customer 00432,Premium,West,Website
CU00433,Customer 00433,Professionals,West,Store
CU00434,Customer 00434,Gamers,West,Store
CU00435,Customer 00435,Value Seekers,West,Referral
CU00436,Customer 00436,Professionals,North,Store
CU00437,Customer 00437,Professionals,West,Store
CU00438,Customer 00438,Premium,West,Website
CU00439,Customer 00439,Corporate,West,Store
CU00440,Customer 00440,Gamers,North,Store
CU00441,Customer 00441,Corporate,East,Store
CU00442,Customer 00442,Value Seekers,West,Website
CU00443,Customer 00443,Gamers,West,Store
CU00444,Customer 00444,Corporate,West,Website
CU00445,Customer 00445,Value Seekers,West,Store
CU00446,Customer 00446,Home Makers,East,Website
CU00447,Customer 00447,Gamers,West,Social
CU00448,Customer 00448,Professionals,East,Store
CU00449,Customer 00449,Professionals,North,Website
CU00450,Customer 00450,Value Seekers,East,Social
CU00451,Customer 00451,Professionals,West,Social
CU00452,Customer 00452,Home Makers,Central,Website
CU00453,Customer 00453,Value Seekers,West,Social
CU00454,Customer 00454,Value Seekers,East,Corporate Sales
CU00455,Customer 00455,Professionals,North,Store
CU00456,Customer 00456,Gamers,West,Website
CU00457,Customer 00457,Premium,Central,Website
CU00458,Customer 00458,Home Makers,West,Referral
CU00459,Customer 00459,Premium,West,Website
CU00460,Customer 00460,Value Seekers,West,Social
CU00461,Customer 00461,Value Seekers,East,Social
CU00462,Customer 00462,Home Makers,West,Store
CU00463,Customer 00463,Corporate,East,Social
CU00464,Customer 00464,Value Seekers,West,Website
CU00465,Customer 00465,Gamers,Central,Website
CU00466,Customer 00466,Value Seekers,West,Social
CU00467,Customer 00467,Premium,West,Store
CU00468,Customer 00468,Home Makers,East,Store
CU00469,Customer 00469,Corporate,West,Referral
CU00470,Customer 00470,Professionals,Central,Corporate Sales
CU00471,Customer 00471,Gamers,Central,Social
CU00472,Customer 00472,Gamers,North,Store
CU00473,Customer 00473,Professionals,Central,Store
CU00474,Customer 00474,Value Seekers,North,Referral
CU00475,Customer 00475,Professionals,West,Website
CU00476,Customer 00476,Corporate,West,Referral
CU00477,Customer 00477,Home Makers,West,Store
CU00478,Customer 00478,Home Makers,Central,Social
CU00479,Customer 00479,Corporate,Central,Website
CU00480,Customer 00480,Corporate,North,Store
CU00481,Customer 00481,Home Makers,Central,Store
CU00482,Customer 00482,Value Seekers,East,Referral
CU00483,Customer 00483,Premium,West,Website
CU00484,Customer 00484,Value Seekers,West,Corporate Sales
CU00485,Customer 00485,Value Seekers,Central,Website
CU00486,Customer 00486,Value Seekers,Central,Social
CU00487,Customer 00487,Gamers,East,Website
CU00488,Customer 00488,Home Makers,West,Website
CU00489,Customer 00489,Home Makers,North,Website
CU00490,Customer 00490,Professionals,Central,Social
CU00491,Customer 00491,Corporate,West,Referral
CU00492,Customer 00492,Home Makers,West,Website
CU00493,Customer 00493,Value Seekers,West,Store
CU00494,Customer 00494,Value Seekers,North,Website
CU00495,Customer 00495,Value Seekers,West,Website
CU00496,Customer 00496,Corporate,North,Store
CU00497,Customer 00497,Corporate,West,Website
CU00498,Customer 00498,Professionals,West,Website
CU00499,Customer 00499,Value Seekers,North,Social
CU00500,Customer 00500,Corporate,Central,Store
CU00501,Customer 00501,Professionals,East,Social
CU00502,Customer 00502,Home Makers,North,Corporate Sales
CU00503,Customer 00503,Home Makers,North,Referral
CU00504,Customer 00504,Home Makers,Central,Store
CU00505,Customer 00505,Value Seekers,North,Referral
CU00506,Customer 00506,Home Makers,North,Website
CU00507,Customer 00507,Value Seekers,North,Social
CU00508,Customer 00508,Professionals,North,Website
CU00509,Customer 00509,Corporate,Central,Corporate Sales
CU00510,Customer 00510,Home Makers,North,Social
CU00511,Customer 00511,Home Makers,Central,Website
CU00512,Customer 00512,Home Makers,North,Referral
CU00513,Customer 00513,Value Seekers,West,Referral
CU00514,Customer 00514,Home Makers,West,Store
CU00515,Customer 00515,Value Seekers,Central,Store
CU00516,Customer 00516,Professionals,East,Social
CU00517,Customer 00517,Professionals,Central,Website
CU00518,Customer 00518,Corporate,West,Store
CU00519,Customer 00519,Value Seekers,Central,Store
CU00520,Customer 00520,Gamers,North,Social
CU00521,Customer 00521,Professionals,East,Social
CU00522,Customer 00522,Value Seekers,North,Website
CU00523,Customer 00523,Value Seekers,North,Website
CU00524,Customer 00524,Premium,Central,Store
CU00525,Customer 00525,Home Makers,West,Referral
CU00526,Customer 00526,Value Seekers,East,Website
CU00527,Customer 00527,Professionals,North,Store
CU00528,Customer 00528,Value Seekers,West,Website
CU00529,Customer 00529,Premium,Central,Website
CU00530,Customer 00530,Value Seekers,East,Referral
CU00531,Customer 00531,Professionals,North,Store
CU00532,Customer 00532,Value Seekers,East,Social
CU00533,Customer 00533,Premium,Central,Store
CU00534,Customer 00534,Professionals,Central,Store
CU00535,Customer 00535,Gamers,East,Store
CU00536,Customer 00536,Value Seekers,North,Referral
CU00537,Customer 00537,Corporate,West,Referral
CU00538,Customer 00538,Home Makers,West,Store
CU00539,Customer 00539,Corporate,West,Website
CU00540,Customer 00540,Professionals,Central,Store
CU00541,Customer 00541,Professionals,Central,Store
CU00542,Customer 00542,Value Seekers,Central,Website
CU00543,Customer 00543,Value Seekers,West,Store
CU00544,Customer 00544,Value Seekers,East,Store
CU00545,Customer 00545,Professionals,West,Corporate Sales
CU00546,Customer 00546,Corporate,North,Website
CU00547,Customer 00547,Professionals,East,Store
CU00548,Customer 00548,Professionals,West,Store
CU00549,Customer 00549,Value Seekers,West,Social
CU00550,Customer 00550,Home Makers,West,Social
CU00551,Customer 00551,Value Seekers,Central,Store
CU00552,Customer 00552,Value Seekers,North,Social
CU00553,Customer 00553,Premium,West,Store
CU00554,Customer 00554,Corporate,North,Referral
CU00555,Customer 00555,Value Seekers,West,Social
CU00556,Customer 00556,Value Seekers,East,Website
CU00557,Customer 00557,Home Makers,East,Social
CU00558,Customer 00558,Premium,East,Website
CU00559,Customer 00559,Value Seekers,West,Corporate Sales
CU00560,Customer 00560,Home Makers,West,Website
CU00561,Customer 00561,Professionals,Central,Corporate Sales
CU00562,Customer 00562,Home Makers,West,Store
CU00563,Customer 00563,Value Seekers,West,Referral
CU00564,Customer 00564,Home Makers,East,Website
CU00565,Customer 00565,Gamers,West,Store
CU00566,Customer 00566,Premium,West,Social
CU00567,Customer 00567,Value Seekers,North,Social
CU00568,Customer 00568,Gamers,West,Store
CU00569,Customer 00569,Value Seekers,Central,Website
CU00570,Customer 00570,Value Seekers,West,Website
CU00571,Customer 00571,Premium,West,Store
CU00572,Customer 00572,Value Seekers,East,Social
CU00573,Customer 00573,Home Makers,North,Referral
CU00574,Customer 00574,Home Makers,North,Website
CU00575,Customer 00575,Gamers,East,Corporate Sales
CU00576,Customer 00576,Corporate,East,Social
CU00577,Customer 00577,Gamers,East,Website
CU00578,Customer 00578,Home Makers,Central,Referral
CU00579,Customer 00579,Gamers,West,Website
CU00580,Customer 00580,Home Makers,West,Website
CU00581,Customer 00581,Premium,Central,Website
CU00582,Customer 00582,Home Makers,West,Corporate Sales
CU00583,Customer 00583,Professionals,West,Store
CU00584,Customer 00584,Value Seekers,North,Store
CU00585,Customer 00585,Home Makers,West,Website
CU00586,Customer 00586,Premium,East,Social
CU00587,Customer 00587,Home Makers,East,Store
CU00588,Customer 00588,Professionals,East,Website
CU00589,Customer 00589,Value Seekers,East,Corporate Sales
CU00590,Customer 00590,Premium,North,Website
CU00591,Customer 00591,Professionals,West,Corporate Sales
CU00592,Customer 00592,Professionals,West,Store
CU00593,Customer 00593,Home Makers,East,Website
CU00594,Customer 00594,Home Makers,North,Website
CU00595,Customer 00595,Corporate,North,Social
CU00596,Customer 00596,Home Makers,West,Corporate Sales
CU00597,Customer 00597,Premium,East,Corporate Sales
CU00598,Customer 00598,Gamers,Central,Website
CU00599,Customer 00599,Home Makers,West,Store
CU00600,Customer 00600,Corporate,West,Store
CU00601,Customer 00601,Professionals,West,Social
CU00602,Customer 00602,Corporate,East,Referral
CU00603,Customer 00603,Premium,North,Website
CU00604,Customer 00604,Professionals,Central,Social
CU00605,Customer 00605,Gamers,North,Store
CU00606,Customer 00606,Value Seekers,North,Store
CU00607,Customer 00607,Gamers,North,Social
CU00608,Customer 00608,Home Makers,North,Corporate Sales
CU00609,Customer 00609,Value Seekers,East,Social
CU00610,Customer 00610,Home Makers,East,Social
CU00611,Customer 00611,Premium,West,Store
CU00612,Customer 00612,Home Makers,North,Store
CU00613,Customer 00613,Professionals,West,Website
CU00614,Customer 00614,Home Makers,East,Social
CU00615,Customer 00615,Professionals,Central,Store
CU00616,Customer 00616,Value Seekers,West,Social
CU00617,Customer 00617,Corporate,East,Website
CU00618,Customer 00618,Premium,West,Corporate Sales
CU00619,Customer 00619,Gamers,West,Website
CU00620,Customer 00620,Value Seekers,Central,Referral
CU00621,Customer 00621,Value Seekers,Central,Website
CU00622,Customer 00622,Gamers,West,Store
CU00623,Customer 00623,Gamers,East,Store
CU00624,Customer 00624,Home Makers,Central,Social
CU00625,Customer 00625,Professionals,East,Store
CU00626,Customer 00626,Professionals,Central,Corporate Sales
CU00627,Customer 00627,Professionals,Central,Website
CU00628,Customer 00628,Professionals,North,Corporate Sales
CU00629,Customer 00629,Value Seekers,North,Social
CU00630,Customer 00630,Gamers,North,Corporate Sales
CU00631,Customer 00631,Value Seekers,West,Corporate Sales
CU00632,Customer 00632,Home Makers,Central,Store
CU00633,Customer 00633,Gamers,North,Corporate Sales
CU00634,Customer 00634,Home Makers,North,Website
CU00635,Customer 00635,Gamers,West,Store
CU00636,Customer 00636,Value Seekers,North,Store
CU00637,Customer 00637,Professionals,Central,Store
CU00638,Customer 00638,Gamers,East,Referral
CU00639,Customer 00639,Home Makers,Central,Social
CU00640,Customer 00640,Home Makers,West,Store
CU00641,Customer 00641,Home Makers,North,Store
CU00642,Customer 00642,Value Seekers,North,Website
CU00643,Customer 00643,Professionals,West,Social
CU00644,Customer 00644,Value Seekers,East,Store
CU00645,Customer 00645,Home Makers,Central,Social
CU00646,Customer 00646,Corporate,East,Website
CU00647,Customer 00647,Value Seekers,West,Store
CU00648,Customer 00648,Premium,North,Store
CU00649,Customer 00649,Professionals,Central,Website
CU00650,Customer 00650,Value Seekers,East,Social
CU00651,Customer 00651,Professionals,West,Website
CU00652,Customer 00652,Professionals,East,Corporate Sales
CU00653,Customer 00653,Value Seekers,East,Store
CU00654,Customer 00654,Value Seekers,West,Corporate Sales
CU00655,Customer 00655,Value Seekers,West,Website
CU00656,Customer 00656,Home Makers,West,Store
CU00657,Customer 00657,Gamers,West,Corporate Sales
CU00658,Customer 00658,Premium,West,Website
CU00659,Customer 00659,Value Seekers,Central,Website
CU00660,Customer 00660,Value Seekers,West,Corporate Sales
CU00661,Customer 00661,Value Seekers,Central,Website
CU00662,Customer 00662,Corporate,East,Referral
CU00663,Customer 00663,Value Seekers,West,Store
CU00664,Customer 00664,Premium,East,Social
CU00665,Customer 00665,Premium,West,Website
CU00666,Customer 00666,Home Makers,West,Social
CU00667,Customer 00667,Professionals,West,Store
CU00668,Customer 00668,Premium,Central,Store
CU00669,Customer 00669,Value Seekers,West,Corporate Sales
CU00670,Customer 00670,Professionals,North,Website
CU00671,Customer 00671,Value Seekers,North,Social
CU00672,Customer 00672,Corporate,Central,Social
CU00673,Customer 00673,Premium,Central,Social
CU00674,Customer 00674,Premium,North,Corporate Sales
CU00675,Customer 00675,Value Seekers,Central,Store
CU00676,Customer 00676,Gamers,West,Social
CU00677,Customer 00677,Professionals,West,Store
CU00678,Customer 00678,Gamers,Central,Social
CU00679,Customer 00679,Gamers,East,Social
CU00680,Customer 00680,Value Seekers,West,Social
CU00681,Customer 00681,Premium,West,Social
CU00682,Customer 00682,Value Seekers,Central,Store
CU00683,Customer 00683,Value Seekers,West,Store
CU00684,Customer 00684,Premium,West,Referral
CU00685,Customer 00685,Home Makers,North,Website
CU00686,Customer 00686,Professionals,Central,Referral
CU00687,Customer 00687,Home Makers,North,Store
CU00688,Customer 00688,Professionals,West,Social
CU00689,Customer 00689,Premium,North,Website
CU00690,Customer 00690,Premium,North,Referral
CU00691,Customer 00691,Value Seekers,West,Social
CU00692,Customer 00692,Professionals,Central,Referral
CU00693,Customer 00693,Premium,East,Website
CU00694,Customer 00694,Home Makers,West,Store
CU00695,Customer 00695,Home Makers,East,Corporate Sales
CU00696,Customer 00696,Professionals,West,Referral
CU00697,Customer 00697,Home Makers,West,Corporate Sales
CU00698,Customer 00698,Value Seekers,East,Referral
CU00699,Customer 00699,Value Seekers,Central,Store
CU00700,Customer 00700,Premium,East,Website
CU00701,Customer 00701,Professionals,North,Store
CU00702,Customer 00702,Value Seekers,North,Referral
CU00703,Customer 00703,Home Makers,West,Website
CU00704,Customer 00704,Home Makers,East,Website
CU00705,Customer 00705,Premium,West,Corporate Sales
CU00706,Customer 00706,Value Seekers,East,Referral
CU00707,Customer 00707,Gamers,North,Store
CU00708,Customer 00708,Corporate,East,Store
CU00709,Customer 00709,Value Seekers,North,Corporate Sales
CU00710,Customer 00710,Premium,West,Website
CU00711,Customer 00711,Premium,West,Website
CU00712,Customer 00712,Home Makers,West,Website
CU00713,Customer 00713,Professionals,West,Referral
CU00714,Customer 00714,Value Seekers,East,Store
CU00715,Customer 00715,Value Seekers,West,Store
CU00716,Customer 00716,Professionals,West,Store
CU00717,Customer 00717,Home Makers,East,Store
CU00718,Customer 00718,Value Seekers,Central,Social
CU00719,Customer 00719,Professionals,West,Referral
CU00720,Customer 00720,Gamers,East,Store
CU00721,Customer 00721,Home Makers,North,Social
CU00722,Customer 00722,Professionals,Central,Referral
CU00723,Customer 00723,Professionals,North,Store
CU00724,Customer 00724,Gamers,West,Website
CU00725,Customer 00725,Home Makers,West,Store
CU00726,Customer 00726,Gamers,West,Website
CU00727,Customer 00727,Corporate,West,Store
CU00728,Customer 00728,Professionals,West,Website
CU00729,Customer 00729,Home Makers,Central,Referral
CU00730,Customer 00730,Premium,North,Referral
CU00731,Customer 00731,Professionals,North,Store
CU00732,Customer 00732,Home Makers,West,Corporate Sales
CU00733,Customer 00733,Premium,Central,Referral
CU00734,Customer 00734,Value Seekers,East,Store
CU00735,Customer 00735,Corporate,West,Corporate Sales
CU00736,Customer 00736,Home Makers,West,Referral
CU00737,Customer 00737,Gamers,North,Social
CU00738,Customer 00738,Gamers,East,Store
CU00739,Customer 00739,Home Makers,West,Website
CU00740,Customer 00740,Professionals,North,Referral
CU00741,Customer 00741,Professionals,Central,Social
CU00742,Customer 00742,Home Makers,West,Website
CU00743,Customer 00743,Home Makers,East,Social
CU00744,Customer 00744,Home Makers,Central,Corporate Sales
CU00745,Customer 00745,Gamers,West,Store
CU00746,Customer 00746,Professionals,West,Website
CU00747,Customer 00747,Home Makers,West,Website
CU00748,Customer 00748,Corporate,Central,Store
CU00749,Customer 00749,Gamers,Central,Website
CU00750,Customer 00750,Value Seekers,North,Store
CU00751,Customer 00751,Professionals,Central,Corporate Sales
CU00752,Customer 00752,Professionals,West,Corporate Sales
CU00753,Customer 00753,Home Makers,Central,Social
CU00754,Customer 00754,Home Makers,West,Website
CU00755,Customer 00755,Value Seekers,West,Social
CU00756,Customer 00756,Home Makers,West,Store
CU00757,Customer 00757,Corporate,West,Store
CU00758,Customer 00758,Value Seekers,West,Corporate Sales
CU00759,Customer 00759,Professionals,North,Store
CU00760,Customer 00760,Home Makers,Central,Corporate Sales
CU00761,Customer 00761,Premium,Central,Social
CU00762,Customer 00762,Home Makers,East,Corporate Sales
CU00763,Customer 00763,Premium,West,Store
CU00764,Customer 00764,Value Seekers,East,Website
CU00765,Customer 00765,Professionals,West,Store
CU00766,Customer 00766,Professionals,West,Corporate Sales
CU00767,Customer 00767,Premium,Central,Store
CU00768,Customer 00768,Value Seekers,West,Website
CU00769,Customer 00769,Value Seekers,Central,Store
CU00770,Customer 00770,Professionals,East,Store
CU00771,Customer 00771,Value Seekers,East,Store
CU00772,Customer 00772,Gamers,North,Social
CU00773,Customer 00773,Premium,West,Referral
CU00774,Customer 00774,Premium,West,Website
CU00775,Customer 00775,Value Seekers,Central,Website
CU00776,Customer 00776,Corporate,West,Website
CU00777,Customer 00777,Premium,West,Store
CU00778,Customer 00778,Value Seekers,North,Website
CU00779,Customer 00779,Home Makers,West,Website
CU00780,Customer 00780,Professionals,Central,Corporate Sales
CU00781,Customer 00781,Home Makers,Central,Referral
CU00782,Customer 00782,Home Makers,West,Store
CU00783,Customer 00783,Corporate,East,Referral
CU00784,Customer 00784,Value Seekers,North,Corporate Sales
CU00785,Customer 00785,Home Makers,West,Social
CU00786,Customer 00786,Gamers,North,Store
CU00787,Customer 00787,Professionals,East,Store
CU00788,Customer 00788,Value Seekers,West,Social
CU00789,Customer 00789,Professionals,East,Website
CU00790,Customer 00790,Home Makers,West,Website
CU00791,Customer 00791,Gamers,North,Store
CU00792,Customer 00792,Professionals,North,Social
CU00793,Customer 00793,Premium,West,Store
CU00794,Customer 00794,Premium,Central,Website
CU00795,Customer 00795,Professionals,East,Referral
CU00796,Customer 00796,Premium,West,Website
CU00797,Customer 00797,Value Seekers,West,Store
CU00798,Customer 00798,Value Seekers,West,Corporate Sales
CU00799,Customer 00799,Home Makers,Central,Website
CU00800,Customer 00800,Value Seekers,West,Referral
CU00801,Customer 00801,Gamers,East,Website
CU00802,Customer 00802,Professionals,East,Store
CU00803,Customer 00803,Corporate,East,Corporate Sales
CU00804,Customer 00804,Value Seekers,West,Website
CU00805,Customer 00805,Value Seekers,East,Website
CU00806,Customer 00806,Home Makers,Central,Social
CU00807,Customer 00807,Home Makers,West,Website
CU00808,Customer 00808,Home Makers,West,Website
CU00809,Customer 00809,Value Seekers,West,Store
CU00810,Customer 00810,Value Seekers,West,Store
CU00811,Customer 00811,Home Makers,Central,Website
CU00812,Customer 00812,Value Seekers,East,Website
CU00813,Customer 00813,Professionals,East,Store
CU00814,Customer 00814,Professionals,East,Referral
CU00815,Customer 00815,Value Seekers,North,Corporate Sales
CU00816,Customer 00816,Professionals,West,Website
CU00817,Customer 00817,Premium,West,Website
CU00818,Customer 00818,Value Seekers,North,Referral
CU00819,Customer 00819,Home Makers,North,Website
CU00820,Customer 00820,Home Makers,West,Referral
CU00821,Customer 00821,Gamers,West,Website
CU00822,Customer 00822,Home Makers,Central,Social
CU00823,Customer 00823,Value Seekers,West,Store
CU00824,Customer 00824,Value Seekers,West,Corporate Sales
CU00825,Customer 00825,Professionals,North,Store
CU00826,Customer 00826,Value Seekers,North,Website
CU00827,Customer 00827,Premium,West,Store
CU00828,Customer 00828,Home Makers,West,Referral
CU00829,Customer 00829,Premium,West,Store
CU00830,Customer 00830,Corporate,Central,Website
CU00831,Customer 00831,Value Seekers,East,Store
CU00832,Customer 00832,Home Makers,West,Referral
CU00833,Customer 00833,Premium,West,Website
CU00834,Customer 00834,Home Makers,East,Social
CU00835,Customer 00835,Premium,Central,Corporate Sales
CU00836,Customer 00836,Value Seekers,Central,Social
CU00837,Customer 00837,Corporate,North,Referral
CU00838,Customer 00838,Professionals,North,Website
CU00839,Customer 00839,Gamers,East,Social
CU00840,Customer 00840,Professionals,Central,Store
CU00841,Customer 00841,Home Makers,East,Website
CU00842,Customer 00842,Home Makers,Central,Website
CU00843,Customer 00843,Home Makers,Central,Store
CU00844,Customer 00844,Premium,North,Website
CU00845,Customer 00845,Gamers,West,Website
CU00846,Customer 00846,Corporate,West,Website
CU00847,Customer 00847,Home Makers,East,Website
CU00848,Customer 00848,Professionals,Central,Social
CU00849,Customer 00849,Gamers,West,Website
CU00850,Customer 00850,Professionals,West,Website
CU00851,Customer 00851,Premium,Central,Corporate Sales
CU00852,Customer 00852,Value Seekers,Central,Website
CU00853,Customer 00853,Corporate,North,Corporate Sales
CU00854,Customer 00854,Corporate,East,Corporate Sales
CU00855,Customer 00855,Gamers,West,Social
CU00856,Customer 00856,Gamers,North,Store
CU00857,Customer 00857,Corporate,North,Store
CU00858,Customer 00858,Corporate,Central,Corporate Sales
CU00859,Customer 00859,Gamers,Central,Store
CU00860,Customer 00860,Professionals,West,Store
CU00861,Customer 00861,Professionals,East,Store
CU00862,Customer 00862,Professionals,West,Store
CU00863,Customer 00863,Home Makers,North,Website
CU00864,Customer 00864,Home Makers,Central,Website
CU00865,Customer 00865,Gamers,West,Referral
CU00866,Customer 00866,Value Seekers,East,Website
CU00867,Customer 00867,Home Makers,North,Social
CU00868,Customer 00868,Value Seekers,North,Website
CU00869,Customer 00869,Home Makers,Central,Corporate Sales
CU00870,Customer 00870,Premium,East,Referral
CU00871,Customer 00871,Home Makers,East,Corporate Sales
CU00872,Customer 00872,Corporate,West,Referral
CU00873,Customer 00873,Value Seekers,West,Social
CU00874,Customer 00874,Home Makers,East,Website
CU00875,Customer 00875,Professionals,Central,Website
CU00876,Customer 00876,Home Makers,West,Website
CU00877,Customer 00877,Premium,North,Store
CU00878,Customer 00878,Professionals,Central,Social
CU00879,Customer 00879,Home Makers,West,Social
CU00880,Customer 00880,Value Seekers,West,Referral
CU00881,Customer 00881,Value Seekers,Central,Corporate Sales
CU00882,Customer 00882,Home Makers,East,Social
CU00883,Customer 00883,Home Makers,West,Social
CU00884,Customer 00884,Professionals,West,Store
CU00885,Customer 00885,Professionals,North,Website
CU00886,Customer 00886,Corporate,West,Referral
CU00887,Customer 00887,Value Seekers,Central,Referral
CU00888,Customer 00888,Value Seekers,East,Store
CU00889,Customer 00889,Professionals,Central,Social
CU00890,Customer 00890,Professionals,West,Website
CU00891,Customer 00891,Professionals,East,Website
CU00892,Customer 00892,Home Makers,West,Website
CU00893,Customer 00893,Corporate,West,Referral
CU00894,Customer 00894,Professionals,West,Website
CU00895,Customer 00895,Value Seekers,Central,Website
CU00896,Customer 00896,Value Seekers,East,Store
CU00897,Customer 00897,Home Makers,West,Referral
CU00898,Customer 00898,Value Seekers,Central,Website
CU00899,Customer 00899,Home Makers,Central,Store
CU00900,Customer 00900,Corporate,East,Referral
CU00901,Customer 00901,Gamers,East,Website
CU00902,Customer 00902,Gamers,East,Website
CU00903,Customer 00903,Value Seekers,West,Corporate Sales
CU00904,Customer 00904,Premium,West,Store
CU00905,Customer 00905,Professionals,East,Store
CU00906,Customer 00906,Premium,West,Social
CU00907,Customer 00907,Home Makers,Central,Store
CU00908,Customer 00908,Value Seekers,East,Social
CU00909,Customer 00909,Corporate,East,Store
CU00910,Customer 00910,Value Seekers,West,Store
CU00911,Customer 00911,Professionals,West,Referral
CU00912,Customer 00912,Corporate,Central,Store
CU00913,Customer 00913,Value Seekers,West,Corporate Sales
CU00914,Customer 00914,Home Makers,West,Website
CU00915,Customer 00915,Value Seekers,East,Referral
CU00916,Customer 00916,Premium,Central,Website
CU00917,Customer 00917,Value Seekers,Central,Social
CU00918,Customer 00918,Professionals,East,Store
CU00919,Customer 00919,Gamers,Central,Website
CU00920,Customer 00920,Home Makers,East,Store
CU00921,Customer 00921,Professionals,Central,Social
CU00922,Customer 00922,Home Makers,North,Store
CU00923,Customer 00923,Professionals,West,Website
CU00924,Customer 00924,Value Seekers,East,Store
CU00925,Customer 00925,Professionals,East,Social
CU00926,Customer 00926,Value Seekers,Central,Website
CU00927,Customer 00927,Value Seekers,North,Social
CU00928,Customer 00928,Professionals,West,Referral
CU00929,Customer 00929,Gamers,West,Store
CU00930,Customer 00930,Home Makers,North,Store
CU00931,Customer 00931,Professionals,West,Store
CU00932,Customer 00932,Home Makers,North,Referral
CU00933,Customer 00933,Corporate,East,Store
CU00934,Customer 00934,Gamers,North,Referral
CU00935,Customer 00935,Value Seekers,North,Website
CU00936,Customer 00936,Professionals,West,Corporate Sales
CU00937,Customer 00937,Premium,West,Website
CU00938,Customer 00938,Corporate,North,Referral
CU00939,Customer 00939,Value Seekers,East,Social
CU00940,Customer 00940,Home Makers,West,Website
CU00941,Customer 00941,Professionals,West,Website
CU00942,Customer 00942,Professionals,East,Corporate Sales
CU00943,Customer 00943,Gamers,North,Website
CU00944,Customer 00944,Corporate,West,Website
CU00945,Customer 00945,Gamers,East,Store
CU00946,Customer 00946,Professionals,North,Corporate Sales
CU00947,Customer 00947,Professionals,East,Store
CU00948,Customer 00948,Gamers,West,Website
CU00949,Customer 00949,Gamers,Central,Corporate Sales
CU00950,Customer 00950,Premium,North,Corporate Sales
CU00951,Customer 00951,Value Seekers,Central,Website
CU00952,Customer 00952,Gamers,East,Store
CU00953,Customer 00953,Home Makers,North,Social
CU00954,Customer 00954,Professionals,West,Corporate Sales
CU00955,Customer 00955,Home Makers,Central,Website
CU00956,Customer 00956,Value Seekers,Central,Website
CU00957,Customer 00957,Premium,West,Website
CU00958,Customer 00958,Value Seekers,Central,Social
CU00959,Customer 00959,Professionals,West,Store
CU00960,Customer 00960,Premium,West,Store
CU00961,Customer 00961,Gamers,West,Store
CU00962,Customer 00962,Premium,North,Store
CU00963,Customer 00963,Value Seekers,North,Website
CU00964,Customer 00964,Professionals,West,Website
CU00965,Customer 00965,Premium,West,Store
CU00966,Customer 00966,Gamers,East,Website
CU00967,Customer 00967,Corporate,Central,Store
CU00968,Customer 00968,Value Seekers,Central,Social
CU00969,Customer 00969,Professionals,East,Store
CU00970,Customer 00970,Value Seekers,West,Website
CU00971,Customer 00971,Home Makers,Central,Social
CU00972,Customer 00972,Gamers,West,Referral
CU00973,Customer 00973,Value Seekers,East,Store
CU00974,Customer 00974,Home Makers,East,Website
CU00975,Customer 00975,Value Seekers,West,Social
CU00976,Customer 00976,Value Seekers,Central,Website
CU00977,Customer 00977,Value Seekers,West,Social
CU00978,Customer 00978,Premium,West,Social
CU00979,Customer 00979,Premium,West,Corporate Sales
CU00980,Customer 00980,Premium,East,Referral
CU00981,Customer 00981,Value Seekers,West,Website
CU00982,Customer 00982,Professionals,North,Website
CU00983,Customer 00983,Value Seekers,Central,Store
CU00984,Customer 00984,Value Seekers,North,Website
CU00985,Customer 00985,Professionals,West,Social
CU00986,Customer 00986,Gamers,West,Referral
CU00987,Customer 00987,Value Seekers,East,Referral
CU00988,Customer 00988,Corporate,Central,Referral
CU00989,Customer 00989,Home Makers,West,Corporate Sales
CU00990,Customer 00990,Value Seekers,North,Referral
CU00991,Customer 00991,Gamers,West,Website
CU00992,Customer 00992,Value Seekers,East,Store
CU00993,Customer 00993,Value Seekers,East,Social
CU00994,Customer 00994,Gamers,North,Store
CU00995,Customer 00995,Professionals,East,Website
CU00996,Customer 00996,Premium,North,Website
CU00997,Customer 00997,Value Seekers,East,Social
CU00998,Customer 00998,Professionals,North,Website
CU00999,Customer 00999,Professionals,Central,Website
CU01000,Customer 01000,Home Makers,North,Website
CU01001,Customer 01001,Home Makers,East,Website
CU01002,Customer 01002,Premium,West,Website
CU01003,Customer 01003,Professionals,Central,Store
CU01004,Customer 01004,Gamers,West,Social
CU01005,Customer 01005,Gamers,East,Store
CU01006,Customer 01006,Professionals,West,Referral
CU01007,Customer 01007,Value Seekers,East,Social
CU01008,Customer 01008,Premium,East,Website
CU01009,Customer 01009,Home Makers,North,Store
CU01010,Customer 01010,Professionals,West,Corporate Sales
CU01011,Customer 01011,Professionals,West,Referral
CU01012,Customer 01012,Premium,East,Website
CU01013,Customer 01013,Home Makers,West,Store
CU01014,Customer 01014,Value Seekers,West,Website
CU01015,Customer 01015,Value Seekers,West,Store
CU01016,Customer 01016,Value Seekers,Central,Social
CU01017,Customer 01017,Home Makers,East,Social
CU01018,Customer 01018,Professionals,Central,Corporate Sales
CU01019,Customer 01019,Home Makers,North,Referral
CU01020,Customer 01020,Value Seekers,Central,Website
CU01021,Customer 01021,Premium,Central,Referral
CU01022,Customer 01022,Gamers,Central,Website
CU01023,Customer 01023,Value Seekers,North,Referral
CU01024,Customer 01024,Value Seekers,West,Corporate Sales
CU01025,Customer 01025,Gamers,West,Website
CU01026,Customer 01026,Home Makers,West,Website
CU01027,Customer 01027,Home Makers,West,Store
CU01028,Customer 01028,Value Seekers,East,Website
CU01029,Customer 01029,Professionals,East,Social
CU01030,Customer 01030,Premium,Central,Store
CU01031,Customer 01031,Gamers,North,Store
CU01032,Customer 01032,Gamers,East,Store
CU01033,Customer 01033,Value Seekers,West,Website
CU01034,Customer 01034,Value Seekers,East,Store
CU01035,Customer 01035,Professionals,North,Corporate Sales
CU01036,Customer 01036,Value Seekers,Central,Store
CU01037,Customer 01037,Gamers,East,Corporate Sales
CU01038,Customer 01038,Gamers,East,Website
CU01039,Customer 01039,Home Makers,East,Website
CU01040,Customer 01040,Professionals,West,Website
CU01041,Customer 01041,Professionals,West,Corporate Sales
CU01042,Customer 01042,Home Makers,North,Website
CU01043,Customer 01043,Value Seekers,West,Store
CU01044,Customer 01044,Value Seekers,East,Website
CU01045,Customer 01045,Value Seekers,West,Corporate Sales
CU01046,Customer 01046,Gamers,West,Website
CU01047,Customer 01047,Professionals,East,Website
CU01048,Customer 01048,Gamers,West,Store
CU01049,Customer 01049,Value Seekers,East,Store
CU01050,Customer 01050,Professionals,North,Store
CU01051,Customer 01051,Home Makers,West,Website
CU01052,Customer 01052,Professionals,North,Store
CU01053,Customer 01053,Professionals,West,Website
CU01054,Customer 01054,Value Seekers,West,Corporate Sales
CU01055,Customer 01055,Value Seekers,West,Corporate Sales
CU01056,Customer 01056,Corporate,Central,Store
CU01057,Customer 01057,Professionals,West,Website
CU01058,Customer 01058,Premium,Central,Referral
CU01059,Customer 01059,Value Seekers,Central,Store
CU01060,Customer 01060,Corporate,West,Website
CU01061,Customer 01061,Home Makers,North,Website
CU01062,Customer 01062,Home Makers,East,Social
CU01063,Customer 01063,Professionals,East,Website
CU01064,Customer 01064,Premium,East,Store
CU01065,Customer 01065,Value Seekers,North,Store
CU01066,Customer 01066,Gamers,West,Store
CU01067,Customer 01067,Value Seekers,West,Social
CU01068,Customer 01068,Corporate,East,Social
CU01069,Customer 01069,Value Seekers,West,Website
CU01070,Customer 01070,Gamers,Central,Corporate Sales
CU01071,Customer 01071,Home Makers,West,Website
CU01072,Customer 01072,Corporate,Central,Store
CU01073,Customer 01073,Value Seekers,East,Social
CU01074,Customer 01074,Premium,West,Store
CU01075,Customer 01075,Value Seekers,West,Corporate Sales
CU01076,Customer 01076,Professionals,West,Store
CU01077,Customer 01077,Value Seekers,East,Website
CU01078,Customer 01078,Professionals,East,Social
CU01079,Customer 01079,Professionals,East,Social
CU01080,Customer 01080,Value Seekers,Central,Website
CU01081,Customer 01081,Premium,East,Store
CU01082,Customer 01082,Value Seekers,Central,Store
CU01083,Customer 01083,Corporate,West,Social
CU01084,Customer 01084,Home Makers,North,Social
CU01085,Customer 01085,Professionals,Central,Social
CU01086,Customer 01086,Gamers,West,Website
CU01087,Customer 01087,Premium,West,Website
CU01088,Customer 01088,Gamers,Central,Corporate Sales
CU01089,Customer 01089,Value Seekers,West,Store
CU01090,Customer 01090,Value Seekers,North,Store
CU01091,Customer 01091,Professionals,Central,Corporate Sales
CU01092,Customer 01092,Premium,Central,Store
CU01093,Customer 01093,Corporate,West,Store
CU01094,Customer 01094,Premium,West,Website
CU01095,Customer 01095,Corporate,Central,Store
CU01096,Customer 01096,Corporate,North,Referral
CU01097,Customer 01097,Premium,West,Website
CU01098,Customer 01098,Home Makers,West,Website
CU01099,Customer 01099,Professionals,North,Corporate Sales
CU01100,Customer 01100,Value Seekers,Central,Social
CU01101,Customer 01101,Professionals,East,Referral
CU01102,Customer 01102,Professionals,West,Website
CU01103,Customer 01103,Professionals,West,Store
CU01104,Customer 01104,Premium,West,Store
CU01105,Customer 01105,Professionals,West,Store
CU01106,Customer 01106,Professionals,North,Social
CU01107,Customer 01107,Professionals,West,Store
CU01108,Customer 01108,Professionals,West,Social
CU01109,Customer 01109,Professionals,East,Website
CU01110,Customer 01110,Home Makers,North,Social
CU01111,Customer 01111,Professionals,Central,Website
CU01112,Customer 01112,Home Makers,West,Store
CU01113,Customer 01113,Gamers,East,Store
CU01114,Customer 01114,Value Seekers,West,Social
CU01115,Customer 01115,Value Seekers,Central,Corporate Sales
CU01116,Customer 01116,Home Makers,North,Social
CU01117,Customer 01117,Value Seekers,West,Social
CU01118,Customer 01118,Value Seekers,West,Store
CU01119,Customer 01119,Home Makers,West,Social
CU01120,Customer 01120,Value Seekers,North,Website
CU01121,Customer 01121,Corporate,North,Social
CU01122,Customer 01122,Gamers,West,Store
CU01123,Customer 01123,Professionals,West,Referral
CU01124,Customer 01124,Value Seekers,North,Social
CU01125,Customer 01125,Professionals,West,Website
CU01126,Customer 01126,Professionals,Central,Website
CU01127,Customer 01127,Corporate,Central,Social
CU01128,Customer 01128,Professionals,West,Store
CU01129,Customer 01129,Home Makers,North,Social
CU01130,Customer 01130,Value Seekers,East,Website
CU01131,Customer 01131,Value Seekers,West,Website
CU01132,Customer 01132,Value Seekers,West,Website
CU01133,Customer 01133,Premium,Central,Store
CU01134,Customer 01134,Gamers,East,Website
CU01135,Customer 01135,Home Makers,West,Website
CU01136,Customer 01136,Home Makers,Central,Website
CU01137,Customer 01137,Professionals,West,Website
CU01138,Customer 01138,Corporate,West,Social
CU01139,Customer 01139,Value Seekers,North,Social
CU01140,Customer 01140,Home Makers,West,Corporate Sales
CU01141,Customer 01141,Value Seekers,West,Store
CU01142,Customer 01142,Professionals,North,Website
CU01143,Customer 01143,Home Makers,West,Store
CU01144,Customer 01144,Corporate,West,Social
CU01145,Customer 01145,Premium,North,Social
CU01146,Customer 01146,Home Makers,Central,Website
CU01147,Customer 01147,Premium,West,Website
CU01148,Customer 01148,Premium,East,Website
CU01149,Customer 01149,Gamers,West,Website
CU01150,Customer 01150,Home Makers,Central,Referral
CU01151,Customer 01151,Value Seekers,North,Store
CU01152,Customer 01152,Professionals,East,Social
CU01153,Customer 01153,Corporate,West,Website
CU01154,Customer 01154,Premium,Central,Social
CU01155,Customer 01155,Value Seekers,West,Referral
CU01156,Customer 01156,Premium,Central,Store
CU01157,Customer 01157,Corporate,West,Store
CU01158,Customer 01158,Value Seekers,West,Store
CU01159,Customer 01159,Corporate,Central,Store
CU01160,Customer 01160,Professionals,West,Corporate Sales
CU01161,Customer 01161,Premium,East,Store
CU01162,Customer 01162,Gamers,Central,Referral
CU01163,Customer 01163,Home Makers,North,Social
CU01164,Customer 01164,Professionals,West,Store
CU01165,Customer 01165,Corporate,North,Referral
CU01166,Customer 01166,Corporate,North,Website
CU01167,Customer 01167,Professionals,West,Website
CU01168,Customer 01168,Corporate,West,Social
CU01169,Customer 01169,Professionals,West,Store
CU01170,Customer 01170,Value Seekers,East,Social
CU01171,Customer 01171,Corporate,Central,Store
CU01172,Customer 01172,Premium,North,Website
CU01173,Customer 01173,Value Seekers,West,Referral
CU01174,Customer 01174,Value Seekers,Central,Corporate Sales
CU01175,Customer 01175,Professionals,East,Website
CU01176,Customer 01176,Professionals,North,Referral
CU01177,Customer 01177,Home Makers,Central,Website
CU01178,Customer 01178,Value Seekers,West,Website
CU01179,Customer 01179,Home Makers,West,Social
CU01180,Customer 01180,Home Makers,North,Website
CU01181,Customer 01181,Gamers,Central,Referral
CU01182,Customer 01182,Value Seekers,East,Corporate Sales
CU01183,Customer 01183,Value Seekers,West,Store
CU01184,Customer 01184,Value Seekers,West,Referral
CU01185,Customer 01185,Premium,Central,Store
CU01186,Customer 01186,Premium,West,Social
CU01187,Customer 01187,Premium,Central,Website
CU01188,Customer 01188,Premium,West,Store
CU01189,Customer 01189,Premium,East,Social
CU01190,Customer 01190,Premium,North,Social
CU01191,Customer 01191,Professionals,Central,Store
CU01192,Customer 01192,Corporate,West,Corporate Sales
CU01193,Customer 01193,Home Makers,West,Website
CU01194,Customer 01194,Premium,East,Social
CU01195,Customer 01195,Professionals,East,Website
CU01196,Customer 01196,Gamers,West,Store
CU01197,Customer 01197,Value Seekers,West,Referral
CU01198,Customer 01198,Home Makers,Central,Referral
CU01199,Customer 01199,Professionals,North,Social
CU01200,Customer 01200,Home Makers,Central,Website
CU01201,Customer 01201,Home Makers,Central,Store
CU01202,Customer 01202,Home Makers,West,Referral
CU01203,Customer 01203,Corporate,North,Corporate Sales
CU01204,Customer 01204,Value Seekers,West,Website
CU01205,Customer 01205,Home Makers,West,Website
CU01206,Customer 01206,Value Seekers,Central,Social
CU01207,Customer 01207,Value Seekers,North,Referral
CU01208,Customer 01208,Premium,East,Corporate Sales
CU01209,Customer 01209,Value Seekers,North,Referral
CU01210,Customer 01210,Gamers,West,Store
CU01211,Customer 01211,Value Seekers,East,Referral
CU01212,Customer 01212,Professionals,North,Referral
CU01213,Customer 01213,Home Makers,East,Store
CU01214,Customer 01214,Premium,West,Website
CU01215,Customer 01215,Professionals,Central,Website
CU01216,Customer 01216,Home Makers,North,Store
CU01217,Customer 01217,Gamers,West,Social
CU01218,Customer 01218,Value Seekers,Central,Website
CU01219,Customer 01219,Value Seekers,Central,Corporate Sales
CU01220,Customer 01220,Gamers,East,Referral
CU01221,Customer 01221,Value Seekers,West,Store
CU01222,Customer 01222,Home Makers,East,Store
CU01223,Customer 01223,Professionals,Central,Social
CU01224,Customer 01224,Value Seekers,West,Referral
CU01225,Customer 01225,Corporate,West,Store
CU01226,Customer 01226,Home Makers,West,Referral
CU01227,Customer 01227,Gamers,West,Website
CU01228,Customer 01228,Professionals,North,Corporate Sales
CU01229,Customer 01229,Corporate,West,Store
CU01230,Customer 01230,Home Makers,East,Store
CU01231,Customer 01231,Corporate,West,Store
CU01232,Customer 01232,Professionals,Central,Website
CU01233,Customer 01233,Gamers,East,Store
CU01234,Customer 01234,Professionals,Central,Website
CU01235,Customer 01235,Gamers,West,Referral
CU01236,Customer 01236,Gamers,West,Website
CU01237,Customer 01237,Professionals,West,Store
CU01238,Customer 01238,Value Seekers,North,Referral
CU01239,Customer 01239,Premium,North,Store
CU01240,Customer 01240,Gamers,North,Website
CU01241,Customer 01241,Premium,Central,Corporate Sales
CU01242,Customer 01242,Professionals,West,Store
CU01243,Customer 01243,Corporate,West,Website
CU01244,Customer 01244,Premium,West,Referral
CU01245,Customer 01245,Premium,West,Website
CU01246,Customer 01246,Value Seekers,West,Website
CU01247,Customer 01247,Gamers,West,Corporate Sales
CU01248,Customer 01248,Gamers,West,Store
CU01249,Customer 01249,Professionals,Central,Referral
CU01250,Customer 01250,Gamers,North,Social
CU01251,Customer 01251,Value Seekers,Central,Website
CU01252,Customer 01252,Professionals,Central,Corporate Sales
CU01253,Customer 01253,Premium,West,Referral
CU01254,Customer 01254,Value Seekers,North,Website
CU01255,Customer 01255,Value Seekers,North,Social
CU01256,Customer 01256,Home Makers,West,Referral
CU01257,Customer 01257,Gamers,North,Social
CU01258,Customer 01258,Value Seekers,East,Website
CU01259,Customer 01259,Professionals,West,Referral
CU01260,Customer 01260,Home Makers,East,Website
CU01261,Customer 01261,Premium,West,Store
CU01262,Customer 01262,Professionals,East,Website
CU01263,Customer 01263,Value Seekers,Central,Website
CU01264,Customer 01264,Professionals,West,Website
CU01265,Customer 01265,Value Seekers,Central,Store
CU01266,Customer 01266,Value Seekers,West,Website
CU01267,Customer 01267,Value Seekers,West,Store
CU01268,Customer 01268,Professionals,North,Corporate Sales
CU01269,Customer 01269,Professionals,Central,Corporate Sales
CU01270,Customer 01270,Value Seekers,East,Social
CU01271,Customer 01271,Value Seekers,West,Social
CU01272,Customer 01272,Gamers,West,Social
CU01273,Customer 01273,Home Makers,West,Store
CU01274,Customer 01274,Professionals,Central,Store
CU01275,Customer 01275,Value Seekers,West,Store
CU01276,Customer 01276,Premium,Central,Website
CU01277,Customer 01277,Value Seekers,Central,Website
CU01278,Customer 01278,Professionals,East,Website
CU01279,Customer 01279,Value Seekers,North,Website
CU01280,Customer 01280,Corporate,East,Store
CU01281,Customer 01281,Home Makers,East,Social
CU01282,Customer 01282,Gamers,East,Social
CU01283,Customer 01283,Home Makers,West,Store
CU01284,Customer 01284,Professionals,East,Website
CU01285,Customer 01285,Gamers,East,Website
CU01286,Customer 01286,Premium,North,Store
CU01287,Customer 01287,Value Seekers,North,Store
CU01288,Customer 01288,Home Makers,West,Corporate Sales
CU01289,Customer 01289,Home Makers,West,Website
CU01290,Customer 01290,Premium,West,Website
CU01291,Customer 01291,Gamers,West,Social
CU01292,Customer 01292,Professionals,West,Store
CU01293,Customer 01293,Corporate,North,Corporate Sales
CU01294,Customer 01294,Gamers,West,Social
CU01295,Customer 01295,Premium,North,Store
CU01296,Customer 01296,Home Makers,Central,Referral
CU01297,Customer 01297,Professionals,East,Website
CU01298,Customer 01298,Gamers,East,Corporate Sales
CU01299,Customer 01299,Value Seekers,East,Store
CU01300,Customer 01300,Corporate,West,Website
CU01301,Customer 01301,Professionals,West,Store
CU01302,Customer 01302,Gamers,West,Website
CU01303,Customer 01303,Value Seekers,West,Store
CU01304,Customer 01304,Gamers,West,Website
CU01305,Customer 01305,Premium,Central,Corporate Sales
CU01306,Customer 01306,Value Seekers,North,Referral
CU01307,Customer 01307,Value Seekers,East,Website
CU01308,Customer 01308,Premium,East,Referral
CU01309,Customer 01309,Professionals,North,Social
CU01310,Customer 01310,Value Seekers,Central,Social
CU01311,Customer 01311,Home Makers,North,Social
CU01312,Customer 01312,Home Makers,East,Referral
CU01313,Customer 01313,Professionals,North,Referral
CU01314,Customer 01314,Premium,North,Corporate Sales
CU01315,Customer 01315,Home Makers,West,Store
CU01316,Customer 01316,Corporate,West,Store
CU01317,Customer 01317,Home Makers,West,Referral
CU01318,Customer 01318,Value Seekers,East,Referral
CU01319,Customer 01319,Professionals,East,Website
CU01320,Customer 01320,Gamers,East,Store
CU01321,Customer 01321,Value Seekers,Central,Social
CU01322,Customer 01322,Value Seekers,East,Website
CU01323,Customer 01323,Premium,West,Social
CU01324,Customer 01324,Gamers,Central,Website
CU01325,Customer 01325,Professionals,Central,Website
CU01326,Customer 01326,Home Makers,West,Social
CU01327,Customer 01327,Premium,North,Website
CU01328,Customer 01328,Gamers,West,Website
CU01329,Customer 01329,Gamers,Central,Website
CU01330,Customer 01330,Home Makers,East,Website
CU01331,Customer 01331,Professionals,East,Corporate Sales
CU01332,Customer 01332,Value Seekers,West,Store
CU01333,Customer 01333,Home Makers,East,Social
CU01334,Customer 01334,Professionals,East,Social
CU01335,Customer 01335,Home Makers,Central,Website
CU01336,Customer 01336,Professionals,North,Store
CU01337,Customer 01337,Value Seekers,West,Store
CU01338,Customer 01338,Home Makers,East,Social
CU01339,Customer 01339,Home Makers,Central,Website
CU01340,Customer 01340,Professionals,West,Corporate Sales
CU01341,Customer 01341,Home Makers,North,Referral
CU01342,Customer 01342,Home Makers,North,Store
CU01343,Customer 01343,Corporate,West,Referral
CU01344,Customer 01344,Home Makers,North,Corporate Sales
CU01345,Customer 01345,Home Makers,West,Store
CU01346,Customer 01346,Home Makers,East,Website
CU01347,Customer 01347,Value Seekers,Central,Store
CU01348,Customer 01348,Corporate,North,Social
CU01349,Customer 01349,Gamers,West,Referral
CU01350,Customer 01350,Home Makers,North,Referral
CU01351,Customer 01351,Professionals,East,Website
CU01352,Customer 01352,Premium,West,Social
CU01353,Customer 01353,Value Seekers,West,Referral
CU01354,Customer 01354,Value Seekers,West,Website
CU01355,Customer 01355,Gamers,Central,Referral
CU01356,Customer 01356,Professionals,North,Website
CU01357,Customer 01357,Home Makers,West,Website
CU01358,Customer 01358,Corporate,East,Social
CU01359,Customer 01359,Value Seekers,North,Social
CU01360,Customer 01360,Gamers,Central,Store
CU01361,Customer 01361,Professionals,Central,Website
CU01362,Customer 01362,Value Seekers,Central,Website
CU01363,Customer 01363,Value Seekers,North,Referral
CU01364,Customer 01364,Home Makers,West,Corporate Sales
CU01365,Customer 01365,Value Seekers,West,Store
CU01366,Customer 01366,Corporate,North,Corporate Sales
CU01367,Customer 01367,Premium,Central,Website
CU01368,Customer 01368,Professionals,West,Store
CU01369,Customer 01369,Home Makers,North,Social
CU01370,Customer 01370,Corporate,West,Website
CU01371,Customer 01371,Home Makers,North,Store
CU01372,Customer 01372,Value Seekers,West,Referral
CU01373,Customer 01373,Value Seekers,West,Store
CU01374,Customer 01374,Gamers,East,Social
CU01375,Customer 01375,Home Makers,Central,Social
CU01376,Customer 01376,Gamers,West,Store
CU01377,Customer 01377,Gamers,North,Website
CU01378,Customer 01378,Gamers,East,Social
CU01379,Customer 01379,Professionals,East,Website
CU01380,Customer 01380,Home Makers,North,Website
CU01381,Customer 01381,Professionals,West,Website
CU01382,Customer 01382,Home Makers,West,Social
CU01383,Customer 01383,Home Makers,Central,Website
CU01384,Customer 01384,Home Makers,North,Website
CU01385,Customer 01385,Gamers,West,Store
CU01386,Customer 01386,Gamers,Central,Website
CU01387,Customer 01387,Premium,North,Website
CU01388,Customer 01388,Gamers,East,Website
CU01389,Customer 01389,Corporate,Central,Website
CU01390,Customer 01390,Premium,North,Website
CU01391,Customer 01391,Professionals,West,Website
CU01392,Customer 01392,Home Makers,Central,Store
CU01393,Customer 01393,Corporate,North,Referral
CU01394,Customer 01394,Gamers,North,Website
CU01395,Customer 01395,Value Seekers,East,Referral
CU01396,Customer 01396,Home Makers,West,Website
CU01397,Customer 01397,Home Makers,North,Website
CU01398,Customer 01398,Corporate,West,Store
CU01399,Customer 01399,Professionals,West,Website
CU01400,Customer 01400,Premium,North,Store
CU01401,Customer 01401,Value Seekers,West,Social
CU01402,Customer 01402,Corporate,North,Website
CU01403,Customer 01403,Home Makers,East,Corporate Sales
CU01404,Customer 01404,Professionals,Central,Store
CU01405,Customer 01405,Professionals,West,Referral
CU01406,Customer 01406,Corporate,North,Store
CU01407,Customer 01407,Home Makers,East,Social
CU01408,Customer 01408,Gamers,Central,Store
CU01409,Customer 01409,Value Seekers,North,Store
CU01410,Customer 01410,Professionals,West,Social
CU01411,Customer 01411,Home Makers,West,Corporate Sales
CU01412,Customer 01412,Professionals,East,Referral
CU01413,Customer 01413,Professionals,North,Corporate Sales
CU01414,Customer 01414,Value Seekers,Central,Corporate Sales
CU01415,Customer 01415,Professionals,West,Store
CU01416,Customer 01416,Home Makers,West,Referral
CU01417,Customer 01417,Gamers,West,Website
CU01418,Customer 01418,Home Makers,West,Social
CU01419,Customer 01419,Professionals,East,Website
CU01420,Customer 01420,Home Makers,East,Social
CU01421,Customer 01421,Professionals,East,Social
CU01422,Customer 01422,Value Seekers,East,Store
CU01423,Customer 01423,Home Makers,North,Website
CU01424,Customer 01424,Home Makers,West,Social
CU01425,Customer 01425,Professionals,North,Social
CU01426,Customer 01426,Professionals,East,Website
CU01427,Customer 01427,Gamers,Central,Website
CU01428,Customer 01428,Home Makers,North,Store
CU01429,Customer 01429,Gamers,West,Social
CU01430,Customer 01430,Value Seekers,North,Website
CU01431,Customer 01431,Value Seekers,West,Corporate Sales
CU01432,Customer 01432,Gamers,Central,Social
CU01433,Customer 01433,Value Seekers,Central,Social
CU01434,Customer 01434,Professionals,West,Website
CU01435,Customer 01435,Professionals,West,Social
CU01436,Customer 01436,Gamers,West,Store
CU01437,Customer 01437,Premium,North,Website
CU01438,Customer 01438,Home Makers,West,Website
CU01439,Customer 01439,Home Makers,Central,Website
CU01440,Customer 01440,Value Seekers,East,Store
CU01441,Customer 01441,Corporate,North,Website
CU01442,Customer 01442,Value Seekers,West,Social
CU01443,Customer 01443,Value Seekers,East,Corporate Sales
CU01444,Customer 01444,Corporate,East,Website
CU01445,Customer 01445,Value Seekers,North,Website
CU01446,Customer 01446,Value Seekers,West,Website
CU01447,Customer 01447,Professionals,Central,Social
CU01448,Customer 01448,Value Seekers,West,Store
CU01449,Customer 01449,Value Seekers,West,Referral
CU01450,Customer 01450,Professionals,Central,Store
CU01451,Customer 01451,Corporate,West,Store
CU01452,Customer 01452,Value Seekers,East,Corporate Sales
CU01453,Customer 01453,Home Makers,North,Store
CU01454,Customer 01454,Value Seekers,West,Website
CU01455,Customer 01455,Home Makers,West,Social
CU01456,Customer 01456,Value Seekers,East,Website
CU01457,Customer 01457,Home Makers,West,Website
CU01458,Customer 01458,Value Seekers,Central,Referral
CU01459,Customer 01459,Value Seekers,Central,Store
CU01460,Customer 01460,Professionals,Central,Referral
CU01461,Customer 01461,Home Makers,North,Social
CU01462,Customer 01462,Premium,West,Referral
CU01463,Customer 01463,Value Seekers,Central,Referral
CU01464,Customer 01464,Value Seekers,Central,Store
CU01465,Customer 01465,Professionals,East,Corporate Sales
CU01466,Customer 01466,Value Seekers,West,Social
CU01467,Customer 01467,Value Seekers,West,Website
CU01468,Customer 01468,Professionals,Central,Store
CU01469,Customer 01469,Professionals,Central,Referral
CU01470,Customer 01470,Value Seekers,East,Store
CU01471,Customer 01471,Corporate,West,Store
CU01472,Customer 01472,Professionals,East,Store
CU01473,Customer 01473,Value Seekers,West,Store
CU01474,Customer 01474,Professionals,North,Store
CU01475,Customer 01475,Home Makers,Central,Referral
CU01476,Customer 01476,Professionals,Central,Social
CU01477,Customer 01477,Professionals,East,Social
CU01478,Customer 01478,Gamers,West,Store
CU01479,Customer 01479,Value Seekers,East,Website
CU01480,Customer 01480,Value Seekers,East,Store
CU01481,Customer 01481,Home Makers,Central,Store
CU01482,Customer 01482,Premium,West,Corporate Sales
CU01483,Customer 01483,Premium,Central,Store
CU01484,Customer 01484,Gamers,West,Website
CU01485,Customer 01485,Corporate,West,Store
CU01486,Customer 01486,Home Makers,North,Website
CU01487,Customer 01487,Gamers,Central,Referral
CU01488,Customer 01488,Home Makers,West,Social
CU01489,Customer 01489,Home Makers,Central,Social
CU01490,Customer 01490,Home Makers,North,Corporate Sales
CU01491,Customer 01491,Professionals,North,Store
CU01492,Customer 01492,Gamers,West,Social
CU01493,Customer 01493,Value Seekers,North,Store
CU01494,Customer 01494,Value Seekers,West,Social
CU01495,Customer 01495,Professionals,East,Social
CU01496,Customer 01496,Home Makers,West,Corporate Sales
CU01497,Customer 01497,Home Makers,Central,Referral
CU01498,Customer 01498,Premium,West,Referral
CU01499,Customer 01499,Professionals,North,Corporate Sales
CU01500,Customer 01500,Value Seekers,East,Website
CU01501,Customer 01501,Professionals,North,Store
CU01502,Customer 01502,Corporate,West,Website
CU01503,Customer 01503,Home Makers,West,Referral
CU01504,Customer 01504,Gamers,East,Website
CU01505,Customer 01505,Premium,Central,Website
CU01506,Customer 01506,Premium,North,Website
CU01507,Customer 01507,Home Makers,Central,Referral
CU01508,Customer 01508,Home Makers,East,Social
CU01509,Customer 01509,Value Seekers,Central,Website
CU01510,Customer 01510,Value Seekers,West,Corporate Sales
CU01511,Customer 01511,Home Makers,Central,Store
CU01512,Customer 01512,Professionals,West,Corporate Sales
CU01513,Customer 01513,Value Seekers,North,Store
CU01514,Customer 01514,Home Makers,North,Referral
CU01515,Customer 01515,Professionals,Central,Referral
CU01516,Customer 01516,Value Seekers,North,Referral
CU01517,Customer 01517,Professionals,West,Website
CU01518,Customer 01518,Professionals,West,Website
CU01519,Customer 01519,Home Makers,West,Store
CU01520,Customer 01520,Corporate,West,Referral
CU01521,Customer 01521,Premium,Central,Website
CU01522,Customer 01522,Professionals,West,Referral
CU01523,Customer 01523,Professionals,East,Website
CU01524,Customer 01524,Gamers,North,Website
CU01525,Customer 01525,Corporate,North,Store
CU01526,Customer 01526,Gamers,North,Corporate Sales
CU01527,Customer 01527,Professionals,Central,Website
CU01528,Customer 01528,Value Seekers,North,Social
CU01529,Customer 01529,Value Seekers,Central,Corporate Sales
CU01530,Customer 01530,Value Seekers,Central,Website
CU01531,Customer 01531,Professionals,West,Referral
CU01532,Customer 01532,Home Makers,West,Website
CU01533,Customer 01533,Value Seekers,North,Referral
CU01534,Customer 01534,Home Makers,East,Store
CU01535,Customer 01535,Value Seekers,North,Social
CU01536,Customer 01536,Premium,West,Referral
CU01537,Customer 01537,Premium,West,Corporate Sales
CU01538,Customer 01538,Corporate,West,Website
CU01539,Customer 01539,Professionals,West,Corporate Sales
CU01540,Customer 01540,Professionals,East,Website
CU01541,Customer 01541,Corporate,West,Store
CU01542,Customer 01542,Home Makers,East,Website
CU01543,Customer 01543,Professionals,Central,Corporate Sales
CU01544,Customer 01544,Value Seekers,East,Store
CU01545,Customer 01545,Premium,West,Referral
CU01546,Customer 01546,Gamers,West,Website
CU01547,Customer 01547,Gamers,Central,Referral
CU01548,Customer 01548,Professionals,North,Website
CU01549,Customer 01549,Professionals,East,Store
CU01550,Customer 01550,Value Seekers,West,Store
CU01551,Customer 01551,Professionals,West,Store
CU01552,Customer 01552,Professionals,North,Corporate Sales
CU01553,Customer 01553,Home Makers,East,Website
CU01554,Customer 01554,Value Seekers,West,Website
CU01555,Customer 01555,Gamers,West,Referral
CU01556,Customer 01556,Premium,North,Website
CU01557,Customer 01557,Premium,Central,Website
CU01558,Customer 01558,Home Makers,North,Referral
CU01559,Customer 01559,Corporate,North,Corporate Sales
CU01560,Customer 01560,Professionals,East,Social
CU01561,Customer 01561,Value Seekers,West,Social
CU01562,Customer 01562,Professionals,North,Corporate Sales
CU01563,Customer 01563,Home Makers,West,Store
CU01564,Customer 01564,Home Makers,Central,Store
CU01565,Customer 01565,Gamers,Central,Website
CU01566,Customer 01566,Professionals,West,Website
CU01567,Customer 01567,Value Seekers,Central,Social
CU01568,Customer 01568,Home Makers,Central,Social
CU01569,Customer 01569,Home Makers,West,Corporate Sales
CU01570,Customer 01570,Gamers,East,Store
CU01571,Customer 01571,Home Makers,West,Store
CU01572,Customer 01572,Home Makers,East,Corporate Sales
CU01573,Customer 01573,Gamers,East,Store
CU01574,Customer 01574,Value Seekers,West,Website
CU01575,Customer 01575,Home Makers,East,Social
CU01576,Customer 01576,Value Seekers,West,Store
CU01577,Customer 01577,Professionals,East,Social
CU01578,Customer 01578,Professionals,West,Store
CU01579,Customer 01579,Home Makers,West,Corporate Sales
CU01580,Customer 01580,Value Seekers,Central,Social
CU01581,Customer 01581,Home Makers,Central,Social
CU01582,Customer 01582,Value Seekers,West,Social
CU01583,Customer 01583,Professionals,West,Website
CU01584,Customer 01584,Premium,Central,Website
CU01585,Customer 01585,Value Seekers,Central,Social
CU01586,Customer 01586,Professionals,East,Store
CU01587,Customer 01587,Value Seekers,East,Corporate Sales
CU01588,Customer 01588,Gamers,West,Store
CU01589,Customer 01589,Premium,Central,Website
CU01590,Customer 01590,Home Makers,Central,Social
CU01591,Customer 01591,Home Makers,West,Store
CU01592,Customer 01592,Home Makers,Central,Website
CU01593,Customer 01593,Value Seekers,Central,Website
CU01594,Customer 01594,Home Makers,North,Store
CU01595,Customer 01595,Gamers,East,Website
CU01596,Customer 01596,Professionals,North,Referral
CU01597,Customer 01597,Gamers,Central,Store
CU01598,Customer 01598,Home Makers,Central,Store
CU01599,Customer 01599,Corporate,West,Website
CU01600,Customer 01600,Premium,East,Website
CU01601,Customer 01601,Professionals,West,Social
CU01602,Customer 01602,Gamers,North,Referral
CU01603,Customer 01603,Gamers,Central,Store
CU01604,Customer 01604,Corporate,East,Social
CU01605,Customer 01605,Professionals,East,Store
CU01606,Customer 01606,Gamers,West,Social
CU01607,Customer 01607,Home Makers,West,Website
CU01608,Customer 01608,Value Seekers,North,Website
CU01609,Customer 01609,Home Makers,East,Social
CU01610,Customer 01610,Professionals,West,Referral
CU01611,Customer 01611,Corporate,Central,Social
CU01612,Customer 01612,Home Makers,East,Website
CU01613,Customer 01613,Home Makers,West,Corporate Sales
CU01614,Customer 01614,Premium,West,Store
CU01615,Customer 01615,Home Makers,North,Corporate Sales
CU01616,Customer 01616,Home Makers,East,Website
CU01617,Customer 01617,Home Makers,West,Website
CU01618,Customer 01618,Premium,Central,Website
CU01619,Customer 01619,Professionals,West,Store
CU01620,Customer 01620,Premium,West,Website
CU01621,Customer 01621,Premium,North,Store
CU01622,Customer 01622,Premium,North,Social
CU01623,Customer 01623,Value Seekers,West,Social
CU01624,Customer 01624,Premium,West,Social
CU01625,Customer 01625,Gamers,West,Referral
CU01626,Customer 01626,Premium,West,Website
CU01627,Customer 01627,Value Seekers,Central,Corporate Sales
CU01628,Customer 01628,Value Seekers,East,Store
CU01629,Customer 01629,Professionals,East,Social
CU01630,Customer 01630,Home Makers,East,Website
CU01631,Customer 01631,Professionals,Central,Website
CU01632,Customer 01632,Home Makers,Central,Store
CU01633,Customer 01633,Gamers,West,Referral
CU01634,Customer 01634,Value Seekers,West,Social
CU01635,Customer 01635,Premium,North,Corporate Sales
CU01636,Customer 01636,Home Makers,East,Website
CU01637,Customer 01637,Value Seekers,Central,Social
CU01638,Customer 01638,Professionals,West,Store
CU01639,Customer 01639,Home Makers,Central,Store
CU01640,Customer 01640,Value Seekers,East,Website
CU01641,Customer 01641,Professionals,West,Corporate Sales
CU01642,Customer 01642,Value Seekers,East,Referral
CU01643,Customer 01643,Professionals,East,Social
CU01644,Customer 01644,Professionals,East,Website
CU01645,Customer 01645,Home Makers,West,Website
CU01646,Customer 01646,Corporate,West,Website
CU01647,Customer 01647,Professionals,East,Social
CU01648,Customer 01648,Gamers,North,Website
CU01649,Customer 01649,Home Makers,Central,Corporate Sales
CU01650,Customer 01650,Premium,West,Corporate Sales
CU01651,Customer 01651,Home Makers,Central,Website
CU01652,Customer 01652,Corporate,East,Corporate Sales
CU01653,Customer 01653,Value Seekers,West,Corporate Sales
CU01654,Customer 01654,Professionals,West,Store
CU01655,Customer 01655,Value Seekers,Central,Website
CU01656,Customer 01656,Value Seekers,East,Website
CU01657,Customer 01657,Home Makers,West,Referral
CU01658,Customer 01658,Corporate,East,Store
CU01659,Customer 01659,Corporate,West,Store
CU01660,Customer 01660,Home Makers,Central,Website
CU01661,Customer 01661,Corporate,West,Referral
CU01662,Customer 01662,Value Seekers,West,Store
CU01663,Customer 01663,Home Makers,East,Website
CU01664,Customer 01664,Premium,West,Social
CU01665,Customer 01665,Professionals,West,Referral
CU01666,Customer 01666,Premium,West,Corporate Sales
CU01667,Customer 01667,Professionals,West,Store
CU01668,Customer 01668,Home Makers,East,Referral
CU01669,Customer 01669,Home Makers,North,Store
CU01670,Customer 01670,Value Seekers,North,Referral
CU01671,Customer 01671,Corporate,West,Social
CU01672,Customer 01672,Corporate,East,Social
CU01673,Customer 01673,Value Seekers,Central,Social
CU01674,Customer 01674,Home Makers,West,Corporate Sales
CU01675,Customer 01675,Value Seekers,North,Store
CU01676,Customer 01676,Home Makers,North,Social
CU01677,Customer 01677,Home Makers,Central,Website
CU01678,Customer 01678,Value Seekers,West,Website
CU01679,Customer 01679,Corporate,West,Website
CU01680,Customer 01680,Home Makers,Central,Referral
CU01681,Customer 01681,Professionals,North,Website
CU01682,Customer 01682,Value Seekers,West,Website
CU01683,Customer 01683,Professionals,West,Corporate Sales
CU01684,Customer 01684,Home Makers,Central,Social
CU01685,Customer 01685,Professionals,Central,Social
CU01686,Customer 01686,Value Seekers,Central,Website
CU01687,Customer 01687,Premium,East,Website
CU01688,Customer 01688,Professionals,North,Website
CU01689,Customer 01689,Value Seekers,North,Social
CU01690,Customer 01690,Gamers,West,Website
CU01691,Customer 01691,Value Seekers,North,Store
CU01692,Customer 01692,Value Seekers,West,Social
CU01693,Customer 01693,Home Makers,West,Corporate Sales
CU01694,Customer 01694,Value Seekers,West,Store
CU01695,Customer 01695,Corporate,Central,Social
CU01696,Customer 01696,Home Makers,West,Corporate Sales
CU01697,Customer 01697,Professionals,West,Website
CU01698,Customer 01698,Professionals,West,Corporate Sales
CU01699,Customer 01699,Premium,West,Website
CU01700,Customer 01700,Professionals,West,Social
CU01701,Customer 01701,Professionals,West,Website
CU01702,Customer 01702,Professionals,Central,Corporate Sales
CU01703,Customer 01703,Home Makers,West,Corporate Sales
CU01704,Customer 01704,Premium,Central,Corporate Sales
CU01705,Customer 01705,Premium,North,Corporate Sales
CU01706,Customer 01706,Gamers,North,Website
CU01707,Customer 01707,Home Makers,East,Store
CU01708,Customer 01708,Corporate,West,Social
CU01709,Customer 01709,Gamers,West,Website
CU01710,Customer 01710,Corporate,Central,Social
CU01711,Customer 01711,Gamers,West,Social
CU01712,Customer 01712,Value Seekers,West,Corporate Sales
CU01713,Customer 01713,Gamers,West,Store
CU01714,Customer 01714,Professionals,West,Referral
CU01715,Customer 01715,Home Makers,East,Social
CU01716,Customer 01716,Value Seekers,West,Referral
CU01717,Customer 01717,Value Seekers,West,Website
CU01718,Customer 01718,Home Makers,West,Website
CU01719,Customer 01719,Value Seekers,West,Social
CU01720,Customer 01720,Corporate,West,Store
CU01721,Customer 01721,Professionals,West,Store
CU01722,Customer 01722,Gamers,East,Referral
CU01723,Customer 01723,Premium,West,Referral
CU01724,Customer 01724,Value Seekers,West,Corporate Sales
CU01725,Customer 01725,Corporate,West,Referral
CU01726,Customer 01726,Value Seekers,Central,Social
CU01727,Customer 01727,Home Makers,West,Store
CU01728,Customer 01728,Professionals,East,Website
CU01729,Customer 01729,Premium,West,Referral
CU01730,Customer 01730,Professionals,West,Referral
CU01731,Customer 01731,Professionals,West,Corporate Sales
CU01732,Customer 01732,Home Makers,West,Social
CU01733,Customer 01733,Corporate,West,Store
CU01734,Customer 01734,Value Seekers,East,Website
CU01735,Customer 01735,Value Seekers,North,Social
CU01736,Customer 01736,Value Seekers,West,Store
CU01737,Customer 01737,Premium,Central,Social
CU01738,Customer 01738,Professionals,North,Corporate Sales
CU01739,Customer 01739,Premium,North,Referral
CU01740,Customer 01740,Gamers,West,Website
CU01741,Customer 01741,Professionals,West,Website
CU01742,Customer 01742,Home Makers,East,Website
CU01743,Customer 01743,Home Makers,West,Corporate Sales
CU01744,Customer 01744,Corporate,Central,Website
CU01745,Customer 01745,Premium,West,Website
CU01746,Customer 01746,Home Makers,East,Store
CU01747,Customer 01747,Value Seekers,West,Store
CU01748,Customer 01748,Professionals,North,Store
CU01749,Customer 01749,Premium,West,Referral
CU01750,Customer 01750,Value Seekers,East,Referral
CU01751,Customer 01751,Value Seekers,West,Social
CU01752,Customer 01752,Value Seekers,East,Corporate Sales
CU01753,Customer 01753,Professionals,East,Store
CU01754,Customer 01754,Corporate,North,Store
CU01755,Customer 01755,Gamers,West,Social
CU01756,Customer 01756,Home Makers,West,Corporate Sales
CU01757,Customer 01757,Gamers,East,Social
CU01758,Customer 01758,Premium,West,Social
CU01759,Customer 01759,Professionals,North,Social
CU01760,Customer 01760,Home Makers,West,Social
CU01761,Customer 01761,Professionals,Central,Store
CU01762,Customer 01762,Value Seekers,North,Store
CU01763,Customer 01763,Value Seekers,East,Website
CU01764,Customer 01764,Value Seekers,Central,Social
CU01765,Customer 01765,Value Seekers,West,Social
CU01766,Customer 01766,Premium,East,Website
CU01767,Customer 01767,Home Makers,West,Social
CU01768,Customer 01768,Professionals,East,Store
CU01769,Customer 01769,Professionals,North,Website
CU01770,Customer 01770,Value Seekers,West,Social
CU01771,Customer 01771,Premium,East,Store
CU01772,Customer 01772,Value Seekers,East,Website
CU01773,Customer 01773,Premium,North,Website
CU01774,Customer 01774,Professionals,West,Referral
CU01775,Customer 01775,Corporate,East,Store
CU01776,Customer 01776,Value Seekers,North,Store
CU01777,Customer 01777,Professionals,East,Referral
CU01778,Customer 01778,Corporate,West,Website
CU01779,Customer 01779,Corporate,North,Store
CU01780,Customer 01780,Value Seekers,Central,Corporate Sales
CU01781,Customer 01781,Corporate,North,Store
CU01782,Customer 01782,Value Seekers,East,Website
CU01783,Customer 01783,Value Seekers,Central,Corporate Sales
CU01784,Customer 01784,Home Makers,North,Referral
CU01785,Customer 01785,Value Seekers,East,Social
CU01786,Customer 01786,Premium,West,Social
CU01787,Customer 01787,Corporate,East,Referral
CU01788,Customer 01788,Gamers,North,Corporate Sales
CU01789,Customer 01789,Home Makers,West,Referral
CU01790,Customer 01790,Value Seekers,East,Store
CU01791,Customer 01791,Professionals,West,Website
CU01792,Customer 01792,Value Seekers,North,Social
CU01793,Customer 01793,Value Seekers,Central,Social
CU01794,Customer 01794,Home Makers,North,Store
CU01795,Customer 01795,Value Seekers,West,Social
CU01796,Customer 01796,Value Seekers,Central,Website
CU01797,Customer 01797,Gamers,North,Website
CU01798,Customer 01798,Corporate,Central,Store
CU01799,Customer 01799,Premium,Central,Social
CU01800,Customer 01800,Home Makers,West,Website
CU01801,Customer 01801,Value Seekers,West,Website
CU01802,Customer 01802,Professionals,North,Website
CU01803,Customer 01803,Gamers,Central,Website
CU01804,Customer 01804,Premium,West,Store
CU01805,Customer 01805,Home Makers,West,Social
CU01806,Customer 01806,Professionals,North,Store
CU01807,Customer 01807,Gamers,West,Store
CU01808,Customer 01808,Value Seekers,West,Referral
CU01809,Customer 01809,Professionals,North,Store
CU01810,Customer 01810,Value Seekers,Central,Store
CU01811,Customer 01811,Professionals,North,Store
CU01812,Customer 01812,Gamers,East,Store
CU01813,Customer 01813,Value Seekers,Central,Website
CU01814,Customer 01814,Value Seekers,Central,Website
CU01815,Customer 01815,Value Seekers,West,Corporate Sales
CU01816,Customer 01816,Premium,West,Website
CU01817,Customer 01817,Value Seekers,North,Website
CU01818,Customer 01818,Home Makers,Central,Website
CU01819,Customer 01819,Professionals,East,Social
CU01820,Customer 01820,Corporate,North,Store
CU01821,Customer 01821,Professionals,North,Store
CU01822,Customer 01822,Gamers,East,Referral
CU01823,Customer 01823,Home Makers,West,Corporate Sales
CU01824,Customer 01824,Professionals,West,Referral
CU01825,Customer 01825,Gamers,West,Corporate Sales
CU01826,Customer 01826,Professionals,Central,Website
CU01827,Customer 01827,Value Seekers,Central,Website
CU01828,Customer 01828,Corporate,West,Corporate Sales
CU01829,Customer 01829,Value Seekers,West,Website
CU01830,Customer 01830,Professionals,North,Website
CU01831,Customer 01831,Premium,West,Store
CU01832,Customer 01832,Professionals,North,Store
CU01833,Customer 01833,Professionals,North,Website
CU01834,Customer 01834,Corporate,Central,Referral
CU01835,Customer 01835,Value Seekers,West,Store
CU01836,Customer 01836,Value Seekers,East,Website
CU01837,Customer 01837,Premium,West,Corporate Sales
CU01838,Customer 01838,Gamers,Central,Corporate Sales
CU01839,Customer 01839,Professionals,East,Store
CU01840,Customer 01840,Corporate,Central,Store
CU01841,Customer 01841,Professionals,East,Website
CU01842,Customer 01842,Value Seekers,Central,Referral
CU01843,Customer 01843,Gamers,West,Social
CU01844,Customer 01844,Professionals,East,Corporate Sales
CU01845,Customer 01845,Corporate,North,Store
CU01846,Customer 01846,Value Seekers,West,Website
CU01847,Customer 01847,Professionals,Central,Store
CU01848,Customer 01848,Value Seekers,West,Store
CU01849,Customer 01849,Premium,West,Store
CU01850,Customer 01850,Professionals,Central,Website
CU01851,Customer 01851,Value Seekers,West,Social
CU01852,Customer 01852,Premium,North,Corporate Sales
CU01853,Customer 01853,Professionals,Central,Corporate Sales
CU01854,Customer 01854,Professionals,West,Store
CU01855,Customer 01855,Corporate,Central,Social
CU01856,Customer 01856,Value Seekers,North,Corporate Sales
CU01857,Customer 01857,Corporate,North,Website
CU01858,Customer 01858,Premium,West,Store
CU01859,Customer 01859,Home Makers,North,Referral
CU01860,Customer 01860,Corporate,East,Referral
CU01861,Customer 01861,Professionals,Central,Store
CU01862,Customer 01862,Professionals,North,Website
CU01863,Customer 01863,Professionals,West,Corporate Sales
CU01864,Customer 01864,Home Makers,Central,Social
CU01865,Customer 01865,Value Seekers,East,Website
CU01866,Customer 01866,Home Makers,East,Website
CU01867,Customer 01867,Home Makers,West,Corporate Sales
CU01868,Customer 01868,Home Makers,Central,Social
CU01869,Customer 01869,Value Seekers,West,Corporate Sales
CU01870,Customer 01870,Home Makers,East,Store
CU01871,Customer 01871,Home Makers,North,Website
CU01872,Customer 01872,Premium,Central,Website
CU01873,Customer 01873,Professionals,East,Referral
CU01874,Customer 01874,Home Makers,North,Corporate Sales
CU01875,Customer 01875,Value Seekers,Central,Referral
CU01876,Customer 01876,Value Seekers,North,Website
CU01877,Customer 01877,Premium,West,Social
CU01878,Customer 01878,Home Makers,North,Social
CU01879,Customer 01879,Value Seekers,West,Store
CU01880,Customer 01880,Professionals,Central,Social
CU01881,Customer 01881,Professionals,West,Store
CU01882,Customer 01882,Value Seekers,West,Website
CU01883,Customer 01883,Value Seekers,East,Social
CU01884,Customer 01884,Home Makers,West,Store
CU01885,Customer 01885,Home Makers,Central,Social
CU01886,Customer 01886,Home Makers,West,Corporate Sales
CU01887,Customer 01887,Value Seekers,West,Store
CU01888,Customer 01888,Gamers,West,Website
CU01889,Customer 01889,Home Makers,West,Corporate Sales
CU01890,Customer 01890,Home Makers,Central,Social
CU01891,Customer 01891,Gamers,West,Website
CU01892,Customer 01892,Home Makers,North,Store
CU01893,Customer 01893,Home Makers,East,Website
CU01894,Customer 01894,Professionals,West,Corporate Sales
CU01895,Customer 01895,Value Seekers,West,Social
CU01896,Customer 01896,Premium,Central,Store
CU01897,Customer 01897,Professionals,West,Website
CU01898,Customer 01898,Corporate,North,Store
CU01899,Customer 01899,Professionals,East,Store
CU01900,Customer 01900,Value Seekers,East,Corporate Sales
CU01901,Customer 01901,Premium,West,Website
CU01902,Customer 01902,Corporate,West,Store
CU01903,Customer 01903,Value Seekers,West,Website
CU01904,Customer 01904,Professionals,West,Website
CU01905,Customer 01905,Premium,Central,Corporate Sales
CU01906,Customer 01906,Home Makers,West,Website
CU01907,Customer 01907,Value Seekers,Central,Website
CU01908,Customer 01908,Professionals,East,Store
CU01909,Customer 01909,Premium,East,Referral
CU01910,Customer 01910,Home Makers,East,Store
CU01911,Customer 01911,Home Makers,Central,Referral
CU01912,Customer 01912,Value Seekers,West,Corporate Sales
CU01913,Customer 01913,Corporate,North,Corporate Sales
CU01914,Customer 01914,Value Seekers,East,Website
CU01915,Customer 01915,Value Seekers,Central,Website
CU01916,Customer 01916,Corporate,North,Website
CU01917,Customer 01917,Gamers,West,Store
CU01918,Customer 01918,Premium,Central,Website
CU01919,Customer 01919,Professionals,North,Social
CU01920,Customer 01920,Corporate,East,Store
CU01921,Customer 01921,Premium,West,Social
CU01922,Customer 01922,Home Makers,North,Store
CU01923,Customer 01923,Home Makers,East,Social
CU01924,Customer 01924,Professionals,East,Website
CU01925,Customer 01925,Value Seekers,East,Website
CU01926,Customer 01926,Corporate,West,Website
CU01927,Customer 01927,Gamers,West,Store
CU01928,Customer 01928,Value Seekers,Central,Social
CU01929,Customer 01929,Home Makers,East,Website
CU01930,Customer 01930,Gamers,West,Website
CU01931,Customer 01931,Home Makers,Central,Store
CU01932,Customer 01932,Premium,North,Website
CU01933,Customer 01933,Value Seekers,North,Store
CU01934,Customer 01934,Premium,East,Referral
CU01935,Customer 01935,Value Seekers,West,Store
CU01936,Customer 01936,Professionals,East,Store
CU01937,Customer 01937,Professionals,Central,Social
CU01938,Customer 01938,Professionals,West,Website
CU01939,Customer 01939,Value Seekers,East,Website
CU01940,Customer 01940,Home Makers,Central,Corporate Sales
CU01941,Customer 01941,Home Makers,Central,Social
CU01942,Customer 01942,Home Makers,Central,Social
CU01943,Customer 01943,Home Makers,West,Store
CU01944,Customer 01944,Value Seekers,West,Referral
CU01945,Customer 01945,Home Makers,West,Website
CU01946,Customer 01946,Value Seekers,West,Referral
CU01947,Customer 01947,Premium,West,Corporate Sales
CU01948,Customer 01948,Professionals,North,Social
CU01949,Customer 01949,Professionals,North,Referral
CU01950,Customer 01950,Gamers,West,Referral
CU01951,Customer 01951,Home Makers,Central,Referral
CU01952,Customer 01952,Professionals,West,Social
CU01953,Customer 01953,Value Seekers,West,Store
CU01954,Customer 01954,Premium,West,Store
CU01955,Customer 01955,Home Makers,West,Website
CU01956,Customer 01956,Value Seekers,North,Store
CU01957,Customer 01957,Professionals,Central,Referral
CU01958,Customer 01958,Value Seekers,West,Corporate Sales
CU01959,Customer 01959,Professionals,North,Social
CU01960,Customer 01960,Premium,North,Corporate Sales
CU01961,Customer 01961,Corporate,West,Corporate Sales
CU01962,Customer 01962,Gamers,West,Store
CU01963,Customer 01963,Value Seekers,Central,Website
CU01964,Customer 01964,Value Seekers,North,Website
CU01965,Customer 01965,Premium,Central,Store
CU01966,Customer 01966,Value Seekers,West,Referral
CU01967,Customer 01967,Professionals,West,Referral
CU01968,Customer 01968,Value Seekers,West,Website
CU01969,Customer 01969,Premium,North,Referral
CU01970,Customer 01970,Corporate,East,Store
CU01971,Customer 01971,Home Makers,West,Website
CU01972,Customer 01972,Value Seekers,East,Website
CU01973,Customer 01973,Home Makers,West,Store
CU01974,Customer 01974,Corporate,West,Social
CU01975,Customer 01975,Premium,North,Website
CU01976,Customer 01976,Premium,East,Store
CU01977,Customer 01977,Professionals,Central,Website
CU01978,Customer 01978,Professionals,West,Referral
CU01979,Customer 01979,Professionals,West,Referral
CU01980,Customer 01980,Corporate,North,Website
CU01981,Customer 01981,Premium,East,Website
CU01982,Customer 01982,Value Seekers,West,Social
CU01983,Customer 01983,Gamers,North,Website
CU01984,Customer 01984,Professionals,West,Website
CU01985,Customer 01985,Premium,Central,Website
CU01986,Customer 01986,Value Seekers,East,Website
CU01987,Customer 01987,Professionals,North,Store
CU01988,Customer 01988,Value Seekers,East,Corporate Sales
CU01989,Customer 01989,Value Seekers,North,Website
CU01990,Customer 01990,Value Seekers,West,Website
CU01991,Customer 01991,Value Seekers,West,Corporate Sales
CU01992,Customer 01992,Value Seekers,North,Corporate Sales
CU01993,Customer 01993,Professionals,West,Referral
CU01994,Customer 01994,Premium,West,Website
CU01995,Customer 01995,Home Makers,West,Store
CU01996,Customer 01996,Value Seekers,North,Referral
CU01997,Customer 01997,Home Makers,North,Store
CU01998,Customer 01998,Value Seekers,North,Referral
CU01999,Customer 01999,Premium,East,Website
CU02000,Customer 02000,Corporate,East,Referral
CU02001,Customer 02001,Gamers,Central,Social
CU02002,Customer 02002,Professionals,West,Store
CU02003,Customer 02003,Value Seekers,East,Store
CU02004,Customer 02004,Value Seekers,Central,Website
CU02005,Customer 02005,Gamers,East,Store
CU02006,Customer 02006,Gamers,North,Store
CU02007,Customer 02007,Value Seekers,North,Social
CU02008,Customer 02008,Professionals,West,Website
CU02009,Customer 02009,Home Makers,West,Store
CU02010,Customer 02010,Value Seekers,Central,Website
CU02011,Customer 02011,Professionals,Central,Website
CU02012,Customer 02012,Corporate,Central,Social
CU02013,Customer 02013,Corporate,North,Referral
CU02014,Customer 02014,Gamers,West,Corporate Sales
CU02015,Customer 02015,Premium,West,Social
CU02016,Customer 02016,Value Seekers,West,Referral
CU02017,Customer 02017,Value Seekers,North,Store
CU02018,Customer 02018,Gamers,East,Store
CU02019,Customer 02019,Professionals,West,Store
CU02020,Customer 02020,Home Makers,Central,Social
CU02021,Customer 02021,Professionals,West,Corporate Sales
CU02022,Customer 02022,Professionals,Central,Corporate Sales
CU02023,Customer 02023,Home Makers,North,Store
CU02024,Customer 02024,Professionals,East,Social
CU02025,Customer 02025,Home Makers,East,Referral
CU02026,Customer 02026,Home Makers,West,Referral
CU02027,Customer 02027,Gamers,Central,Referral
CU02028,Customer 02028,Gamers,East,Website
CU02029,Customer 02029,Professionals,Central,Store
CU02030,Customer 02030,Gamers,East,Website
CU02031,Customer 02031,Gamers,West,Social
CU02032,Customer 02032,Home Makers,North,Website
CU02033,Customer 02033,Corporate,West,Social
CU02034,Customer 02034,Premium,North,Store
CU02035,Customer 02035,Gamers,West,Website
CU02036,Customer 02036,Value Seekers,North,Website
CU02037,Customer 02037,Home Makers,West,Website
CU02038,Customer 02038,Value Seekers,East,Store
CU02039,Customer 02039,Home Makers,North,Website
CU02040,Customer 02040,Corporate,West,Store
CU02041,Customer 02041,Premium,West,Website
CU02042,Customer 02042,Gamers,Central,Corporate Sales
CU02043,Customer 02043,Gamers,West,Corporate Sales
CU02044,Customer 02044,Value Seekers,North,Social
CU02045,Customer 02045,Professionals,West,Social
CU02046,Customer 02046,Gamers,West,Website
CU02047,Customer 02047,Home Makers,Central,Store
CU02048,Customer 02048,Home Makers,Central,Corporate Sales
CU02049,Customer 02049,Professionals,North,Store
CU02050,Customer 02050,Value Seekers,Central,Corporate Sales
CU02051,Customer 02051,Gamers,West,Website
CU02052,Customer 02052,Professionals,West,Store
CU02053,Customer 02053,Gamers,East,Website
CU02054,Customer 02054,Gamers,North,Referral
CU02055,Customer 02055,Value Seekers,East,Corporate Sales
CU02056,Customer 02056,Professionals,West,Referral
CU02057,Customer 02057,Home Makers,Central,Store
CU02058,Customer 02058,Value Seekers,West,Store
CU02059,Customer 02059,Premium,Central,Referral
CU02060,Customer 02060,Professionals,West,Corporate Sales
CU02061,Customer 02061,Premium,West,Store
CU02062,Customer 02062,Home Makers,North,Social
CU02063,Customer 02063,Home Makers,Central,Store
CU02064,Customer 02064,Home Makers,Central,Social
CU02065,Customer 02065,Premium,West,Social
CU02066,Customer 02066,Professionals,Central,Store
CU02067,Customer 02067,Professionals,West,Store
CU02068,Customer 02068,Corporate,Central,Social
CU02069,Customer 02069,Value Seekers,West,Social
CU02070,Customer 02070,Premium,North,Social
CU02071,Customer 02071,Professionals,North,Store
CU02072,Customer 02072,Premium,West,Social
CU02073,Customer 02073,Corporate,West,Website
CU02074,Customer 02074,Gamers,Central,Corporate Sales
CU02075,Customer 02075,Home Makers,West,Corporate Sales
CU02076,Customer 02076,Professionals,East,Referral
CU02077,Customer 02077,Premium,West,Website
CU02078,Customer 02078,Value Seekers,Central,Website
CU02079,Customer 02079,Value Seekers,North,Social
CU02080,Customer 02080,Premium,Central,Store
CU02081,Customer 02081,Value Seekers,Central,Store
CU02082,Customer 02082,Corporate,East,Corporate Sales
CU02083,Customer 02083,Home Makers,North,Social
CU02084,Customer 02084,Professionals,West,Social
CU02085,Customer 02085,Gamers,North,Website
CU02086,Customer 02086,Home Makers,Central,Referral
CU02087,Customer 02087,Home Makers,East,Store
CU02088,Customer 02088,Professionals,West,Website
CU02089,Customer 02089,Corporate,North,Referral
CU02090,Customer 02090,Premium,West,Store
CU02091,Customer 02091,Professionals,North,Social
CU02092,Customer 02092,Premium,North,Store
CU02093,Customer 02093,Value Seekers,Central,Store
CU02094,Customer 02094,Value Seekers,North,Store
CU02095,Customer 02095,Value Seekers,East,Social
CU02096,Customer 02096,Professionals,Central,Store
CU02097,Customer 02097,Corporate,North,Website
CU02098,Customer 02098,Professionals,East,Website
CU02099,Customer 02099,Premium,Central,Website
CU02100,Customer 02100,Value Seekers,West,Store
CU02101,Customer 02101,Gamers,Central,Corporate Sales
CU02102,Customer 02102,Premium,North,Website
CU02103,Customer 02103,Value Seekers,Central,Social
CU02104,Customer 02104,Gamers,North,Store
CU02105,Customer 02105,Corporate,West,Social
CU02106,Customer 02106,Premium,West,Social
CU02107,Customer 02107,Professionals,West,Referral
CU02108,Customer 02108,Gamers,West,Website
CU02109,Customer 02109,Value Seekers,East,Referral
CU02110,Customer 02110,Premium,East,Corporate Sales
CU02111,Customer 02111,Professionals,West,Website
CU02112,Customer 02112,Gamers,North,Referral
CU02113,Customer 02113,Value Seekers,West,Referral
CU02114,Customer 02114,Home Makers,West,Website
CU02115,Customer 02115,Premium,Central,Website
CU02116,Customer 02116,Value Seekers,Central,Website
CU02117,Customer 02117,Home Makers,West,Corporate Sales
CU02118,Customer 02118,Corporate,East,Website
CU02119,Customer 02119,Value Seekers,West,Social
CU02120,Customer 02120,Premium,North,Store
CU02121,Customer 02121,Home Makers,West,Referral
CU02122,Customer 02122,Value Seekers,East,Website
CU02123,Customer 02123,Premium,West,Corporate Sales
CU02124,Customer 02124,Gamers,West,Social
CU02125,Customer 02125,Home Makers,Central,Social
CU02126,Customer 02126,Premium,North,Social
CU02127,Customer 02127,Corporate,West,Store
CU02128,Customer 02128,Value Seekers,West,Website
CU02129,Customer 02129,Premium,East,Website
CU02130,Customer 02130,Home Makers,West,Store
CU02131,Customer 02131,Premium,West,Social
CU02132,Customer 02132,Gamers,Central,Website
CU02133,Customer 02133,Value Seekers,East,Social
CU02134,Customer 02134,Value Seekers,West,Website
CU02135,Customer 02135,Value Seekers,West,Store
CU02136,Customer 02136,Home Makers,Central,Social
CU02137,Customer 02137,Premium,West,Store
CU02138,Customer 02138,Value Seekers,West,Corporate Sales
CU02139,Customer 02139,Professionals,West,Corporate Sales
CU02140,Customer 02140,Value Seekers,East,Store
CU02141,Customer 02141,Premium,Central,Referral
CU02142,Customer 02142,Professionals,West,Referral
CU02143,Customer 02143,Professionals,West,Website
CU02144,Customer 02144,Professionals,West,Social
CU02145,Customer 02145,Home Makers,East,Corporate Sales
CU02146,Customer 02146,Value Seekers,West,Store
CU02147,Customer 02147,Professionals,North,Referral
CU02148,Customer 02148,Value Seekers,West,Website
CU02149,Customer 02149,Professionals,Central,Store
CU02150,Customer 02150,Professionals,West,Social
CU02151,Customer 02151,Value Seekers,West,Store
CU02152,Customer 02152,Professionals,East,Website
CU02153,Customer 02153,Home Makers,West,Social
CU02154,Customer 02154,Premium,East,Website
CU02155,Customer 02155,Value Seekers,Central,Social
CU02156,Customer 02156,Value Seekers,East,Referral
CU02157,Customer 02157,Value Seekers,West,Social
CU02158,Customer 02158,Value Seekers,West,Referral
CU02159,Customer 02159,Home Makers,Central,Corporate Sales
CU02160,Customer 02160,Gamers,East,Corporate Sales
CU02161,Customer 02161,Premium,West,Store
CU02162,Customer 02162,Value Seekers,Central,Referral
CU02163,Customer 02163,Premium,West,Website
CU02164,Customer 02164,Professionals,East,Website
CU02165,Customer 02165,Value Seekers,West,Social
CU02166,Customer 02166,Premium,West,Website
CU02167,Customer 02167,Corporate,Central,Social
CU02168,Customer 02168,Professionals,Central,Referral
CU02169,Customer 02169,Professionals,West,Corporate Sales
CU02170,Customer 02170,Premium,West,Corporate Sales
CU02171,Customer 02171,Professionals,North,Social
CU02172,Customer 02172,Value Seekers,West,Corporate Sales
CU02173,Customer 02173,Value Seekers,North,Corporate Sales
CU02174,Customer 02174,Home Makers,West,Social
CU02175,Customer 02175,Professionals,North,Website
CU02176,Customer 02176,Home Makers,Central,Social
CU02177,Customer 02177,Corporate,West,Website
CU02178,Customer 02178,Professionals,North,Website
CU02179,Customer 02179,Value Seekers,Central,Corporate Sales
CU02180,Customer 02180,Professionals,Central,Referral
CU02181,Customer 02181,Premium,Central,Store
CU02182,Customer 02182,Professionals,West,Website
CU02183,Customer 02183,Value Seekers,West,Corporate Sales
CU02184,Customer 02184,Premium,West,Social
CU02185,Customer 02185,Home Makers,West,Store
CU02186,Customer 02186,Value Seekers,Central,Store
CU02187,Customer 02187,Value Seekers,West,Store
CU02188,Customer 02188,Professionals,West,Referral
CU02189,Customer 02189,Home Makers,West,Corporate Sales
CU02190,Customer 02190,Professionals,North,Social
CU02191,Customer 02191,Premium,North,Website
CU02192,Customer 02192,Home Makers,West,Store
CU02193,Customer 02193,Value Seekers,West,Referral
CU02194,Customer 02194,Professionals,East,Website
CU02195,Customer 02195,Premium,East,Social
CU02196,Customer 02196,Professionals,West,Corporate Sales
CU02197,Customer 02197,Value Seekers,East,Social
CU02198,Customer 02198,Gamers,Central,Corporate Sales
CU02199,Customer 02199,Professionals,Central,Website
CU02200,Customer 02200,Professionals,East,Referral
CU02201,Customer 02201,Corporate,North,Social
CU02202,Customer 02202,Corporate,Central,Website
CU02203,Customer 02203,Home Makers,East,Website
CU02204,Customer 02204,Corporate,Central,Website
CU02205,Customer 02205,Professionals,North,Corporate Sales
CU02206,Customer 02206,Professionals,West,Social
CU02207,Customer 02207,Gamers,North,Website
CU02208,Customer 02208,Corporate,Central,Store
CU02209,Customer 02209,Premium,West,Store
CU02210,Customer 02210,Professionals,Central,Store
CU02211,Customer 02211,Premium,Central,Corporate Sales
CU02212,Customer 02212,Premium,West,Referral
CU02213,Customer 02213,Home Makers,North,Social
CU02214,Customer 02214,Corporate,West,Website
CU02215,Customer 02215,Gamers,West,Store
CU02216,Customer 02216,Home Makers,North,Website
CU02217,Customer 02217,Value Seekers,West,Store
CU02218,Customer 02218,Professionals,West,Social
CU02219,Customer 02219,Corporate,Central,Website
CU02220,Customer 02220,Home Makers,North,Social
CU02221,Customer 02221,Home Makers,Central,Corporate Sales
CU02222,Customer 02222,Home Makers,West,Corporate Sales
CU02223,Customer 02223,Value Seekers,North,Referral
CU02224,Customer 02224,Home Makers,West,Website
CU02225,Customer 02225,Premium,East,Website
CU02226,Customer 02226,Premium,West,Store
CU02227,Customer 02227,Value Seekers,West,Referral
CU02228,Customer 02228,Corporate,West,Website
CU02229,Customer 02229,Professionals,North,Referral
CU02230,Customer 02230,Corporate,East,Referral
CU02231,Customer 02231,Corporate,North,Website
CU02232,Customer 02232,Gamers,East,Website
CU02233,Customer 02233,Home Makers,East,Store
CU02234,Customer 02234,Gamers,West,Website
CU02235,Customer 02235,Home Makers,North,Corporate Sales
CU02236,Customer 02236,Home Makers,West,Store
CU02237,Customer 02237,Home Makers,West,Store
CU02238,Customer 02238,Value Seekers,East,Website
CU02239,Customer 02239,Gamers,East,Website
CU02240,Customer 02240,Professionals,Central,Website
CU02241,Customer 02241,Value Seekers,West,Social
CU02242,Customer 02242,Premium,Central,Referral
CU02243,Customer 02243,Gamers,East,Store
CU02244,Customer 02244,Corporate,West,Referral
CU02245,Customer 02245,Corporate,East,Website
CU02246,Customer 02246,Professionals,Central,Referral
CU02247,Customer 02247,Value Seekers,West,Website
CU02248,Customer 02248,Gamers,North,Referral
CU02249,Customer 02249,Gamers,West,Store
CU02250,Customer 02250,Value Seekers,East,Website
CU02251,Customer 02251,Professionals,West,Corporate Sales
CU02252,Customer 02252,Value Seekers,Central,Referral
CU02253,Customer 02253,Home Makers,West,Website
CU02254,Customer 02254,Premium,Central,Website
CU02255,Customer 02255,Professionals,North,Corporate Sales
CU02256,Customer 02256,Gamers,East,Corporate Sales
CU02257,Customer 02257,Home Makers,East,Website
CU02258,Customer 02258,Professionals,Central,Store
CU02259,Customer 02259,Home Makers,West,Social
CU02260,Customer 02260,Premium,West,Website
CU02261,Customer 02261,Professionals,Central,Website
CU02262,Customer 02262,Professionals,West,Store
CU02263,Customer 02263,Professionals,North,Referral
CU02264,Customer 02264,Value Seekers,West,Store
CU02265,Customer 02265,Corporate,East,Store
CU02266,Customer 02266,Home Makers,North,Corporate Sales
CU02267,Customer 02267,Home Makers,North,Store
CU02268,Customer 02268,Professionals,West,Social
CU02269,Customer 02269,Home Makers,Central,Website
CU02270,Customer 02270,Home Makers,West,Store
CU02271,Customer 02271,Value Seekers,West,Store
CU02272,Customer 02272,Professionals,Central,Referral
CU02273,Customer 02273,Value Seekers,North,Website
CU02274,Customer 02274,Home Makers,Central,Social
CU02275,Customer 02275,Corporate,West,Social
CU02276,Customer 02276,Premium,Central,Website
CU02277,Customer 02277,Value Seekers,Central,Corporate Sales
CU02278,Customer 02278,Gamers,East,Store
CU02279,Customer 02279,Professionals,East,Website
CU02280,Customer 02280,Home Makers,North,Website
CU02281,Customer 02281,Home Makers,West,Store
CU02282,Customer 02282,Premium,West,Website
CU02283,Customer 02283,Gamers,East,Social
CU02284,Customer 02284,Value Seekers,West,Store
CU02285,Customer 02285,Home Makers,West,Store
CU02286,Customer 02286,Premium,East,Store
CU02287,Customer 02287,Professionals,North,Website
CU02288,Customer 02288,Corporate,East,Website
CU02289,Customer 02289,Home Makers,West,Store
CU02290,Customer 02290,Premium,West,Corporate Sales
CU02291,Customer 02291,Premium,West,Corporate Sales
CU02292,Customer 02292,Gamers,West,Website
CU02293,Customer 02293,Premium,West,Corporate Sales
CU02294,Customer 02294,Home Makers,East,Corporate Sales
CU02295,Customer 02295,Home Makers,North,Social
CU02296,Customer 02296,Corporate,Central,Website
CU02297,Customer 02297,Value Seekers,West,Corporate Sales
CU02298,Customer 02298,Professionals,West,Store
CU02299,Customer 02299,Home Makers,West,Website
CU02300,Customer 02300,Professionals,West,Corporate Sales
CU02301,Customer 02301,Professionals,West,Store
CU02302,Customer 02302,Professionals,West,Store
CU02303,Customer 02303,Value Seekers,East,Store
CU02304,Customer 02304,Professionals,Central,Website
CU02305,Customer 02305,Value Seekers,West,Corporate Sales
CU02306,Customer 02306,Value Seekers,East,Website
CU02307,Customer 02307,Home Makers,East,Store
CU02308,Customer 02308,Premium,Central,Corporate Sales
CU02309,Customer 02309,Professionals,Central,Social
CU02310,Customer 02310,Home Makers,West,Social
CU02311,Customer 02311,Value Seekers,West,Store
CU02312,Customer 02312,Value Seekers,East,Website
CU02313,Customer 02313,Value Seekers,West,Website
CU02314,Customer 02314,Professionals,West,Corporate Sales
CU02315,Customer 02315,Home Makers,East,Website
CU02316,Customer 02316,Home Makers,Central,Store
CU02317,Customer 02317,Professionals,West,Website
CU02318,Customer 02318,Home Makers,East,Store
CU02319,Customer 02319,Professionals,Central,Social
CU02320,Customer 02320,Home Makers,West,Store
CU02321,Customer 02321,Gamers,West,Social
CU02322,Customer 02322,Professionals,Central,Social
CU02323,Customer 02323,Professionals,East,Corporate Sales
CU02324,Customer 02324,Corporate,West,Website
CU02325,Customer 02325,Home Makers,North,Corporate Sales
CU02326,Customer 02326,Professionals,West,Referral
CU02327,Customer 02327,Home Makers,East,Social
CU02328,Customer 02328,Professionals,West,Social
CU02329,Customer 02329,Professionals,East,Social
CU02330,Customer 02330,Value Seekers,Central,Corporate Sales
CU02331,Customer 02331,Corporate,West,Website
CU02332,Customer 02332,Professionals,Central,Corporate Sales
CU02333,Customer 02333,Value Seekers,North,Corporate Sales
CU02334,Customer 02334,Home Makers,North,Social
CU02335,Customer 02335,Premium,West,Referral
CU02336,Customer 02336,Home Makers,East,Store
CU02337,Customer 02337,Value Seekers,West,Store
CU02338,Customer 02338,Corporate,North,Social
CU02339,Customer 02339,Professionals,North,Store
CU02340,Customer 02340,Value Seekers,North,Store
CU02341,Customer 02341,Value Seekers,Central,Website
CU02342,Customer 02342,Corporate,West,Social
CU02343,Customer 02343,Premium,North,Store
CU02344,Customer 02344,Home Makers,West,Website
CU02345,Customer 02345,Value Seekers,North,Store
CU02346,Customer 02346,Premium,North,Referral
CU02347,Customer 02347,Home Makers,West,Referral
CU02348,Customer 02348,Corporate,East,Website
CU02349,Customer 02349,Home Makers,Central,Referral
CU02350,Customer 02350,Premium,East,Store
CU02351,Customer 02351,Gamers,North,Website
CU02352,Customer 02352,Gamers,West,Social
CU02353,Customer 02353,Gamers,West,Corporate Sales
CU02354,Customer 02354,Value Seekers,East,Website
CU02355,Customer 02355,Premium,West,Website
CU02356,Customer 02356,Corporate,North,Social
CU02357,Customer 02357,Home Makers,East,Website
CU02358,Customer 02358,Home Makers,West,Corporate Sales
CU02359,Customer 02359,Premium,Central,Store
CU02360,Customer 02360,Professionals,East,Website
CU02361,Customer 02361,Corporate,West,Referral
CU02362,Customer 02362,Home Makers,North,Corporate Sales
CU02363,Customer 02363,Premium,East,Social
CU02364,Customer 02364,Corporate,West,Social
CU02365,Customer 02365,Home Makers,East,Website
CU02366,Customer 02366,Professionals,West,Store
CU02367,Customer 02367,Professionals,West,Website
CU02368,Customer 02368,Value Seekers,Central,Social
CU02369,Customer 02369,Home Makers,West,Website
CU02370,Customer 02370,Professionals,East,Social
CU02371,Customer 02371,Corporate,West,Store
CU02372,Customer 02372,Home Makers,West,Website
CU02373,Customer 02373,Home Makers,West,Store
CU02374,Customer 02374,Corporate,West,Website
CU02375,Customer 02375,Home Makers,West,Website
CU02376,Customer 02376,Value Seekers,Central,Corporate Sales
CU02377,Customer 02377,Professionals,Central,Store
CU02378,Customer 02378,Home Makers,West,Store
CU02379,Customer 02379,Home Makers,West,Social
CU02380,Customer 02380,Gamers,North,Corporate Sales
CU02381,Customer 02381,Value Seekers,East,Website
CU02382,Customer 02382,Gamers,North,Website
CU02383,Customer 02383,Gamers,West,Social
CU02384,Customer 02384,Premium,West,Website
CU02385,Customer 02385,Corporate,West,Store
CU02386,Customer 02386,Home Makers,North,Corporate Sales
CU02387,Customer 02387,Professionals,West,Store
CU02388,Customer 02388,Premium,Central,Social
CU02389,Customer 02389,Professionals,North,Website
CU02390,Customer 02390,Value Seekers,East,Website
CU02391,Customer 02391,Premium,East,Social
CU02392,Customer 02392,Home Makers,West,Website
CU02393,Customer 02393,Value Seekers,Central,Website
CU02394,Customer 02394,Gamers,West,Social
CU02395,Customer 02395,Professionals,Central,Social
CU02396,Customer 02396,Gamers,West,Website
CU02397,Customer 02397,Premium,East,Website
CU02398,Customer 02398,Value Seekers,West,Referral
CU02399,Customer 02399,Home Makers,West,Website
CU02400,Customer 02400,Professionals,East,Store
CU02401,Customer 02401,Professionals,West,Website
CU02402,Customer 02402,Professionals,North,Corporate Sales
CU02403,Customer 02403,Professionals,West,Website
CU02404,Customer 02404,Professionals,East,Website
CU02405,Customer 02405,Professionals,East,Referral
CU02406,Customer 02406,Value Seekers,West,Website
CU02407,Customer 02407,Value Seekers,North,Social
CU02408,Customer 02408,Home Makers,West,Store
CU02409,Customer 02409,Value Seekers,Central,Store
CU02410,Customer 02410,Home Makers,West,Website
CU02411,Customer 02411,Home Makers,West,Corporate Sales
CU02412,Customer 02412,Home Makers,West,Referral
CU02413,Customer 02413,Value Seekers,East,Store
CU02414,Customer 02414,Home Makers,Central,Website
CU02415,Customer 02415,Value Seekers,West,Referral
CU02416,Customer 02416,Home Makers,East,Website
CU02417,Customer 02417,Value Seekers,West,Referral
CU02418,Customer 02418,Professionals,West,Social
CU02419,Customer 02419,Home Makers,East,Social
CU02420,Customer 02420,Corporate,West,Store
CU02421,Customer 02421,Premium,West,Referral
CU02422,Customer 02422,Gamers,Central,Website
CU02423,Customer 02423,Premium,Central,Website
CU02424,Customer 02424,Value Seekers,West,Store
CU02425,Customer 02425,Professionals,North,Social
CU02426,Customer 02426,Corporate,West,Referral
CU02427,Customer 02427,Gamers,Central,Store
CU02428,Customer 02428,Corporate,North,Website
CU02429,Customer 02429,Gamers,Central,Website
CU02430,Customer 02430,Professionals,East,Website
CU02431,Customer 02431,Home Makers,West,Social
CU02432,Customer 02432,Value Seekers,West,Store
CU02433,Customer 02433,Gamers,West,Store
CU02434,Customer 02434,Professionals,North,Website
CU02435,Customer 02435,Professionals,West,Store
CU02436,Customer 02436,Value Seekers,East,Referral
CU02437,Customer 02437,Home Makers,West,Website
CU02438,Customer 02438,Premium,West,Corporate Sales
CU02439,Customer 02439,Professionals,North,Store
CU02440,Customer 02440,Professionals,Central,Store
CU02441,Customer 02441,Corporate,West,Store
CU02442,Customer 02442,Home Makers,East,Social
CU02443,Customer 02443,Professionals,West,Social
CU02444,Customer 02444,Value Seekers,East,Store
CU02445,Customer 02445,Premium,East,Social
CU02446,Customer 02446,Value Seekers,Central,Website
CU02447,Customer 02447,Value Seekers,North,Referral
CU02448,Customer 02448,Gamers,North,Store
CU02449,Customer 02449,Premium,North,Social
CU02450,Customer 02450,Value Seekers,Central,Store
CU02451,Customer 02451,Value Seekers,West,Website
CU02452,Customer 02452,Professionals,West,Store
CU02453,Customer 02453,Home Makers,East,Social
CU02454,Customer 02454,Premium,North,Store
CU02455,Customer 02455,Value Seekers,Central,Website
CU02456,Customer 02456,Corporate,West,Website
CU02457,Customer 02457,Corporate,West,Store
CU02458,Customer 02458,Professionals,West,Corporate Sales
CU02459,Customer 02459,Home Makers,East,Website
CU02460,Customer 02460,Gamers,West,Website
CU02461,Customer 02461,Professionals,North,Corporate Sales
CU02462,Customer 02462,Home Makers,West,Social
CU02463,Customer 02463,Home Makers,East,Corporate Sales
CU02464,Customer 02464,Home Makers,Central,Social
CU02465,Customer 02465,Professionals,East,Social
CU02466,Customer 02466,Value Seekers,Central,Social
CU02467,Customer 02467,Corporate,East,Social
CU02468,Customer 02468,Gamers,West,Corporate Sales
CU02469,Customer 02469,Value Seekers,North,Referral
CU02470,Customer 02470,Gamers,North,Website
CU02471,Customer 02471,Home Makers,West,Social
CU02472,Customer 02472,Professionals,North,Store
CU02473,Customer 02473,Home Makers,West,Referral
CU02474,Customer 02474,Gamers,North,Website
CU02475,Customer 02475,Premium,Central,Store
CU02476,Customer 02476,Value Seekers,East,Store
CU02477,Customer 02477,Home Makers,East,Website
CU02478,Customer 02478,Gamers,East,Social
CU02479,Customer 02479,Home Makers,West,Store
CU02480,Customer 02480,Value Seekers,Central,Referral
CU02481,Customer 02481,Value Seekers,West,Corporate Sales
CU02482,Customer 02482,Gamers,West,Social
CU02483,Customer 02483,Value Seekers,Central,Website
CU02484,Customer 02484,Premium,Central,Social
CU02485,Customer 02485,Gamers,West,Website
CU02486,Customer 02486,Value Seekers,East,Referral
CU02487,Customer 02487,Professionals,Central,Website
CU02488,Customer 02488,Value Seekers,West,Social
CU02489,Customer 02489,Corporate,East,Referral
CU02490,Customer 02490,Value Seekers,West,Website
CU02491,Customer 02491,Corporate,East,Store
CU02492,Customer 02492,Home Makers,North,Website
CU02493,Customer 02493,Gamers,East,Social
CU02494,Customer 02494,Value Seekers,North,Referral
CU02495,Customer 02495,Professionals,West,Website
CU02496,Customer 02496,Corporate,West,Corporate Sales
CU02497,Customer 02497,Home Makers,Central,Social
CU02498,Customer 02498,Corporate,North,Store
CU02499,Customer 02499,Corporate,North,Website
CU02500,Customer 02500,Home Makers,Central,Social
CU02501,Customer 02501,Gamers,North,Website
CU02502,Customer 02502,Value Seekers,North,Store
CU02503,Customer 02503,Corporate,West,Store
CU02504,Customer 02504,Premium,East,Website
CU02505,Customer 02505,Value Seekers,West,Social
CU02506,Customer 02506,Gamers,North,Store
CU02507,Customer 02507,Professionals,East,Website
CU02508,Customer 02508,Value Seekers,North,Social
CU02509,Customer 02509,Professionals,East,Website
CU02510,Customer 02510,Value Seekers,Central,Website
CU02511,Customer 02511,Gamers,North,Referral
CU02512,Customer 02512,Value Seekers,East,Store
CU02513,Customer 02513,Professionals,West,Website
CU02514,Customer 02514,Value Seekers,West,Store
CU02515,Customer 02515,Professionals,West,Referral
CU02516,Customer 02516,Premium,West,Store
CU02517,Customer 02517,Value Seekers,West,Social
CU02518,Customer 02518,Premium,Central,Website
CU02519,Customer 02519,Corporate,West,Referral
CU02520,Customer 02520,Corporate,North,Social
CU02521,Customer 02521,Gamers,West,Social
CU02522,Customer 02522,Value Seekers,East,Website
CU02523,Customer 02523,Corporate,North,Website
CU02524,Customer 02524,Professionals,North,Website
CU02525,Customer 02525,Corporate,West,Website
CU02526,Customer 02526,Premium,East,Store
CU02527,Customer 02527,Professionals,North,Website
CU02528,Customer 02528,Premium,North,Social
CU02529,Customer 02529,Professionals,West,Website
CU02530,Customer 02530,Corporate,Central,Social
CU02531,Customer 02531,Home Makers,West,Referral
CU02532,Customer 02532,Value Seekers,West,Store
CU02533,Customer 02533,Corporate,West,Social
CU02534,Customer 02534,Premium,West,Referral
CU02535,Customer 02535,Professionals,Central,Website
CU02536,Customer 02536,Home Makers,East,Store
CU02537,Customer 02537,Home Makers,Central,Social
CU02538,Customer 02538,Home Makers,North,Social
CU02539,Customer 02539,Value Seekers,East,Store
CU02540,Customer 02540,Home Makers,North,Website
CU02541,Customer 02541,Professionals,East,Store
CU02542,Customer 02542,Professionals,West,Social
CU02543,Customer 02543,Home Makers,West,Website
CU02544,Customer 02544,Professionals,North,Website
CU02545,Customer 02545,Premium,East,Referral
CU02546,Customer 02546,Corporate,North,Referral
CU02547,Customer 02547,Home Makers,North,Store
CU02548,Customer 02548,Premium,Central,Corporate Sales
CU02549,Customer 02549,Gamers,West,Store
CU02550,Customer 02550,Home Makers,East,Website
CU02551,Customer 02551,Premium,West,Social
CU02552,Customer 02552,Value Seekers,North,Store
CU02553,Customer 02553,Professionals,West,Referral
CU02554,Customer 02554,Home Makers,North,Social
CU02555,Customer 02555,Value Seekers,West,Social
CU02556,Customer 02556,Value Seekers,East,Social
CU02557,Customer 02557,Professionals,Central,Social
CU02558,Customer 02558,Professionals,West,Store
CU02559,Customer 02559,Premium,Central,Website
CU02560,Customer 02560,Value Seekers,West,Social
CU02561,Customer 02561,Value Seekers,West,Social
CU02562,Customer 02562,Premium,North,Website
CU02563,Customer 02563,Value Seekers,North,Website
CU02564,Customer 02564,Home Makers,East,Store
CU02565,Customer 02565,Professionals,North,Corporate Sales
CU02566,Customer 02566,Professionals,Central,Store
CU02567,Customer 02567,Value Seekers,North,Store
CU02568,Customer 02568,Value Seekers,West,Referral
CU02569,Customer 02569,Professionals,North,Social
CU02570,Customer 02570,Gamers,West,Social
CU02571,Customer 02571,Home Makers,East,Corporate Sales
CU02572,Customer 02572,Professionals,West,Website
CU02573,Customer 02573,Gamers,East,Corporate Sales
CU02574,Customer 02574,Professionals,Central,Website
CU02575,Customer 02575,Gamers,North,Corporate Sales
CU02576,Customer 02576,Gamers,East,Store
CU02577,Customer 02577,Professionals,North,Store
CU02578,Customer 02578,Professionals,North,Social
CU02579,Customer 02579,Gamers,North,Website
CU02580,Customer 02580,Premium,West,Corporate Sales
CU02581,Customer 02581,Corporate,East,Website
CU02582,Customer 02582,Corporate,West,Website
CU02583,Customer 02583,Corporate,East,Store
CU02584,Customer 02584,Value Seekers,West,Website
CU02585,Customer 02585,Value Seekers,West,Social
CU02586,Customer 02586,Value Seekers,East,Social
CU02587,Customer 02587,Value Seekers,Central,Store
CU02588,Customer 02588,Professionals,West,Referral
CU02589,Customer 02589,Premium,West,Website
CU02590,Customer 02590,Home Makers,Central,Website
CU02591,Customer 02591,Value Seekers,East,Website
CU02592,Customer 02592,Corporate,West,Referral
CU02593,Customer 02593,Value Seekers,West,Store
CU02594,Customer 02594,Premium,Central,Social
CU02595,Customer 02595,Gamers,West,Store
CU02596,Customer 02596,Value Seekers,West,Store
CU02597,Customer 02597,Home Makers,Central,Social
CU02598,Customer 02598,Value Seekers,Central,Referral
CU02599,Customer 02599,Professionals,West,Store
CU02600,Customer 02600,Professionals,West,Store
CU02601,Customer 02601,Home Makers,East,Website
CU02602,Customer 02602,Premium,East,Website
CU02603,Customer 02603,Professionals,Central,Referral
CU02604,Customer 02604,Corporate,Central,Website
CU02605,Customer 02605,Premium,East,Social
CU02606,Customer 02606,Premium,East,Website
CU02607,Customer 02607,Value Seekers,North,Website
CU02608,Customer 02608,Professionals,Central,Store
CU02609,Customer 02609,Value Seekers,West,Referral
CU02610,Customer 02610,Professionals,West,Social
CU02611,Customer 02611,Gamers,West,Corporate Sales
CU02612,Customer 02612,Professionals,Central,Website
CU02613,Customer 02613,Home Makers,West,Social
CU02614,Customer 02614,Gamers,West,Referral
CU02615,Customer 02615,Value Seekers,East,Store
CU02616,Customer 02616,Professionals,East,Social
CU02617,Customer 02617,Home Makers,West,Referral
CU02618,Customer 02618,Professionals,West,Website
CU02619,Customer 02619,Value Seekers,East,Corporate Sales
CU02620,Customer 02620,Value Seekers,North,Corporate Sales
CU02621,Customer 02621,Value Seekers,West,Social
CU02622,Customer 02622,Corporate,West,Corporate Sales
CU02623,Customer 02623,Premium,North,Social
CU02624,Customer 02624,Gamers,Central,Corporate Sales
CU02625,Customer 02625,Home Makers,North,Store
CU02626,Customer 02626,Gamers,North,Social
CU02627,Customer 02627,Value Seekers,East,Social
CU02628,Customer 02628,Professionals,Central,Store
CU02629,Customer 02629,Home Makers,West,Store
CU02630,Customer 02630,Professionals,North,Social
CU02631,Customer 02631,Professionals,East,Website
CU02632,Customer 02632,Value Seekers,West,Website
CU02633,Customer 02633,Professionals,Central,Store
CU02634,Customer 02634,Professionals,East,Store
CU02635,Customer 02635,Corporate,West,Store
CU02636,Customer 02636,Premium,West,Corporate Sales
CU02637,Customer 02637,Gamers,West,Website
CU02638,Customer 02638,Value Seekers,East,Referral
CU02639,Customer 02639,Corporate,North,Referral
CU02640,Customer 02640,Corporate,West,Website
CU02641,Customer 02641,Gamers,Central,Website
CU02642,Customer 02642,Corporate,East,Website
CU02643,Customer 02643,Value Seekers,West,Referral
CU02644,Customer 02644,Value Seekers,Central,Website
CU02645,Customer 02645,Home Makers,West,Referral
CU02646,Customer 02646,Home Makers,North,Store
CU02647,Customer 02647,Home Makers,North,Store
CU02648,Customer 02648,Value Seekers,West,Website
CU02649,Customer 02649,Gamers,West,Website
CU02650,Customer 02650,Value Seekers,North,Website
CU02651,Customer 02651,Premium,North,Website
CU02652,Customer 02652,Corporate,West,Website
CU02653,Customer 02653,Professionals,Central,Social
CU02654,Customer 02654,Home Makers,Central,Referral
CU02655,Customer 02655,Home Makers,West,Referral
CU02656,Customer 02656,Professionals,East,Website
CU02657,Customer 02657,Gamers,North,Website
CU02658,Customer 02658,Home Makers,Central,Referral
CU02659,Customer 02659,Value Seekers,West,Website
CU02660,Customer 02660,Premium,West,Website
CU02661,Customer 02661,Professionals,East,Website
CU02662,Customer 02662,Gamers,West,Social
CU02663,Customer 02663,Gamers,West,Website
CU02664,Customer 02664,Value Seekers,Central,Website
CU02665,Customer 02665,Premium,Central,Referral
CU02666,Customer 02666,Gamers,West,Website
CU02667,Customer 02667,Gamers,West,Website
CU02668,Customer 02668,Home Makers,East,Social
CU02669,Customer 02669,Premium,West,Store
CU02670,Customer 02670,Value Seekers,East,Website
CU02671,Customer 02671,Value Seekers,East,Website
CU02672,Customer 02672,Home Makers,West,Store
CU02673,Customer 02673,Professionals,West,Corporate Sales
CU02674,Customer 02674,Value Seekers,Central,Corporate Sales
CU02675,Customer 02675,Premium,East,Referral
CU02676,Customer 02676,Value Seekers,West,Corporate Sales
CU02677,Customer 02677,Gamers,East,Website
CU02678,Customer 02678,Professionals,East,Website
CU02679,Customer 02679,Value Seekers,North,Store
CU02680,Customer 02680,Home Makers,East,Store
CU02681,Customer 02681,Home Makers,North,Website
CU02682,Customer 02682,Gamers,West,Store
CU02683,Customer 02683,Home Makers,West,Referral
CU02684,Customer 02684,Premium,West,Corporate Sales
CU02685,Customer 02685,Value Seekers,West,Social
CU02686,Customer 02686,Value Seekers,West,Website
CU02687,Customer 02687,Premium,West,Corporate Sales
CU02688,Customer 02688,Value Seekers,North,Website
CU02689,Customer 02689,Value Seekers,Central,Store
CU02690,Customer 02690,Value Seekers,North,Store
CU02691,Customer 02691,Value Seekers,West,Store
CU02692,Customer 02692,Professionals,North,Website
CU02693,Customer 02693,Professionals,West,Referral
CU02694,Customer 02694,Home Makers,West,Website
CU02695,Customer 02695,Premium,East,Referral
CU02696,Customer 02696,Professionals,Central,Store
CU02697,Customer 02697,Value Seekers,West,Website
CU02698,Customer 02698,Value Seekers,West,Social
CU02699,Customer 02699,Premium,Central,Website
CU02700,Customer 02700,Corporate,Central,Social
CU02701,Customer 02701,Value Seekers,East,Store
CU02702,Customer 02702,Home Makers,East,Social
CU02703,Customer 02703,Corporate,West,Social
CU02704,Customer 02704,Value Seekers,Central,Social
CU02705,Customer 02705,Professionals,West,Corporate Sales
CU02706,Customer 02706,Value Seekers,Central,Website
CU02707,Customer 02707,Home Makers,East,Store
CU02708,Customer 02708,Premium,Central,Social
CU02709,Customer 02709,Professionals,West,Website
CU02710,Customer 02710,Gamers,North,Website
CU02711,Customer 02711,Value Seekers,North,Website
CU02712,Customer 02712,Home Makers,West,Store
CU02713,Customer 02713,Home Makers,East,Store
CU02714,Customer 02714,Premium,North,Social
CU02715,Customer 02715,Home Makers,East,Social
CU02716,Customer 02716,Home Makers,North,Website
CU02717,Customer 02717,Gamers,West,Social
CU02718,Customer 02718,Professionals,East,Store
CU02719,Customer 02719,Professionals,West,Corporate Sales
CU02720,Customer 02720,Home Makers,West,Website
CU02721,Customer 02721,Gamers,North,Corporate Sales
CU02722,Customer 02722,Value Seekers,East,Store
CU02723,Customer 02723,Gamers,West,Store
CU02724,Customer 02724,Corporate,West,Corporate Sales
CU02725,Customer 02725,Gamers,West,Social
CU02726,Customer 02726,Professionals,North,Website
CU02727,Customer 02727,Home Makers,West,Social
CU02728,Customer 02728,Corporate,West,Social
CU02729,Customer 02729,Professionals,North,Store
CU02730,Customer 02730,Gamers,East,Website
CU02731,Customer 02731,Gamers,West,Website
CU02732,Customer 02732,Premium,North,Referral
CU02733,Customer 02733,Premium,Central,Referral
CU02734,Customer 02734,Professionals,North,Social
CU02735,Customer 02735,Premium,Central,Corporate Sales
CU02736,Customer 02736,Professionals,West,Website
CU02737,Customer 02737,Value Seekers,West,Website
CU02738,Customer 02738,Professionals,East,Referral
CU02739,Customer 02739,Professionals,East,Social
CU02740,Customer 02740,Value Seekers,North,Store
CU02741,Customer 02741,Value Seekers,North,Store
CU02742,Customer 02742,Home Makers,Central,Website
CU02743,Customer 02743,Value Seekers,West,Corporate Sales
CU02744,Customer 02744,Home Makers,Central,Corporate Sales
CU02745,Customer 02745,Professionals,Central,Corporate Sales
CU02746,Customer 02746,Professionals,West,Social
CU02747,Customer 02747,Professionals,North,Website
CU02748,Customer 02748,Professionals,West,Website
CU02749,Customer 02749,Value Seekers,East,Website
CU02750,Customer 02750,Value Seekers,East,Corporate Sales
CU02751,Customer 02751,Premium,West,Corporate Sales
CU02752,Customer 02752,Corporate,East,Store
CU02753,Customer 02753,Premium,West,Website
CU02754,Customer 02754,Professionals,Central,Website
CU02755,Customer 02755,Home Makers,Central,Website
CU02756,Customer 02756,Corporate,Central,Social
CU02757,Customer 02757,Professionals,West,Social
CU02758,Customer 02758,Professionals,West,Corporate Sales
CU02759,Customer 02759,Professionals,East,Website
CU02760,Customer 02760,Gamers,Central,Website
CU02761,Customer 02761,Professionals,East,Store
CU02762,Customer 02762,Value Seekers,West,Website
CU02763,Customer 02763,Corporate,Central,Social
CU02764,Customer 02764,Value Seekers,West,Social
CU02765,Customer 02765,Professionals,West,Social
CU02766,Customer 02766,Premium,West,Store
CU02767,Customer 02767,Value Seekers,East,Corporate Sales
CU02768,Customer 02768,Premium,West,Store
CU02769,Customer 02769,Gamers,West,Website
CU02770,Customer 02770,Value Seekers,West,Store
CU02771,Customer 02771,Gamers,East,Store
CU02772,Customer 02772,Value Seekers,West,Social
CU02773,Customer 02773,Value Seekers,West,Referral
CU02774,Customer 02774,Premium,Central,Website
CU02775,Customer 02775,Value Seekers,West,Referral
CU02776,Customer 02776,Value Seekers,North,Social
CU02777,Customer 02777,Value Seekers,Central,Website
CU02778,Customer 02778,Value Seekers,East,Corporate Sales
CU02779,Customer 02779,Home Makers,West,Corporate Sales
CU02780,Customer 02780,Value Seekers,West,Website
CU02781,Customer 02781,Home Makers,West,Website
CU02782,Customer 02782,Professionals,Central,Website
CU02783,Customer 02783,Value Seekers,North,Referral
CU02784,Customer 02784,Premium,West,Store
CU02785,Customer 02785,Value Seekers,West,Social
CU02786,Customer 02786,Home Makers,Central,Store
CU02787,Customer 02787,Home Makers,East,Store
CU02788,Customer 02788,Premium,West,Corporate Sales
CU02789,Customer 02789,Value Seekers,West,Social
CU02790,Customer 02790,Home Makers,West,Store
CU02791,Customer 02791,Home Makers,East,Store
CU02792,Customer 02792,Professionals,West,Referral
CU02793,Customer 02793,Value Seekers,West,Store
CU02794,Customer 02794,Value Seekers,West,Corporate Sales
CU02795,Customer 02795,Corporate,North,Website
CU02796,Customer 02796,Corporate,Central,Website
CU02797,Customer 02797,Premium,North,Corporate Sales
CU02798,Customer 02798,Professionals,West,Store
CU02799,Customer 02799,Premium,East,Website
CU02800,Customer 02800,Value Seekers,West,Store
CU02801,Customer 02801,Value Seekers,West,Website
CU02802,Customer 02802,Home Makers,West,Store
CU02803,Customer 02803,Value Seekers,West,Store
CU02804,Customer 02804,Gamers,Central,Social
CU02805,Customer 02805,Professionals,West,Social
CU02806,Customer 02806,Home Makers,West,Website
CU02807,Customer 02807,Value Seekers,West,Website
CU02808,Customer 02808,Home Makers,West,Social
CU02809,Customer 02809,Home Makers,West,Social
CU02810,Customer 02810,Professionals,North,Corporate Sales
CU02811,Customer 02811,Home Makers,West,Website
CU02812,Customer 02812,Home Makers,West,Social
CU02813,Customer 02813,Value Seekers,North,Website
CU02814,Customer 02814,Value Seekers,Central,Website
CU02815,Customer 02815,Home Makers,West,Website
CU02816,Customer 02816,Home Makers,North,Store
CU02817,Customer 02817,Gamers,North,Website
CU02818,Customer 02818,Value Seekers,North,Store
CU02819,Customer 02819,Home Makers,West,Referral
CU02820,Customer 02820,Premium,West,Website
CU02821,Customer 02821,Home Makers,East,Website
CU02822,Customer 02822,Premium,West,Store
CU02823,Customer 02823,Corporate,West,Social
CU02824,Customer 02824,Gamers,Central,Store
CU02825,Customer 02825,Home Makers,West,Website
CU02826,Customer 02826,Home Makers,East,Social
CU02827,Customer 02827,Premium,East,Store
CU02828,Customer 02828,Professionals,East,Social
CU02829,Customer 02829,Value Seekers,Central,Social
CU02830,Customer 02830,Value Seekers,Central,Social
CU02831,Customer 02831,Professionals,East,Website
CU02832,Customer 02832,Home Makers,Central,Store
CU02833,Customer 02833,Home Makers,West,Referral
CU02834,Customer 02834,Professionals,North,Store
CU02835,Customer 02835,Professionals,West,Referral
CU02836,Customer 02836,Corporate,West,Website
CU02837,Customer 02837,Premium,West,Social
CU02838,Customer 02838,Home Makers,West,Website
CU02839,Customer 02839,Home Makers,West,Website
CU02840,Customer 02840,Premium,North,Website
CU02841,Customer 02841,Gamers,North,Website
CU02842,Customer 02842,Professionals,Central,Store
CU02843,Customer 02843,Professionals,West,Website
CU02844,Customer 02844,Home Makers,North,Store
CU02845,Customer 02845,Gamers,Central,Website
CU02846,Customer 02846,Value Seekers,East,Website
CU02847,Customer 02847,Home Makers,North,Website
CU02848,Customer 02848,Professionals,West,Referral
CU02849,Customer 02849,Corporate,North,Corporate Sales
CU02850,Customer 02850,Professionals,East,Referral
CU02851,Customer 02851,Professionals,Central,Referral
CU02852,Customer 02852,Value Seekers,West,Social
CU02853,Customer 02853,Home Makers,East,Website
CU02854,Customer 02854,Value Seekers,Central,Website
CU02855,Customer 02855,Professionals,East,Social
CU02856,Customer 02856,Home Makers,North,Social
CU02857,Customer 02857,Professionals,West,Store
CU02858,Customer 02858,Professionals,West,Corporate Sales
CU02859,Customer 02859,Value Seekers,Central,Referral
CU02860,Customer 02860,Value Seekers,North,Website
CU02861,Customer 02861,Professionals,West,Store
CU02862,Customer 02862,Home Makers,East,Store
CU02863,Customer 02863,Gamers,West,Social
CU02864,Customer 02864,Home Makers,North,Corporate Sales
CU02865,Customer 02865,Professionals,North,Store
CU02866,Customer 02866,Professionals,East,Referral
CU02867,Customer 02867,Home Makers,West,Referral
CU02868,Customer 02868,Home Makers,East,Social
CU02869,Customer 02869,Corporate,North,Social
CU02870,Customer 02870,Gamers,Central,Website
CU02871,Customer 02871,Gamers,Central,Website
CU02872,Customer 02872,Value Seekers,North,Store
CU02873,Customer 02873,Corporate,East,Social
CU02874,Customer 02874,Premium,Central,Social
CU02875,Customer 02875,Premium,East,Social
CU02876,Customer 02876,Professionals,West,Website
CU02877,Customer 02877,Gamers,East,Social
CU02878,Customer 02878,Value Seekers,Central,Store
CU02879,Customer 02879,Premium,East,Referral
CU02880,Customer 02880,Gamers,East,Referral
CU02881,Customer 02881,Corporate,North,Store
CU02882,Customer 02882,Premium,Central,Website
CU02883,Customer 02883,Premium,West,Referral
CU02884,Customer 02884,Professionals,West,Social
CU02885,Customer 02885,Premium,West,Store
CU02886,Customer 02886,Value Seekers,East,Store
CU02887,Customer 02887,Professionals,North,Website
CU02888,Customer 02888,Value Seekers,Central,Social
CU02889,Customer 02889,Premium,North,Referral
CU02890,Customer 02890,Gamers,North,Corporate Sales
CU02891,Customer 02891,Home Makers,Central,Store
CU02892,Customer 02892,Value Seekers,East,Store
CU02893,Customer 02893,Gamers,East,Social
CU02894,Customer 02894,Corporate,East,Store
CU02895,Customer 02895,Value Seekers,West,Website
CU02896,Customer 02896,Home Makers,West,Store
CU02897,Customer 02897,Home Makers,West,Social
CU02898,Customer 02898,Premium,East,Store
CU02899,Customer 02899,Professionals,West,Social
CU02900,Customer 02900,Professionals,North,Corporate Sales
CU02901,Customer 02901,Home Makers,West,Website
CU02902,Customer 02902,Value Seekers,East,Store
CU02903,Customer 02903,Premium,Central,Referral
CU02904,Customer 02904,Professionals,West,Referral
CU02905,Customer 02905,Value Seekers,Central,Referral
CU02906,Customer 02906,Value Seekers,East,Corporate Sales
CU02907,Customer 02907,Professionals,West,Website
CU02908,Customer 02908,Value Seekers,North,Social
CU02909,Customer 02909,Home Makers,West,Store
CU02910,Customer 02910,Value Seekers,East,Store
CU02911,Customer 02911,Professionals,West,Social
CU02912,Customer 02912,Premium,West,Store
CU02913,Customer 02913,Gamers,East,Social
CU02914,Customer 02914,Premium,North,Social
CU02915,Customer 02915,Professionals,North,Social
CU02916,Customer 02916,Gamers,West,Store
CU02917,Customer 02917,Value Seekers,West,Store
CU02918,Customer 02918,Value Seekers,East,Social
CU02919,Customer 02919,Premium,East,Referral
CU02920,Customer 02920,Corporate,Central,Social
CU02921,Customer 02921,Professionals,West,Referral
CU02922,Customer 02922,Home Makers,West,Social
CU02923,Customer 02923,Professionals,Central,Website
CU02924,Customer 02924,Corporate,Central,Social
CU02925,Customer 02925,Value Seekers,West,Store
CU02926,Customer 02926,Home Makers,West,Social
CU02927,Customer 02927,Home Makers,West,Website
CU02928,Customer 02928,Home Makers,North,Website
CU02929,Customer 02929,Professionals,North,Website
CU02930,Customer 02930,Value Seekers,North,Store
CU02931,Customer 02931,Professionals,Central,Social
CU02932,Customer 02932,Professionals,West,Referral
CU02933,Customer 02933,Gamers,North,Corporate Sales
CU02934,Customer 02934,Home Makers,West,Store
CU02935,Customer 02935,Home Makers,Central,Social
CU02936,Customer 02936,Value Seekers,North,Store
CU02937,Customer 02937,Value Seekers,West,Website
CU02938,Customer 02938,Professionals,Central,Website
CU02939,Customer 02939,Home Makers,North,Referral
CU02940,Customer 02940,Gamers,Central,Social
CU02941,Customer 02941,Value Seekers,West,Website
CU02942,Customer 02942,Professionals,West,Corporate Sales
CU02943,Customer 02943,Value Seekers,West,Website
CU02944,Customer 02944,Professionals,Central,Store
CU02945,Customer 02945,Value Seekers,West,Social
CU02946,Customer 02946,Home Makers,West,Social
CU02947,Customer 02947,Premium,North,Corporate Sales
CU02948,Customer 02948,Value Seekers,West,Social
CU02949,Customer 02949,Home Makers,East,Store
CU02950,Customer 02950,Value Seekers,East,Website
CU02951,Customer 02951,Home Makers,West,Referral
CU02952,Customer 02952,Value Seekers,West,Website
CU02953,Customer 02953,Home Makers,Central,Website
CU02954,Customer 02954,Gamers,West,Website
CU02955,Customer 02955,Home Makers,East,Social
CU02956,Customer 02956,Value Seekers,West,Website
CU02957,Customer 02957,Corporate,West,Social
CU02958,Customer 02958,Value Seekers,West,Store
CU02959,Customer 02959,Professionals,West,Website
CU02960,Customer 02960,Value Seekers,West,Store
CU02961,Customer 02961,Corporate,West,Social
CU02962,Customer 02962,Home Makers,West,Social
CU02963,Customer 02963,Gamers,Central,Corporate Sales
CU02964,Customer 02964,Value Seekers,Central,Social
CU02965,Customer 02965,Value Seekers,Central,Referral
CU02966,Customer 02966,Corporate,West,Store
CU02967,Customer 02967,Value Seekers,Central,Website
CU02968,Customer 02968,Value Seekers,West,Website
CU02969,Customer 02969,Value Seekers,West,Store
CU02970,Customer 02970,Home Makers,West,Store
CU02971,Customer 02971,Home Makers,North,Corporate Sales
CU02972,Customer 02972,Home Makers,East,Referral
CU02973,Customer 02973,Home Makers,West,Referral
CU02974,Customer 02974,Gamers,West,Social
CU02975,Customer 02975,Professionals,West,Website
CU02976,Customer 02976,Professionals,Central,Store
CU02977,Customer 02977,Value Seekers,West,Corporate Sales
CU02978,Customer 02978,Gamers,East,Referral
CU02979,Customer 02979,Corporate,Central,Store
CU02980,Customer 02980,Professionals,West,Website
CU02981,Customer 02981,Professionals,Central,Website
CU02982,Customer 02982,Premium,West,Website
CU02983,Customer 02983,Professionals,East,Social
CU02984,Customer 02984,Premium,West,Referral
CU02985,Customer 02985,Premium,East,Store
CU02986,Customer 02986,Value Seekers,East,Website
CU02987,Customer 02987,Corporate,Central,Corporate Sales
CU02988,Customer 02988,Premium,Central,Store
CU02989,Customer 02989,Value Seekers,North,Store
CU02990,Customer 02990,Corporate,East,Social
CU02991,Customer 02991,Corporate,West,Social
CU02992,Customer 02992,Home Makers,Central,Website
CU02993,Customer 02993,Home Makers,East,Store
CU02994,Customer 02994,Gamers,Central,Corporate Sales
CU02995,Customer 02995,Premium,West,Website
CU02996,Customer 02996,Home Makers,West,Corporate Sales
CU02997,Customer 02997,Value Seekers,North,Website
CU02998,Customer 02998,Gamers,West,Website
CU02999,Customer 02999,Value Seekers,Central,Referral
CU03000,Customer 03000,Value Seekers,West,Store
CU03001,Customer 03001,Home Makers,North,Corporate Sales
CU03002,Customer 03002,Home Makers,East,Referral
CU03003,Customer 03003,Premium,North,Social
CU03004,Customer 03004,Value Seekers,West,Store
CU03005,Customer 03005,Value Seekers,East,Social
CU03006,Customer 03006,Corporate,West,Social
CU03007,Customer 03007,Professionals,West,Website
CU03008,Customer 03008,Gamers,West,Referral
CU03009,Customer 03009,Value Seekers,West,Website
CU03010,Customer 03010,Professionals,East,Website
CU03011,Customer 03011,Home Makers,West,Store
CU03012,Customer 03012,Gamers,Central,Website
CU03013,Customer 03013,Professionals,West,Website
CU03014,Customer 03014,Professionals,West,Social
CU03015,Customer 03015,Value Seekers,West,Store
CU03016,Customer 03016,Home Makers,West,Social
CU03017,Customer 03017,Premium,North,Referral
CU03018,Customer 03018,Corporate,East,Website
CU03019,Customer 03019,Value Seekers,East,Store
CU03020,Customer 03020,Value Seekers,West,Website
CU03021,Customer 03021,Home Makers,West,Social
CU03022,Customer 03022,Gamers,Central,Corporate Sales
CU03023,Customer 03023,Value Seekers,Central,Corporate Sales
CU03024,Customer 03024,Premium,West,Social
CU03025,Customer 03025,Value Seekers,West,Store
CU03026,Customer 03026,Professionals,West,Store
CU03027,Customer 03027,Professionals,West,Website
CU03028,Customer 03028,Home Makers,East,Referral
CU03029,Customer 03029,Gamers,North,Store
CU03030,Customer 03030,Home Makers,East,Store
CU03031,Customer 03031,Professionals,Central,Store
CU03032,Customer 03032,Home Makers,North,Corporate Sales
CU03033,Customer 03033,Value Seekers,West,Referral
CU03034,Customer 03034,Value Seekers,East,Store
CU03035,Customer 03035,Home Makers,East,Referral
CU03036,Customer 03036,Professionals,East,Corporate Sales
CU03037,Customer 03037,Professionals,West,Store
CU03038,Customer 03038,Gamers,Central,Store
CU03039,Customer 03039,Premium,Central,Store
CU03040,Customer 03040,Value Seekers,East,Store
CU03041,Customer 03041,Premium,West,Store
CU03042,Customer 03042,Professionals,North,Store
CU03043,Customer 03043,Value Seekers,North,Store
CU03044,Customer 03044,Value Seekers,West,Store
CU03045,Customer 03045,Home Makers,North,Website
CU03046,Customer 03046,Home Makers,West,Store
CU03047,Customer 03047,Value Seekers,West,Store
CU03048,Customer 03048,Professionals,North,Store
CU03049,Customer 03049,Premium,West,Store
CU03050,Customer 03050,Home Makers,Central,Website
CU03051,Customer 03051,Premium,West,Social
CU03052,Customer 03052,Home Makers,West,Store
CU03053,Customer 03053,Corporate,West,Social
CU03054,Customer 03054,Gamers,Central,Corporate Sales
CU03055,Customer 03055,Professionals,East,Referral
CU03056,Customer 03056,Premium,North,Social
CU03057,Customer 03057,Home Makers,North,Store
CU03058,Customer 03058,Professionals,West,Referral
CU03059,Customer 03059,Professionals,West,Website
CU03060,Customer 03060,Gamers,North,Social
CU03061,Customer 03061,Professionals,East,Store
CU03062,Customer 03062,Premium,West,Website
CU03063,Customer 03063,Gamers,West,Social
CU03064,Customer 03064,Home Makers,Central,Social
CU03065,Customer 03065,Gamers,West,Corporate Sales
CU03066,Customer 03066,Value Seekers,West,Store
CU03067,Customer 03067,Home Makers,Central,Store
CU03068,Customer 03068,Professionals,East,Website
CU03069,Customer 03069,Professionals,West,Store
CU03070,Customer 03070,Professionals,North,Store
CU03071,Customer 03071,Professionals,North,Website
CU03072,Customer 03072,Home Makers,West,Website
CU03073,Customer 03073,Corporate,East,Referral
CU03074,Customer 03074,Professionals,West,Store
CU03075,Customer 03075,Professionals,North,Store
CU03076,Customer 03076,Professionals,West,Store
CU03077,Customer 03077,Value Seekers,West,Store
CU03078,Customer 03078,Premium,East,Social
CU03079,Customer 03079,Value Seekers,Central,Corporate Sales
CU03080,Customer 03080,Corporate,West,Referral
CU03081,Customer 03081,Home Makers,East,Corporate Sales
CU03082,Customer 03082,Professionals,Central,Store
CU03083,Customer 03083,Corporate,Central,Website
CU03084,Customer 03084,Premium,North,Website
CU03085,Customer 03085,Gamers,Central,Corporate Sales
CU03086,Customer 03086,Gamers,North,Website
CU03087,Customer 03087,Premium,West,Social
CU03088,Customer 03088,Premium,West,Website
CU03089,Customer 03089,Value Seekers,West,Social
CU03090,Customer 03090,Home Makers,Central,Website
CU03091,Customer 03091,Home Makers,East,Social
CU03092,Customer 03092,Corporate,West,Social
CU03093,Customer 03093,Premium,East,Website
CU03094,Customer 03094,Professionals,West,Social
CU03095,Customer 03095,Premium,East,Store
CU03096,Customer 03096,Professionals,West,Store
CU03097,Customer 03097,Gamers,West,Referral
CU03098,Customer 03098,Gamers,Central,Store
CU03099,Customer 03099,Premium,West,Corporate Sales
CU03100,Customer 03100,Premium,Central,Corporate Sales
CU03101,Customer 03101,Premium,Central,Referral
CU03102,Customer 03102,Value Seekers,West,Social
CU03103,Customer 03103,Gamers,East,Website
CU03104,Customer 03104,Gamers,North,Referral
CU03105,Customer 03105,Home Makers,West,Referral
CU03106,Customer 03106,Premium,North,Website
CU03107,Customer 03107,Home Makers,Central,Website
CU03108,Customer 03108,Corporate,East,Store
CU03109,Customer 03109,Value Seekers,Central,Website
CU03110,Customer 03110,Home Makers,East,Social
CU03111,Customer 03111,Value Seekers,North,Store
CU03112,Customer 03112,Gamers,West,Referral
CU03113,Customer 03113,Gamers,Central,Social
CU03114,Customer 03114,Value Seekers,West,Website
CU03115,Customer 03115,Premium,North,Referral
CU03116,Customer 03116,Home Makers,East,Store
CU03117,Customer 03117,Premium,West,Website
CU03118,Customer 03118,Gamers,North,Website
CU03119,Customer 03119,Corporate,Central,Website
CU03120,Customer 03120,Home Makers,West,Store
CU03121,Customer 03121,Home Makers,North,Store
CU03122,Customer 03122,Home Makers,West,Referral
CU03123,Customer 03123,Home Makers,West,Website
CU03124,Customer 03124,Home Makers,North,Store
CU03125,Customer 03125,Professionals,North,Store
CU03126,Customer 03126,Value Seekers,Central,Social
CU03127,Customer 03127,Professionals,East,Store
CU03128,Customer 03128,Professionals,Central,Website
CU03129,Customer 03129,Corporate,Central,Store
CU03130,Customer 03130,Corporate,East,Website
CU03131,Customer 03131,Home Makers,North,Referral
CU03132,Customer 03132,Value Seekers,West,Referral
CU03133,Customer 03133,Gamers,Central,Website
CU03134,Customer 03134,Home Makers,North,Store
CU03135,Customer 03135,Premium,East,Website
CU03136,Customer 03136,Professionals,Central,Website
CU03137,Customer 03137,Home Makers,North,Social
CU03138,Customer 03138,Home Makers,West,Website
CU03139,Customer 03139,Home Makers,East,Store
CU03140,Customer 03140,Gamers,West,Website
CU03141,Customer 03141,Professionals,North,Website
CU03142,Customer 03142,Professionals,West,Social
CU03143,Customer 03143,Corporate,North,Store
CU03144,Customer 03144,Value Seekers,West,Website
CU03145,Customer 03145,Professionals,North,Referral
CU03146,Customer 03146,Value Seekers,North,Website
CU03147,Customer 03147,Value Seekers,East,Social
CU03148,Customer 03148,Value Seekers,West,Website
CU03149,Customer 03149,Home Makers,West,Corporate Sales
CU03150,Customer 03150,Premium,West,Referral
CU03151,Customer 03151,Home Makers,North,Referral
CU03152,Customer 03152,Value Seekers,West,Social
CU03153,Customer 03153,Professionals,West,Referral
CU03154,Customer 03154,Value Seekers,Central,Social
CU03155,Customer 03155,Home Makers,Central,Social
CU03156,Customer 03156,Gamers,West,Store
CU03157,Customer 03157,Gamers,Central,Store
CU03158,Customer 03158,Professionals,East,Store
CU03159,Customer 03159,Home Makers,North,Website
CU03160,Customer 03160,Home Makers,West,Social
CU03161,Customer 03161,Professionals,Central,Website
CU03162,Customer 03162,Professionals,West,Social
CU03163,Customer 03163,Professionals,West,Website
CU03164,Customer 03164,Value Seekers,East,Social
CU03165,Customer 03165,Value Seekers,East,Website
CU03166,Customer 03166,Corporate,Central,Website
CU03167,Customer 03167,Professionals,North,Website
CU03168,Customer 03168,Value Seekers,West,Store
CU03169,Customer 03169,Value Seekers,East,Store
CU03170,Customer 03170,Premium,West,Store
CU03171,Customer 03171,Premium,North,Store
CU03172,Customer 03172,Value Seekers,West,Store
CU03173,Customer 03173,Value Seekers,West,Website
CU03174,Customer 03174,Corporate,West,Website
CU03175,Customer 03175,Home Makers,East,Website
CU03176,Customer 03176,Professionals,West,Corporate Sales
CU03177,Customer 03177,Professionals,West,Corporate Sales
CU03178,Customer 03178,Professionals,Central,Corporate Sales
CU03179,Customer 03179,Value Seekers,West,Store
CU03180,Customer 03180,Value Seekers,Central,Website
CU03181,Customer 03181,Value Seekers,West,Website
CU03182,Customer 03182,Home Makers,East,Social
CU03183,Customer 03183,Gamers,Central,Referral
CU03184,Customer 03184,Gamers,West,Referral
CU03185,Customer 03185,Value Seekers,Central,Social
CU03186,Customer 03186,Value Seekers,North,Website
CU03187,Customer 03187,Home Makers,North,Website
CU03188,Customer 03188,Home Makers,North,Website
CU03189,Customer 03189,Home Makers,West,Corporate Sales
CU03190,Customer 03190,Value Seekers,West,Corporate Sales
CU03191,Customer 03191,Value Seekers,West,Website
CU03192,Customer 03192,Value Seekers,West,Store
CU03193,Customer 03193,Value Seekers,East,Corporate Sales
CU03194,Customer 03194,Gamers,North,Store
CU03195,Customer 03195,Professionals,East,Corporate Sales
CU03196,Customer 03196,Value Seekers,West,Social
CU03197,Customer 03197,Home Makers,West,Store
CU03198,Customer 03198,Value Seekers,East,Website
CU03199,Customer 03199,Home Makers,East,Social
CU03200,Customer 03200,Gamers,East,Store
CU03201,Customer 03201,Home Makers,Central,Website
CU03202,Customer 03202,Corporate,North,Website
CU03203,Customer 03203,Value Seekers,West,Store
CU03204,Customer 03204,Value Seekers,Central,Corporate Sales
CU03205,Customer 03205,Professionals,East,Website
CU03206,Customer 03206,Home Makers,Central,Referral
CU03207,Customer 03207,Gamers,West,Store
CU03208,Customer 03208,Corporate,North,Social
CU03209,Customer 03209,Value Seekers,West,Website
CU03210,Customer 03210,Gamers,West,Website
CU03211,Customer 03211,Value Seekers,West,Corporate Sales
CU03212,Customer 03212,Value Seekers,East,Website
CU03213,Customer 03213,Home Makers,North,Corporate Sales
CU03214,Customer 03214,Professionals,West,Social
CU03215,Customer 03215,Professionals,West,Social
CU03216,Customer 03216,Premium,North,Referral
CU03217,Customer 03217,Value Seekers,West,Social
CU03218,Customer 03218,Gamers,West,Corporate Sales
CU03219,Customer 03219,Premium,East,Corporate Sales
CU03220,Customer 03220,Value Seekers,North,Website
CU03221,Customer 03221,Value Seekers,North,Store
CU03222,Customer 03222,Value Seekers,East,Website
CU03223,Customer 03223,Value Seekers,East,Store
CU03224,Customer 03224,Premium,North,Referral
CU03225,Customer 03225,Professionals,West,Corporate Sales
CU03226,Customer 03226,Home Makers,Central,Website
CU03227,Customer 03227,Professionals,North,Referral
CU03228,Customer 03228,Corporate,North,Store
CU03229,Customer 03229,Home Makers,Central,Website
CU03230,Customer 03230,Professionals,North,Social
CU03231,Customer 03231,Professionals,Central,Store
CU03232,Customer 03232,Gamers,West,Website
CU03233,Customer 03233,Home Makers,Central,Store
CU03234,Customer 03234,Value Seekers,Central,Website
CU03235,Customer 03235,Professionals,North,Referral
CU03236,Customer 03236,Premium,West,Store
CU03237,Customer 03237,Value Seekers,East,Corporate Sales
CU03238,Customer 03238,Premium,North,Store
CU03239,Customer 03239,Professionals,West,Referral
CU03240,Customer 03240,Professionals,West,Social
CU03241,Customer 03241,Home Makers,East,Referral
CU03242,Customer 03242,Professionals,North,Referral
CU03243,Customer 03243,Value Seekers,East,Store
CU03244,Customer 03244,Professionals,West,Social
CU03245,Customer 03245,Home Makers,West,Social
CU03246,Customer 03246,Gamers,East,Website
CU03247,Customer 03247,Value Seekers,North,Website
CU03248,Customer 03248,Corporate,Central,Website
CU03249,Customer 03249,Home Makers,North,Social
CU03250,Customer 03250,Value Seekers,Central,Store
CU03251,Customer 03251,Home Makers,East,Referral
CU03252,Customer 03252,Corporate,Central,Social
CU03253,Customer 03253,Home Makers,West,Website
CU03254,Customer 03254,Value Seekers,West,Referral
CU03255,Customer 03255,Home Makers,Central,Website
CU03256,Customer 03256,Value Seekers,Central,Corporate Sales
CU03257,Customer 03257,Home Makers,West,Referral
CU03258,Customer 03258,Home Makers,North,Store
CU03259,Customer 03259,Home Makers,Central,Website
CU03260,Customer 03260,Value Seekers,East,Store
CU03261,Customer 03261,Value Seekers,East,Corporate Sales
CU03262,Customer 03262,Home Makers,West,Website
CU03263,Customer 03263,Premium,West,Website
CU03264,Customer 03264,Professionals,North,Website
CU03265,Customer 03265,Corporate,North,Store
CU03266,Customer 03266,Professionals,Central,Corporate Sales
CU03267,Customer 03267,Value Seekers,East,Website
CU03268,Customer 03268,Corporate,Central,Corporate Sales
CU03269,Customer 03269,Value Seekers,West,Corporate Sales
CU03270,Customer 03270,Professionals,West,Website
CU03271,Customer 03271,Corporate,North,Website
CU03272,Customer 03272,Gamers,East,Store
CU03273,Customer 03273,Professionals,North,Store
CU03274,Customer 03274,Corporate,Central,Social
CU03275,Customer 03275,Corporate,West,Social
CU03276,Customer 03276,Home Makers,West,Store
CU03277,Customer 03277,Gamers,West,Website
CU03278,Customer 03278,Premium,West,Website
CU03279,Customer 03279,Professionals,East,Store
CU03280,Customer 03280,Value Seekers,West,Corporate Sales
CU03281,Customer 03281,Corporate,Central,Store
CU03282,Customer 03282,Professionals,Central,Website
CU03283,Customer 03283,Professionals,West,Website
CU03284,Customer 03284,Corporate,West,Social
CU03285,Customer 03285,Value Seekers,West,Website
CU03286,Customer 03286,Gamers,East,Referral
CU03287,Customer 03287,Value Seekers,West,Website
CU03288,Customer 03288,Professionals,West,Store
CU03289,Customer 03289,Value Seekers,West,Social
CU03290,Customer 03290,Value Seekers,West,Website
CU03291,Customer 03291,Corporate,East,Corporate Sales
CU03292,Customer 03292,Home Makers,East,Website
CU03293,Customer 03293,Professionals,West,Referral
CU03294,Customer 03294,Professionals,West,Website
CU03295,Customer 03295,Value Seekers,West,Website
CU03296,Customer 03296,Professionals,North,Store
CU03297,Customer 03297,Premium,East,Website
CU03298,Customer 03298,Professionals,Central,Store
CU03299,Customer 03299,Premium,Central,Social
CU03300,Customer 03300,Value Seekers,East,Store
CU03301,Customer 03301,Corporate,West,Store
CU03302,Customer 03302,Home Makers,North,Website
CU03303,Customer 03303,Premium,East,Social
CU03304,Customer 03304,Gamers,North,Social
CU03305,Customer 03305,Corporate,West,Store
CU03306,Customer 03306,Value Seekers,East,Social
CU03307,Customer 03307,Value Seekers,West,Corporate Sales
CU03308,Customer 03308,Professionals,West,Website
CU03309,Customer 03309,Value Seekers,West,Website
CU03310,Customer 03310,Professionals,Central,Store
CU03311,Customer 03311,Gamers,East,Social
CU03312,Customer 03312,Home Makers,Central,Website
CU03313,Customer 03313,Home Makers,West,Social
CU03314,Customer 03314,Home Makers,West,Website
CU03315,Customer 03315,Home Makers,West,Website
CU03316,Customer 03316,Premium,East,Social
CU03317,Customer 03317,Gamers,East,Store
CU03318,Customer 03318,Home Makers,West,Referral
CU03319,Customer 03319,Value Seekers,West,Store
CU03320,Customer 03320,Value Seekers,North,Website
CU03321,Customer 03321,Gamers,West,Website
CU03322,Customer 03322,Value Seekers,West,Corporate Sales
CU03323,Customer 03323,Value Seekers,East,Website
CU03324,Customer 03324,Professionals,West,Website
CU03325,Customer 03325,Professionals,West,Website
CU03326,Customer 03326,Professionals,East,Website
CU03327,Customer 03327,Premium,East,Corporate Sales
CU03328,Customer 03328,Home Makers,North,Social
CU03329,Customer 03329,Corporate,East,Store
CU03330,Customer 03330,Professionals,West,Website
CU03331,Customer 03331,Value Seekers,East,Corporate Sales
CU03332,Customer 03332,Professionals,North,Social
CU03333,Customer 03333,Value Seekers,East,Website
CU03334,Customer 03334,Professionals,West,Referral
CU03335,Customer 03335,Value Seekers,West,Store
CU03336,Customer 03336,Gamers,East,Referral
CU03337,Customer 03337,Value Seekers,West,Social
CU03338,Customer 03338,Professionals,West,Referral
CU03339,Customer 03339,Professionals,Central,Website
CU03340,Customer 03340,Value Seekers,Central,Website
CU03341,Customer 03341,Value Seekers,West,Website
CU03342,Customer 03342,Home Makers,Central,Website
CU03343,Customer 03343,Gamers,West,Store
CU03344,Customer 03344,Premium,East,Store
CU03345,Customer 03345,Value Seekers,Central,Store
CU03346,Customer 03346,Premium,West,Referral
CU03347,Customer 03347,Professionals,West,Referral
CU03348,Customer 03348,Home Makers,Central,Website
CU03349,Customer 03349,Corporate,West,Store
CU03350,Customer 03350,Value Seekers,West,Social
CU03351,Customer 03351,Home Makers,West,Corporate Sales
CU03352,Customer 03352,Value Seekers,North,Website
CU03353,Customer 03353,Home Makers,North,Store
CU03354,Customer 03354,Professionals,West,Website
CU03355,Customer 03355,Professionals,East,Social
CU03356,Customer 03356,Corporate,Central,Referral
CU03357,Customer 03357,Premium,Central,Corporate Sales
CU03358,Customer 03358,Value Seekers,North,Corporate Sales
CU03359,Customer 03359,Professionals,East,Corporate Sales
CU03360,Customer 03360,Professionals,Central,Referral
CU03361,Customer 03361,Corporate,West,Corporate Sales
CU03362,Customer 03362,Premium,East,Social
CU03363,Customer 03363,Home Makers,West,Store
CU03364,Customer 03364,Professionals,West,Website
CU03365,Customer 03365,Corporate,North,Website
CU03366,Customer 03366,Professionals,West,Website
CU03367,Customer 03367,Home Makers,Central,Store
CU03368,Customer 03368,Gamers,North,Store
CU03369,Customer 03369,Professionals,East,Website
CU03370,Customer 03370,Home Makers,West,Store
CU03371,Customer 03371,Professionals,West,Website
CU03372,Customer 03372,Value Seekers,Central,Social
CU03373,Customer 03373,Home Makers,Central,Social
CU03374,Customer 03374,Home Makers,West,Store
CU03375,Customer 03375,Premium,Central,Social
CU03376,Customer 03376,Premium,East,Referral
CU03377,Customer 03377,Premium,East,Corporate Sales
CU03378,Customer 03378,Value Seekers,Central,Store
CU03379,Customer 03379,Premium,West,Store
CU03380,Customer 03380,Home Makers,East,Store
CU03381,Customer 03381,Home Makers,Central,Social
CU03382,Customer 03382,Home Makers,Central,Social
CU03383,Customer 03383,Professionals,West,Store
CU03384,Customer 03384,Value Seekers,East,Store
CU03385,Customer 03385,Professionals,Central,Corporate Sales
CU03386,Customer 03386,Professionals,North,Corporate Sales
CU03387,Customer 03387,Value Seekers,Central,Corporate Sales
CU03388,Customer 03388,Gamers,East,Social
CU03389,Customer 03389,Premium,East,Social
CU03390,Customer 03390,Value Seekers,West,Social
CU03391,Customer 03391,Professionals,West,Website
CU03392,Customer 03392,Professionals,Central,Website
CU03393,Customer 03393,Professionals,West,Store
CU03394,Customer 03394,Professionals,East,Store
CU03395,Customer 03395,Professionals,West,Corporate Sales
CU03396,Customer 03396,Value Seekers,East,Website
CU03397,Customer 03397,Home Makers,West,Website
CU03398,Customer 03398,Home Makers,East,Referral
CU03399,Customer 03399,Value Seekers,Central,Referral
CU03400,Customer 03400,Value Seekers,North,Store
CU03401,Customer 03401,Professionals,North,Store
CU03402,Customer 03402,Home Makers,Central,Referral
CU03403,Customer 03403,Professionals,West,Social
CU03404,Customer 03404,Home Makers,East,Store
CU03405,Customer 03405,Value Seekers,Central,Website
CU03406,Customer 03406,Value Seekers,West,Store
CU03407,Customer 03407,Home Makers,Central,Store
CU03408,Customer 03408,Corporate,Central,Corporate Sales
CU03409,Customer 03409,Value Seekers,West,Website
CU03410,Customer 03410,Home Makers,North,Social
CU03411,Customer 03411,Home Makers,West,Corporate Sales
CU03412,Customer 03412,Corporate,North,Referral
CU03413,Customer 03413,Home Makers,West,Store
CU03414,Customer 03414,Gamers,West,Store
CU03415,Customer 03415,Value Seekers,North,Store
CU03416,Customer 03416,Home Makers,West,Website
CU03417,Customer 03417,Home Makers,West,Website
CU03418,Customer 03418,Value Seekers,East,Website
CU03419,Customer 03419,Premium,Central,Website
CU03420,Customer 03420,Corporate,East,Referral
CU03421,Customer 03421,Professionals,North,Website
CU03422,Customer 03422,Professionals,East,Website
CU03423,Customer 03423,Gamers,West,Website
CU03424,Customer 03424,Premium,North,Website
CU03425,Customer 03425,Value Seekers,West,Store
CU03426,Customer 03426,Home Makers,West,Social
CU03427,Customer 03427,Value Seekers,West,Website
CU03428,Customer 03428,Gamers,West,Social
CU03429,Customer 03429,Value Seekers,West,Store
CU03430,Customer 03430,Gamers,East,Store
CU03431,Customer 03431,Gamers,East,Store
CU03432,Customer 03432,Home Makers,West,Store
CU03433,Customer 03433,Gamers,North,Corporate Sales
CU03434,Customer 03434,Premium,East,Store
CU03435,Customer 03435,Corporate,North,Social
CU03436,Customer 03436,Home Makers,West,Website
CU03437,Customer 03437,Gamers,West,Website
CU03438,Customer 03438,Gamers,East,Store
CU03439,Customer 03439,Corporate,West,Corporate Sales
CU03440,Customer 03440,Value Seekers,West,Website
CU03441,Customer 03441,Home Makers,West,Social
CU03442,Customer 03442,Gamers,East,Social
CU03443,Customer 03443,Premium,Central,Referral
CU03444,Customer 03444,Corporate,North,Corporate Sales
CU03445,Customer 03445,Premium,West,Website
CU03446,Customer 03446,Value Seekers,Central,Social
CU03447,Customer 03447,Corporate,West,Store
CU03448,Customer 03448,Value Seekers,West,Referral
CU03449,Customer 03449,Corporate,Central,Corporate Sales
CU03450,Customer 03450,Corporate,North,Store
CU03451,Customer 03451,Home Makers,Central,Social
CU03452,Customer 03452,Gamers,West,Referral
CU03453,Customer 03453,Premium,Central,Store
CU03454,Customer 03454,Professionals,East,Store
CU03455,Customer 03455,Home Makers,West,Store
CU03456,Customer 03456,Value Seekers,West,Store
CU03457,Customer 03457,Premium,West,Website
CU03458,Customer 03458,Professionals,East,Corporate Sales
CU03459,Customer 03459,Home Makers,West,Store
CU03460,Customer 03460,Value Seekers,East,Store
CU03461,Customer 03461,Gamers,East,Website
CU03462,Customer 03462,Home Makers,West,Social
CU03463,Customer 03463,Corporate,Central,Website
CU03464,Customer 03464,Professionals,West,Website
CU03465,Customer 03465,Gamers,Central,Corporate Sales
CU03466,Customer 03466,Value Seekers,Central,Social
CU03467,Customer 03467,Professionals,West,Social
CU03468,Customer 03468,Value Seekers,West,Referral
CU03469,Customer 03469,Home Makers,Central,Social
CU03470,Customer 03470,Value Seekers,East,Website
CU03471,Customer 03471,Gamers,Central,Social
CU03472,Customer 03472,Corporate,West,Website
CU03473,Customer 03473,Value Seekers,Central,Corporate Sales
CU03474,Customer 03474,Value Seekers,Central,Store
CU03475,Customer 03475,Value Seekers,West,Referral
CU03476,Customer 03476,Corporate,West,Social
CU03477,Customer 03477,Home Makers,West,Social
CU03478,Customer 03478,Premium,Central,Social
CU03479,Customer 03479,Gamers,North,Website
CU03480,Customer 03480,Professionals,East,Website
CU03481,Customer 03481,Corporate,West,Website
CU03482,Customer 03482,Professionals,North,Store
CU03483,Customer 03483,Value Seekers,East,Website
CU03484,Customer 03484,Professionals,West,Corporate Sales
CU03485,Customer 03485,Professionals,East,Social
CU03486,Customer 03486,Professionals,West,Website
CU03487,Customer 03487,Value Seekers,West,Store
CU03488,Customer 03488,Premium,Central,Website
CU03489,Customer 03489,Value Seekers,Central,Corporate Sales
CU03490,Customer 03490,Home Makers,East,Referral
CU03491,Customer 03491,Professionals,West,Website
CU03492,Customer 03492,Corporate,North,Social
CU03493,Customer 03493,Gamers,West,Store
CU03494,Customer 03494,Premium,West,Website
CU03495,Customer 03495,Corporate,East,Corporate Sales
CU03496,Customer 03496,Premium,West,Website
CU03497,Customer 03497,Premium,West,Store
CU03498,Customer 03498,Professionals,West,Corporate Sales
CU03499,Customer 03499,Value Seekers,West,Referral
CU03500,Customer 03500,Home Makers,North,Store
CU03501,Customer 03501,Home Makers,Central,Store
CU03502,Customer 03502,Gamers,West,Website
CU03503,Customer 03503,Value Seekers,West,Website
CU03504,Customer 03504,Professionals,North,Store
CU03505,Customer 03505,Professionals,West,Social
CU03506,Customer 03506,Gamers,Central,Store
CU03507,Customer 03507,Home Makers,North,Social
CU03508,Customer 03508,Gamers,West,Store
CU03509,Customer 03509,Professionals,East,Website
CU03510,Customer 03510,Value Seekers,West,Store
CU03511,Customer 03511,Premium,West,Store
CU03512,Customer 03512,Professionals,East,Store
CU03513,Customer 03513,Gamers,West,Social
CU03514,Customer 03514,Gamers,West,Store
CU03515,Customer 03515,Home Makers,West,Website
CU03516,Customer 03516,Premium,West,Store
CU03517,Customer 03517,Value Seekers,West,Corporate Sales
CU03518,Customer 03518,Home Makers,Central,Store
CU03519,Customer 03519,Value Seekers,North,Website
CU03520,Customer 03520,Premium,East,Referral
CU03521,Customer 03521,Value Seekers,West,Store
CU03522,Customer 03522,Professionals,North,Referral
CU03523,Customer 03523,Home Makers,West,Store
CU03524,Customer 03524,Premium,West,Store
CU03525,Customer 03525,Premium,Central,Corporate Sales
CU03526,Customer 03526,Premium,West,Referral
CU03527,Customer 03527,Value Seekers,West,Store
CU03528,Customer 03528,Value Seekers,North,Store
CU03529,Customer 03529,Value Seekers,West,Corporate Sales
CU03530,Customer 03530,Value Seekers,West,Social
CU03531,Customer 03531,Home Makers,North,Corporate Sales
CU03532,Customer 03532,Professionals,East,Social
CU03533,Customer 03533,Premium,Central,Store
CU03534,Customer 03534,Gamers,West,Website
CU03535,Customer 03535,Home Makers,West,Social
CU03536,Customer 03536,Corporate,West,Corporate Sales
CU03537,Customer 03537,Value Seekers,West,Store
CU03538,Customer 03538,Home Makers,Central,Website
CU03539,Customer 03539,Professionals,Central,Social
CU03540,Customer 03540,Value Seekers,Central,Website
CU03541,Customer 03541,Home Makers,West,Store
CU03542,Customer 03542,Value Seekers,West,Social
CU03543,Customer 03543,Value Seekers,North,Store
CU03544,Customer 03544,Gamers,Central,Referral
CU03545,Customer 03545,Premium,West,Website
CU03546,Customer 03546,Corporate,North,Store
CU03547,Customer 03547,Gamers,West,Website
CU03548,Customer 03548,Gamers,West,Website
CU03549,Customer 03549,Corporate,West,Social
CU03550,Customer 03550,Gamers,North,Corporate Sales
CU03551,Customer 03551,Home Makers,North,Referral
CU03552,Customer 03552,Gamers,West,Store
CU03553,Customer 03553,Premium,West,Store
CU03554,Customer 03554,Premium,Central,Website
CU03555,Customer 03555,Value Seekers,West,Store
CU03556,Customer 03556,Professionals,North,Website
CU03557,Customer 03557,Professionals,West,Social
CU03558,Customer 03558,Gamers,East,Store
CU03559,Customer 03559,Gamers,West,Social
CU03560,Customer 03560,Home Makers,Central,Website
CU03561,Customer 03561,Premium,East,Website
CU03562,Customer 03562,Value Seekers,Central,Website
CU03563,Customer 03563,Premium,West,Store
CU03564,Customer 03564,Professionals,East,Social
CU03565,Customer 03565,Home Makers,North,Store
CU03566,Customer 03566,Professionals,Central,Social
CU03567,Customer 03567,Gamers,Central,Store
CU03568,Customer 03568,Home Makers,West,Store
CU03569,Customer 03569,Home Makers,North,Corporate Sales
CU03570,Customer 03570,Professionals,North,Website
CU03571,Customer 03571,Gamers,East,Referral
CU03572,Customer 03572,Home Makers,West,Store
CU03573,Customer 03573,Premium,Central,Website
CU03574,Customer 03574,Corporate,North,Store
CU03575,Customer 03575,Professionals,North,Store
CU03576,Customer 03576,Value Seekers,West,Store
CU03577,Customer 03577,Gamers,Central,Referral
CU03578,Customer 03578,Gamers,West,Referral
CU03579,Customer 03579,Value Seekers,North,Website
CU03580,Customer 03580,Gamers,East,Website
CU03581,Customer 03581,Home Makers,Central,Website
CU03582,Customer 03582,Value Seekers,East,Social
CU03583,Customer 03583,Corporate,East,Social
CU03584,Customer 03584,Gamers,East,Social
CU03585,Customer 03585,Value Seekers,West,Website
CU03586,Customer 03586,Professionals,North,Website
CU03587,Customer 03587,Value Seekers,East,Store
CU03588,Customer 03588,Gamers,Central,Social
CU03589,Customer 03589,Value Seekers,West,Corporate Sales
CU03590,Customer 03590,Value Seekers,West,Social
CU03591,Customer 03591,Gamers,North,Social
CU03592,Customer 03592,Professionals,North,Corporate Sales
CU03593,Customer 03593,Value Seekers,Central,Store
CU03594,Customer 03594,Home Makers,West,Store
CU03595,Customer 03595,Corporate,West,Store
CU03596,Customer 03596,Corporate,East,Corporate Sales
CU03597,Customer 03597,Home Makers,Central,Store
CU03598,Customer 03598,Premium,Central,Social
CU03599,Customer 03599,Home Makers,West,Website
CU03600,Customer 03600,Home Makers,Central,Website
CU03601,Customer 03601,Professionals,North,Referral
CU03602,Customer 03602,Value Seekers,East,Corporate Sales
CU03603,Customer 03603,Gamers,West,Corporate Sales
CU03604,Customer 03604,Value Seekers,West,Store
CU03605,Customer 03605,Corporate,East,Referral
CU03606,Customer 03606,Value Seekers,North,Referral
CU03607,Customer 03607,Home Makers,North,Website
CU03608,Customer 03608,Professionals,East,Store
CU03609,Customer 03609,Corporate,West,Social
CU03610,Customer 03610,Corporate,North,Store
CU03611,Customer 03611,Value Seekers,North,Store
CU03612,Customer 03612,Value Seekers,North,Website
CU03613,Customer 03613,Premium,West,Social
CU03614,Customer 03614,Gamers,West,Corporate Sales
CU03615,Customer 03615,Home Makers,North,Referral
CU03616,Customer 03616,Gamers,West,Website
CU03617,Customer 03617,Professionals,Central,Corporate Sales
CU03618,Customer 03618,Home Makers,West,Store
CU03619,Customer 03619,Value Seekers,West,Corporate Sales
CU03620,Customer 03620,Gamers,West,Store
CU03621,Customer 03621,Corporate,East,Website
CU03622,Customer 03622,Home Makers,West,Referral
CU03623,Customer 03623,Value Seekers,Central,Store
CU03624,Customer 03624,Corporate,West,Store
CU03625,Customer 03625,Value Seekers,West,Store
CU03626,Customer 03626,Premium,East,Social
CU03627,Customer 03627,Professionals,East,Store
CU03628,Customer 03628,Professionals,North,Social
CU03629,Customer 03629,Gamers,Central,Corporate Sales
CU03630,Customer 03630,Gamers,East,Social
CU03631,Customer 03631,Value Seekers,West,Referral
CU03632,Customer 03632,Gamers,North,Store
CU03633,Customer 03633,Value Seekers,West,Social
CU03634,Customer 03634,Value Seekers,East,Website
CU03635,Customer 03635,Home Makers,East,Social
CU03636,Customer 03636,Professionals,West,Corporate Sales
CU03637,Customer 03637,Value Seekers,Central,Store
CU03638,Customer 03638,Corporate,West,Store
CU03639,Customer 03639,Premium,East,Social
CU03640,Customer 03640,Home Makers,Central,Store
CU03641,Customer 03641,Premium,East,Referral
CU03642,Customer 03642,Home Makers,Central,Referral
CU03643,Customer 03643,Corporate,North,Store
CU03644,Customer 03644,Value Seekers,West,Referral
CU03645,Customer 03645,Value Seekers,East,Referral
CU03646,Customer 03646,Gamers,North,Website
CU03647,Customer 03647,Home Makers,North,Store
CU03648,Customer 03648,Value Seekers,Central,Store
CU03649,Customer 03649,Corporate,West,Store
CU03650,Customer 03650,Corporate,East,Website
CU03651,Customer 03651,Value Seekers,Central,Store
CU03652,Customer 03652,Gamers,East,Corporate Sales
CU03653,Customer 03653,Premium,East,Website
CU03654,Customer 03654,Value Seekers,East,Website
CU03655,Customer 03655,Professionals,East,Website
CU03656,Customer 03656,Professionals,Central,Referral
CU03657,Customer 03657,Home Makers,Central,Website
CU03658,Customer 03658,Home Makers,East,Store
CU03659,Customer 03659,Corporate,Central,Store
CU03660,Customer 03660,Professionals,North,Referral
CU03661,Customer 03661,Professionals,East,Store
CU03662,Customer 03662,Premium,Central,Website
CU03663,Customer 03663,Home Makers,East,Social
CU03664,Customer 03664,Home Makers,North,Referral
CU03665,Customer 03665,Value Seekers,Central,Referral
CU03666,Customer 03666,Home Makers,East,Corporate Sales
CU03667,Customer 03667,Professionals,West,Store
CU03668,Customer 03668,Gamers,North,Store
CU03669,Customer 03669,Professionals,West,Social
CU03670,Customer 03670,Value Seekers,West,Website
CU03671,Customer 03671,Professionals,Central,Website
CU03672,Customer 03672,Home Makers,North,Store
CU03673,Customer 03673,Home Makers,West,Referral
CU03674,Customer 03674,Value Seekers,West,Store
CU03675,Customer 03675,Value Seekers,Central,Referral
CU03676,Customer 03676,Corporate,North,Referral
CU03677,Customer 03677,Value Seekers,West,Website
CU03678,Customer 03678,Professionals,East,Social
CU03679,Customer 03679,Value Seekers,Central,Store
CU03680,Customer 03680,Professionals,Central,Website
CU03681,Customer 03681,Professionals,North,Social
CU03682,Customer 03682,Premium,North,Referral
CU03683,Customer 03683,Professionals,East,Store
CU03684,Customer 03684,Value Seekers,West,Website
CU03685,Customer 03685,Corporate,North,Store
CU03686,Customer 03686,Professionals,Central,Referral
CU03687,Customer 03687,Home Makers,East,Social
CU03688,Customer 03688,Professionals,West,Store
CU03689,Customer 03689,Premium,North,Social
CU03690,Customer 03690,Professionals,East,Website
CU03691,Customer 03691,Home Makers,North,Social
CU03692,Customer 03692,Premium,North,Website
CU03693,Customer 03693,Corporate,North,Store
CU03694,Customer 03694,Premium,North,Social
CU03695,Customer 03695,Home Makers,Central,Corporate Sales
CU03696,Customer 03696,Value Seekers,East,Social
CU03697,Customer 03697,Home Makers,Central,Store
CU03698,Customer 03698,Gamers,West,Website
CU03699,Customer 03699,Corporate,West,Social
CU03700,Customer 03700,Premium,Central,Website
CU03701,Customer 03701,Value Seekers,North,Corporate Sales
CU03702,Customer 03702,Value Seekers,North,Social
CU03703,Customer 03703,Professionals,North,Store
CU03704,Customer 03704,Home Makers,West,Website
CU03705,Customer 03705,Home Makers,Central,Referral
CU03706,Customer 03706,Corporate,Central,Website
CU03707,Customer 03707,Professionals,Central,Referral
CU03708,Customer 03708,Premium,West,Social
CU03709,Customer 03709,Value Seekers,North,Website
CU03710,Customer 03710,Corporate,East,Social
CU03711,Customer 03711,Value Seekers,West,Store
CU03712,Customer 03712,Home Makers,West,Store
CU03713,Customer 03713,Home Makers,Central,Referral
CU03714,Customer 03714,Corporate,Central,Website
CU03715,Customer 03715,Value Seekers,West,Corporate Sales
CU03716,Customer 03716,Home Makers,East,Social
CU03717,Customer 03717,Professionals,North,Social
CU03718,Customer 03718,Value Seekers,East,Store
CU03719,Customer 03719,Professionals,West,Website
CU03720,Customer 03720,Value Seekers,Central,Referral
CU03721,Customer 03721,Premium,North,Store
CU03722,Customer 03722,Gamers,East,Website
CU03723,Customer 03723,Value Seekers,East,Referral
CU03724,Customer 03724,Gamers,North,Social
CU03725,Customer 03725,Value Seekers,West,Store
CU03726,Customer 03726,Gamers,North,Social
CU03727,Customer 03727,Home Makers,West,Website
CU03728,Customer 03728,Home Makers,North,Website
CU03729,Customer 03729,Home Makers,West,Corporate Sales
CU03730,Customer 03730,Home Makers,East,Social
CU03731,Customer 03731,Value Seekers,West,Corporate Sales
CU03732,Customer 03732,Gamers,Central,Referral
CU03733,Customer 03733,Premium,East,Website
CU03734,Customer 03734,Home Makers,North,Store
CU03735,Customer 03735,Corporate,West,Store
CU03736,Customer 03736,Home Makers,West,Corporate Sales
CU03737,Customer 03737,Value Seekers,East,Website
CU03738,Customer 03738,Gamers,West,Social
CU03739,Customer 03739,Home Makers,Central,Corporate Sales
CU03740,Customer 03740,Home Makers,North,Store
CU03741,Customer 03741,Professionals,East,Website
CU03742,Customer 03742,Home Makers,Central,Website
CU03743,Customer 03743,Home Makers,West,Corporate Sales
CU03744,Customer 03744,Value Seekers,West,Website
CU03745,Customer 03745,Gamers,West,Store
CU03746,Customer 03746,Premium,North,Store
CU03747,Customer 03747,Professionals,Central,Website
CU03748,Customer 03748,Professionals,Central,Social
CU03749,Customer 03749,Value Seekers,North,Store
CU03750,Customer 03750,Value Seekers,West,Store
CU03751,Customer 03751,Gamers,West,Social
CU03752,Customer 03752,Gamers,North,Referral
CU03753,Customer 03753,Home Makers,West,Store
CU03754,Customer 03754,Home Makers,Central,Website
CU03755,Customer 03755,Home Makers,East,Social
CU03756,Customer 03756,Gamers,North,Referral
CU03757,Customer 03757,Professionals,Central,Referral
CU03758,Customer 03758,Value Seekers,East,Referral
CU03759,Customer 03759,Gamers,Central,Corporate Sales
CU03760,Customer 03760,Professionals,West,Referral
CU03761,Customer 03761,Premium,West,Store
CU03762,Customer 03762,Home Makers,East,Store
CU03763,Customer 03763,Home Makers,North,Store
CU03764,Customer 03764,Value Seekers,East,Website
CU03765,Customer 03765,Professionals,North,Social
CU03766,Customer 03766,Value Seekers,North,Store
CU03767,Customer 03767,Gamers,East,Corporate Sales
CU03768,Customer 03768,Premium,Central,Website
CU03769,Customer 03769,Home Makers,Central,Corporate Sales
CU03770,Customer 03770,Home Makers,West,Store
CU03771,Customer 03771,Value Seekers,North,Store
CU03772,Customer 03772,Home Makers,West,Social
CU03773,Customer 03773,Home Makers,Central,Social
CU03774,Customer 03774,Corporate,North,Store
CU03775,Customer 03775,Value Seekers,East,Store
CU03776,Customer 03776,Gamers,Central,Store
CU03777,Customer 03777,Professionals,Central,Referral
CU03778,Customer 03778,Professionals,Central,Social
CU03779,Customer 03779,Value Seekers,West,Website
CU03780,Customer 03780,Home Makers,North,Store
CU03781,Customer 03781,Professionals,West,Website
CU03782,Customer 03782,Professionals,East,Website
CU03783,Customer 03783,Value Seekers,Central,Store
CU03784,Customer 03784,Value Seekers,North,Website
CU03785,Customer 03785,Value Seekers,East,Store
CU03786,Customer 03786,Value Seekers,West,Website
CU03787,Customer 03787,Value Seekers,East,Social
CU03788,Customer 03788,Value Seekers,West,Website
CU03789,Customer 03789,Value Seekers,East,Social
CU03790,Customer 03790,Professionals,West,Store
CU03791,Customer 03791,Home Makers,Central,Corporate Sales
CU03792,Customer 03792,Value Seekers,West,Store
CU03793,Customer 03793,Home Makers,North,Website
CU03794,Customer 03794,Home Makers,Central,Website
CU03795,Customer 03795,Professionals,Central,Website
CU03796,Customer 03796,Value Seekers,West,Website
CU03797,Customer 03797,Corporate,North,Social
CU03798,Customer 03798,Professionals,North,Website
CU03799,Customer 03799,Premium,North,Store
CU03800,Customer 03800,Home Makers,West,Referral
CU03801,Customer 03801,Corporate,Central,Store
CU03802,Customer 03802,Value Seekers,West,Referral
CU03803,Customer 03803,Gamers,East,Social
CU03804,Customer 03804,Home Makers,Central,Store
CU03805,Customer 03805,Home Makers,East,Website
CU03806,Customer 03806,Premium,West,Referral
CU03807,Customer 03807,Premium,Central,Referral
CU03808,Customer 03808,Gamers,North,Website
CU03809,Customer 03809,Value Seekers,East,Corporate Sales
CU03810,Customer 03810,Corporate,West,Website
CU03811,Customer 03811,Value Seekers,Central,Store
CU03812,Customer 03812,Value Seekers,East,Referral
CU03813,Customer 03813,Gamers,Central,Store
CU03814,Customer 03814,Premium,West,Website
CU03815,Customer 03815,Professionals,Central,Website
CU03816,Customer 03816,Professionals,West,Store
CU03817,Customer 03817,Gamers,West,Website
CU03818,Customer 03818,Professionals,West,Website
CU03819,Customer 03819,Corporate,West,Website
CU03820,Customer 03820,Value Seekers,West,Store
CU03821,Customer 03821,Professionals,West,Store
CU03822,Customer 03822,Corporate,West,Referral
CU03823,Customer 03823,Home Makers,Central,Corporate Sales
CU03824,Customer 03824,Premium,North,Social
CU03825,Customer 03825,Premium,West,Website
CU03826,Customer 03826,Gamers,Central,Corporate Sales
CU03827,Customer 03827,Home Makers,West,Store
CU03828,Customer 03828,Premium,East,Referral
CU03829,Customer 03829,Professionals,West,Website
CU03830,Customer 03830,Value Seekers,West,Referral
CU03831,Customer 03831,Professionals,Central,Social
CU03832,Customer 03832,Gamers,West,Referral
CU03833,Customer 03833,Professionals,East,Website
CU03834,Customer 03834,Premium,East,Website
CU03835,Customer 03835,Professionals,West,Social
CU03836,Customer 03836,Value Seekers,East,Store
CU03837,Customer 03837,Value Seekers,West,Referral
CU03838,Customer 03838,Home Makers,West,Corporate Sales
CU03839,Customer 03839,Value Seekers,North,Website
CU03840,Customer 03840,Premium,West,Website
CU03841,Customer 03841,Gamers,Central,Store
CU03842,Customer 03842,Professionals,West,Social
CU03843,Customer 03843,Value Seekers,Central,Corporate Sales
CU03844,Customer 03844,Home Makers,East,Website
CU03845,Customer 03845,Gamers,West,Social
CU03846,Customer 03846,Gamers,West,Website
CU03847,Customer 03847,Premium,North,Website
CU03848,Customer 03848,Premium,West,Website
CU03849,Customer 03849,Corporate,West,Website
CU03850,Customer 03850,Gamers,Central,Store
CU03851,Customer 03851,Professionals,West,Store
CU03852,Customer 03852,Value Seekers,East,Store
CU03853,Customer 03853,Value Seekers,West,Social
CU03854,Customer 03854,Value Seekers,Central,Website
CU03855,Customer 03855,Corporate,North,Social
CU03856,Customer 03856,Value Seekers,West,Social
CU03857,Customer 03857,Professionals,West,Website
CU03858,Customer 03858,Home Makers,West,Corporate Sales
CU03859,Customer 03859,Corporate,North,Store
CU03860,Customer 03860,Premium,North,Website
CU03861,Customer 03861,Corporate,Central,Website
CU03862,Customer 03862,Professionals,West,Social
CU03863,Customer 03863,Gamers,West,Store
CU03864,Customer 03864,Professionals,Central,Store
CU03865,Customer 03865,Home Makers,East,Store
CU03866,Customer 03866,Professionals,West,Corporate Sales
CU03867,Customer 03867,Professionals,North,Social
CU03868,Customer 03868,Value Seekers,East,Corporate Sales
CU03869,Customer 03869,Gamers,North,Social
CU03870,Customer 03870,Value Seekers,North,Website
CU03871,Customer 03871,Premium,West,Corporate Sales
CU03872,Customer 03872,Value Seekers,Central,Website
CU03873,Customer 03873,Corporate,Central,Referral
CU03874,Customer 03874,Corporate,West,Corporate Sales
CU03875,Customer 03875,Value Seekers,East,Social
CU03876,Customer 03876,Professionals,West,Referral
CU03877,Customer 03877,Value Seekers,East,Corporate Sales
CU03878,Customer 03878,Premium,Central,Corporate Sales
CU03879,Customer 03879,Value Seekers,North,Website
CU03880,Customer 03880,Premium,East,Store
CU03881,Customer 03881,Corporate,West,Referral
CU03882,Customer 03882,Gamers,Central,Corporate Sales
CU03883,Customer 03883,Value Seekers,West,Store
CU03884,Customer 03884,Value Seekers,West,Website
CU03885,Customer 03885,Professionals,North,Store
CU03886,Customer 03886,Premium,West,Website
CU03887,Customer 03887,Gamers,West,Store
CU03888,Customer 03888,Premium,North,Social
CU03889,Customer 03889,Home Makers,West,Website
CU03890,Customer 03890,Value Seekers,East,Website
CU03891,Customer 03891,Premium,Central,Store
CU03892,Customer 03892,Home Makers,East,Store
CU03893,Customer 03893,Value Seekers,West,Social
CU03894,Customer 03894,Premium,Central,Store
CU03895,Customer 03895,Professionals,Central,Corporate Sales
CU03896,Customer 03896,Corporate,Central,Corporate Sales
CU03897,Customer 03897,Professionals,Central,Store
CU03898,Customer 03898,Professionals,North,Corporate Sales
CU03899,Customer 03899,Professionals,Central,Website
CU03900,Customer 03900,Premium,West,Website
CU03901,Customer 03901,Value Seekers,West,Website
CU03902,Customer 03902,Professionals,West,Website
CU03903,Customer 03903,Value Seekers,West,Website
CU03904,Customer 03904,Home Makers,North,Website
CU03905,Customer 03905,Professionals,Central,Corporate Sales
CU03906,Customer 03906,Value Seekers,West,Website
CU03907,Customer 03907,Gamers,East,Corporate Sales
CU03908,Customer 03908,Professionals,North,Store
CU03909,Customer 03909,Value Seekers,Central,Store
CU03910,Customer 03910,Corporate,West,Corporate Sales
CU03911,Customer 03911,Corporate,Central,Referral
CU03912,Customer 03912,Professionals,West,Social
CU03913,Customer 03913,Value Seekers,North,Website
CU03914,Customer 03914,Value Seekers,North,Referral
CU03915,Customer 03915,Home Makers,East,Website
CU03916,Customer 03916,Value Seekers,West,Corporate Sales
CU03917,Customer 03917,Home Makers,West,Website
CU03918,Customer 03918,Premium,West,Website
CU03919,Customer 03919,Home Makers,West,Website
CU03920,Customer 03920,Professionals,East,Corporate Sales
CU03921,Customer 03921,Premium,North,Corporate Sales
CU03922,Customer 03922,Premium,Central,Website
CU03923,Customer 03923,Value Seekers,West,Corporate Sales
CU03924,Customer 03924,Professionals,East,Website
CU03925,Customer 03925,Professionals,East,Social
CU03926,Customer 03926,Corporate,West,Store
CU03927,Customer 03927,Home Makers,Central,Corporate Sales
CU03928,Customer 03928,Home Makers,Central,Store
CU03929,Customer 03929,Professionals,East,Website
CU03930,Customer 03930,Value Seekers,North,Website
CU03931,Customer 03931,Home Makers,West,Store
CU03932,Customer 03932,Corporate,West,Website
CU03933,Customer 03933,Value Seekers,West,Social
CU03934,Customer 03934,Professionals,West,Referral
CU03935,Customer 03935,Value Seekers,West,Store
CU03936,Customer 03936,Gamers,West,Store
CU03937,Customer 03937,Gamers,West,Store
CU03938,Customer 03938,Home Makers,Central,Social
CU03939,Customer 03939,Value Seekers,North,Referral
CU03940,Customer 03940,Corporate,Central,Website
CU03941,Customer 03941,Professionals,West,Store
CU03942,Customer 03942,Value Seekers,East,Social
CU03943,Customer 03943,Value Seekers,West,Website
CU03944,Customer 03944,Gamers,Central,Store
CU03945,Customer 03945,Gamers,East,Corporate Sales
CU03946,Customer 03946,Home Makers,West,Corporate Sales
CU03947,Customer 03947,Value Seekers,West,Social
CU03948,Customer 03948,Home Makers,North,Corporate Sales
CU03949,Customer 03949,Home Makers,Central,Website
CU03950,Customer 03950,Gamers,North,Store
CU03951,Customer 03951,Gamers,East,Website
CU03952,Customer 03952,Professionals,North,Website
CU03953,Customer 03953,Gamers,West,Store
CU03954,Customer 03954,Gamers,West,Website
CU03955,Customer 03955,Professionals,Central,Store
CU03956,Customer 03956,Professionals,North,Store
CU03957,Customer 03957,Value Seekers,East,Referral
CU03958,Customer 03958,Professionals,Central,Store
CU03959,Customer 03959,Professionals,Central,Store
CU03960,Customer 03960,Professionals,West,Website
CU03961,Customer 03961,Premium,East,Website
CU03962,Customer 03962,Value Seekers,Central,Website
CU03963,Customer 03963,Home Makers,Central,Store
CU03964,Customer 03964,Value Seekers,West,Social
CU03965,Customer 03965,Gamers,Central,Referral
CU03966,Customer 03966,Corporate,West,Corporate Sales
CU03967,Customer 03967,Value Seekers,West,Store
CU03968,Customer 03968,Professionals,West,Website
CU03969,Customer 03969,Premium,West,Store
CU03970,Customer 03970,Gamers,North,Store
CU03971,Customer 03971,Gamers,Central,Store
CU03972,Customer 03972,Professionals,West,Store
CU03973,Customer 03973,Premium,North,Website
CU03974,Customer 03974,Professionals,West,Social
CU03975,Customer 03975,Professionals,East,Social
CU03976,Customer 03976,Professionals,North,Website
CU03977,Customer 03977,Home Makers,North,Referral
CU03978,Customer 03978,Gamers,West,Website
CU03979,Customer 03979,Home Makers,East,Store
CU03980,Customer 03980,Value Seekers,West,Referral
CU03981,Customer 03981,Home Makers,Central,Website
CU03982,Customer 03982,Corporate,East,Store
CU03983,Customer 03983,Premium,East,Social
CU03984,Customer 03984,Premium,West,Corporate Sales
CU03985,Customer 03985,Gamers,West,Website
CU03986,Customer 03986,Value Seekers,East,Store
CU03987,Customer 03987,Home Makers,West,Social
CU03988,Customer 03988,Professionals,Central,Social
CU03989,Customer 03989,Professionals,West,Store
CU03990,Customer 03990,Professionals,West,Store
CU03991,Customer 03991,Professionals,East,Website
CU03992,Customer 03992,Value Seekers,North,Website
CU03993,Customer 03993,Value Seekers,West,Referral
CU03994,Customer 03994,Professionals,East,Social
CU03995,Customer 03995,Corporate,Central,Store
CU03996,Customer 03996,Home Makers,West,Store
CU03997,Customer 03997,Premium,West,Website
CU03998,Customer 03998,Premium,North,Social
CU03999,Customer 03999,Value Seekers,West,Referral
CU04000,Customer 04000,Premium,West,Website
CU04001,Customer 04001,Gamers,Central,Website
CU04002,Customer 04002,Professionals,West,Corporate Sales
CU04003,Customer 04003,Value Seekers,Central,Referral
CU04004,Customer 04004,Corporate,North,Website
CU04005,Customer 04005,Value Seekers,Central,Website
CU04006,Customer 04006,Premium,North,Website
CU04007,Customer 04007,Professionals,Central,Store
CU04008,Customer 04008,Value Seekers,East,Social
CU04009,Customer 04009,Value Seekers,West,Referral
CU04010,Customer 04010,Gamers,West,Store
CU04011,Customer 04011,Corporate,West,Store
CU04012,Customer 04012,Premium,East,Referral
CU04013,Customer 04013,Premium,West,Store
CU04014,Customer 04014,Premium,Central,Website
CU04015,Customer 04015,Corporate,East,Referral
CU04016,Customer 04016,Home Makers,East,Store
CU04017,Customer 04017,Value Seekers,West,Social
CU04018,Customer 04018,Corporate,West,Referral
CU04019,Customer 04019,Professionals,East,Store
CU04020,Customer 04020,Professionals,North,Website
CU04021,Customer 04021,Home Makers,West,Corporate Sales
CU04022,Customer 04022,Home Makers,West,Corporate Sales
CU04023,Customer 04023,Home Makers,West,Website
CU04024,Customer 04024,Home Makers,Central,Social
CU04025,Customer 04025,Home Makers,East,Corporate Sales
CU04026,Customer 04026,Professionals,West,Corporate Sales
CU04027,Customer 04027,Professionals,East,Store
CU04028,Customer 04028,Value Seekers,West,Referral
CU04029,Customer 04029,Value Seekers,West,Referral
CU04030,Customer 04030,Professionals,North,Corporate Sales
CU04031,Customer 04031,Home Makers,Central,Website
CU04032,Customer 04032,Gamers,West,Store
CU04033,Customer 04033,Value Seekers,North,Corporate Sales
CU04034,Customer 04034,Professionals,East,Corporate Sales
CU04035,Customer 04035,Value Seekers,Central,Referral
CU04036,Customer 04036,Premium,North,Social
CU04037,Customer 04037,Value Seekers,North,Store
CU04038,Customer 04038,Home Makers,West,Store
CU04039,Customer 04039,Home Makers,Central,Website
CU04040,Customer 04040,Value Seekers,North,Website
CU04041,Customer 04041,Value Seekers,Central,Website
CU04042,Customer 04042,Home Makers,West,Website
CU04043,Customer 04043,Value Seekers,East,Website
CU04044,Customer 04044,Home Makers,East,Referral
CU04045,Customer 04045,Gamers,North,Store
CU04046,Customer 04046,Professionals,Central,Referral
CU04047,Customer 04047,Professionals,Central,Website
CU04048,Customer 04048,Home Makers,West,Website
CU04049,Customer 04049,Corporate,East,Website
CU04050,Customer 04050,Value Seekers,West,Corporate Sales
CU04051,Customer 04051,Professionals,West,Social
CU04052,Customer 04052,Home Makers,West,Website
CU04053,Customer 04053,Value Seekers,West,Corporate Sales
CU04054,Customer 04054,Professionals,East,Corporate Sales
CU04055,Customer 04055,Value Seekers,Central,Store
CU04056,Customer 04056,Home Makers,East,Website
CU04057,Customer 04057,Gamers,West,Store
CU04058,Customer 04058,Gamers,West,Website
CU04059,Customer 04059,Corporate,North,Website
CU04060,Customer 04060,Professionals,Central,Corporate Sales
CU04061,Customer 04061,Value Seekers,Central,Website
CU04062,Customer 04062,Corporate,North,Website
CU04063,Customer 04063,Premium,West,Store
CU04064,Customer 04064,Home Makers,Central,Social
CU04065,Customer 04065,Professionals,West,Store
CU04066,Customer 04066,Value Seekers,West,Social
CU04067,Customer 04067,Professionals,East,Corporate Sales
CU04068,Customer 04068,Premium,Central,Social
CU04069,Customer 04069,Professionals,Central,Social
CU04070,Customer 04070,Home Makers,North,Website
CU04071,Customer 04071,Value Seekers,East,Corporate Sales
CU04072,Customer 04072,Professionals,North,Website
CU04073,Customer 04073,Home Makers,Central,Store
CU04074,Customer 04074,Professionals,Central,Store
CU04075,Customer 04075,Premium,Central,Referral
CU04076,Customer 04076,Professionals,West,Social
CU04077,Customer 04077,Home Makers,West,Website
CU04078,Customer 04078,Value Seekers,Central,Store
CU04079,Customer 04079,Professionals,West,Website
CU04080,Customer 04080,Professionals,West,Store
CU04081,Customer 04081,Value Seekers,East,Website
CU04082,Customer 04082,Home Makers,East,Referral
CU04083,Customer 04083,Professionals,West,Website
CU04084,Customer 04084,Premium,Central,Store
CU04085,Customer 04085,Professionals,North,Store
CU04086,Customer 04086,Professionals,West,Website
CU04087,Customer 04087,Professionals,East,Store
CU04088,Customer 04088,Professionals,West,Website
CU04089,Customer 04089,Premium,Central,Store
CU04090,Customer 04090,Gamers,East,Store
CU04091,Customer 04091,Value Seekers,North,Website
CU04092,Customer 04092,Value Seekers,West,Corporate Sales
CU04093,Customer 04093,Value Seekers,Central,Website
CU04094,Customer 04094,Value Seekers,West,Corporate Sales
CU04095,Customer 04095,Professionals,West,Store
CU04096,Customer 04096,Home Makers,West,Corporate Sales
CU04097,Customer 04097,Home Makers,East,Website
CU04098,Customer 04098,Value Seekers,East,Referral
CU04099,Customer 04099,Premium,West,Website
CU04100,Customer 04100,Premium,East,Website
CU04101,Customer 04101,Professionals,East,Website
CU04102,Customer 04102,Professionals,North,Social
CU04103,Customer 04103,Value Seekers,East,Website
CU04104,Customer 04104,Premium,North,Social
CU04105,Customer 04105,Corporate,West,Website
CU04106,Customer 04106,Premium,East,Store
CU04107,Customer 04107,Value Seekers,Central,Social
CU04108,Customer 04108,Professionals,West,Store
CU04109,Customer 04109,Gamers,West,Store
CU04110,Customer 04110,Gamers,Central,Social
CU04111,Customer 04111,Value Seekers,West,Store
CU04112,Customer 04112,Corporate,West,Store
CU04113,Customer 04113,Value Seekers,North,Social
CU04114,Customer 04114,Professionals,Central,Store
CU04115,Customer 04115,Premium,North,Social
CU04116,Customer 04116,Home Makers,North,Social
CU04117,Customer 04117,Home Makers,North,Store
CU04118,Customer 04118,Corporate,East,Store
CU04119,Customer 04119,Professionals,West,Website
CU04120,Customer 04120,Value Seekers,Central,Store
CU04121,Customer 04121,Value Seekers,East,Referral
CU04122,Customer 04122,Home Makers,North,Website
CU04123,Customer 04123,Value Seekers,West,Social
CU04124,Customer 04124,Gamers,West,Social
CU04125,Customer 04125,Home Makers,West,Store
CU04126,Customer 04126,Home Makers,East,Corporate Sales
CU04127,Customer 04127,Value Seekers,Central,Website
CU04128,Customer 04128,Premium,West,Website
CU04129,Customer 04129,Corporate,East,Website
CU04130,Customer 04130,Professionals,North,Store
CU04131,Customer 04131,Value Seekers,Central,Corporate Sales
CU04132,Customer 04132,Professionals,West,Website
CU04133,Customer 04133,Home Makers,Central,Social
CU04134,Customer 04134,Value Seekers,West,Website
CU04135,Customer 04135,Premium,West,Store
CU04136,Customer 04136,Professionals,East,Store
CU04137,Customer 04137,Home Makers,East,Referral
CU04138,Customer 04138,Value Seekers,East,Corporate Sales
CU04139,Customer 04139,Home Makers,West,Website
CU04140,Customer 04140,Professionals,East,Corporate Sales
CU04141,Customer 04141,Home Makers,North,Website
CU04142,Customer 04142,Home Makers,West,Website
CU04143,Customer 04143,Value Seekers,North,Social
CU04144,Customer 04144,Value Seekers,West,Store
CU04145,Customer 04145,Value Seekers,East,Social
CU04146,Customer 04146,Home Makers,Central,Store
CU04147,Customer 04147,Home Makers,North,Website
CU04148,Customer 04148,Premium,West,Website
CU04149,Customer 04149,Home Makers,East,Website
CU04150,Customer 04150,Value Seekers,East,Website
CU04151,Customer 04151,Value Seekers,East,Referral
CU04152,Customer 04152,Professionals,West,Corporate Sales
CU04153,Customer 04153,Gamers,North,Store
CU04154,Customer 04154,Home Makers,West,Store
CU04155,Customer 04155,Home Makers,Central,Store
CU04156,Customer 04156,Gamers,North,Store
CU04157,Customer 04157,Corporate,North,Social
CU04158,Customer 04158,Professionals,East,Store
CU04159,Customer 04159,Professionals,Central,Website
CU04160,Customer 04160,Value Seekers,West,Referral
CU04161,Customer 04161,Professionals,North,Store
CU04162,Customer 04162,Gamers,North,Website
CU04163,Customer 04163,Premium,East,Store
CU04164,Customer 04164,Premium,West,Website
CU04165,Customer 04165,Corporate,Central,Store
CU04166,Customer 04166,Corporate,Central,Store
CU04167,Customer 04167,Gamers,West,Website
CU04168,Customer 04168,Home Makers,East,Website
CU04169,Customer 04169,Professionals,West,Website
CU04170,Customer 04170,Gamers,Central,Store
CU04171,Customer 04171,Value Seekers,West,Social
CU04172,Customer 04172,Professionals,Central,Website
CU04173,Customer 04173,Premium,East,Website
CU04174,Customer 04174,Home Makers,North,Website
CU04175,Customer 04175,Professionals,North,Store
CU04176,Customer 04176,Value Seekers,West,Store
CU04177,Customer 04177,Professionals,West,Website
CU04178,Customer 04178,Gamers,West,Store
CU04179,Customer 04179,Value Seekers,West,Store
CU04180,Customer 04180,Corporate,West,Referral
CU04181,Customer 04181,Value Seekers,East,Website
CU04182,Customer 04182,Home Makers,West,Referral
CU04183,Customer 04183,Professionals,Central,Store
CU04184,Customer 04184,Home Makers,East,Corporate Sales
CU04185,Customer 04185,Professionals,West,Social
CU04186,Customer 04186,Value Seekers,North,Corporate Sales
CU04187,Customer 04187,Home Makers,West,Website
CU04188,Customer 04188,Professionals,East,Corporate Sales
CU04189,Customer 04189,Home Makers,Central,Store
CU04190,Customer 04190,Home Makers,East,Social
CU04191,Customer 04191,Gamers,North,Store
CU04192,Customer 04192,Premium,Central,Store
CU04193,Customer 04193,Professionals,West,Social
CU04194,Customer 04194,Gamers,West,Social
CU04195,Customer 04195,Professionals,North,Website
CU04196,Customer 04196,Premium,East,Corporate Sales
CU04197,Customer 04197,Home Makers,West,Website
CU04198,Customer 04198,Gamers,North,Store
CU04199,Customer 04199,Corporate,North,Store
CU04200,Customer 04200,Premium,West,Website
CU04201,Customer 04201,Home Makers,North,Referral
CU04202,Customer 04202,Home Makers,West,Store
CU04203,Customer 04203,Corporate,West,Website
CU04204,Customer 04204,Professionals,Central,Social
CU04205,Customer 04205,Home Makers,North,Social
CU04206,Customer 04206,Professionals,Central,Corporate Sales
CU04207,Customer 04207,Premium,West,Website
CU04208,Customer 04208,Home Makers,Central,Social
CU04209,Customer 04209,Home Makers,West,Store
CU04210,Customer 04210,Gamers,West,Website
CU04211,Customer 04211,Home Makers,Central,Social
CU04212,Customer 04212,Home Makers,West,Store
CU04213,Customer 04213,Home Makers,North,Social
CU04214,Customer 04214,Value Seekers,East,Corporate Sales
CU04215,Customer 04215,Home Makers,North,Corporate Sales
CU04216,Customer 04216,Home Makers,East,Store
CU04217,Customer 04217,Gamers,West,Store
CU04218,Customer 04218,Value Seekers,West,Social
CU04219,Customer 04219,Premium,North,Referral
CU04220,Customer 04220,Professionals,Central,Store
CU04221,Customer 04221,Value Seekers,West,Website
CU04222,Customer 04222,Corporate,West,Website
CU04223,Customer 04223,Home Makers,Central,Corporate Sales
CU04224,Customer 04224,Premium,Central,Website
CU04225,Customer 04225,Premium,Central,Store
CU04226,Customer 04226,Gamers,West,Store
CU04227,Customer 04227,Value Seekers,Central,Social
CU04228,Customer 04228,Corporate,Central,Website
CU04229,Customer 04229,Value Seekers,West,Referral
CU04230,Customer 04230,Gamers,North,Social
CU04231,Customer 04231,Value Seekers,West,Social
CU04232,Customer 04232,Corporate,West,Referral
CU04233,Customer 04233,Home Makers,West,Store
CU04234,Customer 04234,Value Seekers,West,Store
CU04235,Customer 04235,Gamers,West,Store
CU04236,Customer 04236,Value Seekers,West,Website
CU04237,Customer 04237,Professionals,West,Website
CU04238,Customer 04238,Value Seekers,North,Store
CU04239,Customer 04239,Professionals,West,Social
CU04240,Customer 04240,Professionals,Central,Website
CU04241,Customer 04241,Home Makers,Central,Store
CU04242,Customer 04242,Professionals,West,Store
CU04243,Customer 04243,Corporate,Central,Referral
CU04244,Customer 04244,Corporate,North,Website
CU04245,Customer 04245,Value Seekers,North,Website
CU04246,Customer 04246,Professionals,West,Store
CU04247,Customer 04247,Gamers,West,Social
CU04248,Customer 04248,Corporate,Central,Referral
CU04249,Customer 04249,Corporate,East,Website
CU04250,Customer 04250,Premium,North,Store
CU04251,Customer 04251,Professionals,West,Website
CU04252,Customer 04252,Corporate,West,Corporate Sales
CU04253,Customer 04253,Corporate,North,Social
CU04254,Customer 04254,Premium,Central,Social
CU04255,Customer 04255,Premium,North,Referral
CU04256,Customer 04256,Corporate,East,Store
CU04257,Customer 04257,Home Makers,North,Corporate Sales
CU04258,Customer 04258,Premium,Central,Referral
CU04259,Customer 04259,Premium,East,Corporate Sales
CU04260,Customer 04260,Corporate,North,Website
CU04261,Customer 04261,Gamers,East,Store
CU04262,Customer 04262,Professionals,Central,Store
CU04263,Customer 04263,Value Seekers,West,Referral
CU04264,Customer 04264,Corporate,West,Store
CU04265,Customer 04265,Corporate,East,Social
CU04266,Customer 04266,Premium,North,Website
CU04267,Customer 04267,Professionals,West,Referral
CU04268,Customer 04268,Home Makers,West,Website
CU04269,Customer 04269,Premium,East,Social
CU04270,Customer 04270,Home Makers,East,Store
CU04271,Customer 04271,Home Makers,East,Corporate Sales
CU04272,Customer 04272,Value Seekers,West,Store
CU04273,Customer 04273,Professionals,West,Corporate Sales
CU04274,Customer 04274,Home Makers,Central,Referral
CU04275,Customer 04275,Corporate,West,Website
CU04276,Customer 04276,Gamers,West,Website
CU04277,Customer 04277,Value Seekers,West,Store
CU04278,Customer 04278,Professionals,North,Corporate Sales
CU04279,Customer 04279,Home Makers,East,Store
CU04280,Customer 04280,Gamers,Central,Store
CU04281,Customer 04281,Home Makers,Central,Website
CU04282,Customer 04282,Gamers,Central,Store
CU04283,Customer 04283,Value Seekers,East,Store
CU04284,Customer 04284,Corporate,West,Website
CU04285,Customer 04285,Home Makers,East,Website
CU04286,Customer 04286,Premium,West,Corporate Sales
CU04287,Customer 04287,Value Seekers,West,Website
CU04288,Customer 04288,Home Makers,North,Website
CU04289,Customer 04289,Corporate,Central,Website
CU04290,Customer 04290,Premium,West,Social
CU04291,Customer 04291,Professionals,West,Website
CU04292,Customer 04292,Value Seekers,East,Store
CU04293,Customer 04293,Home Makers,Central,Corporate Sales
CU04294,Customer 04294,Professionals,West,Social
CU04295,Customer 04295,Premium,West,Social
CU04296,Customer 04296,Gamers,West,Social
CU04297,Customer 04297,Corporate,West,Store
CU04298,Customer 04298,Premium,North,Social
CU04299,Customer 04299,Premium,North,Website
CU04300,Customer 04300,Gamers,East,Website
CU04301,Customer 04301,Value Seekers,North,Store
CU04302,Customer 04302,Home Makers,East,Corporate Sales
CU04303,Customer 04303,Corporate,North,Corporate Sales
CU04304,Customer 04304,Premium,Central,Website
CU04305,Customer 04305,Home Makers,North,Website
CU04306,Customer 04306,Value Seekers,Central,Store
CU04307,Customer 04307,Value Seekers,East,Website
CU04308,Customer 04308,Premium,North,Referral
CU04309,Customer 04309,Professionals,North,Website
CU04310,Customer 04310,Professionals,Central,Website
CU04311,Customer 04311,Gamers,West,Social
CU04312,Customer 04312,Premium,West,Website
CU04313,Customer 04313,Home Makers,North,Social
CU04314,Customer 04314,Value Seekers,West,Social
CU04315,Customer 04315,Home Makers,Central,Website
CU04316,Customer 04316,Value Seekers,East,Referral
CU04317,Customer 04317,Professionals,West,Website
CU04318,Customer 04318,Premium,North,Website
CU04319,Customer 04319,Home Makers,Central,Website
CU04320,Customer 04320,Corporate,Central,Corporate Sales
CU04321,Customer 04321,Value Seekers,West,Website
CU04322,Customer 04322,Gamers,West,Store
CU04323,Customer 04323,Corporate,West,Referral
CU04324,Customer 04324,Professionals,North,Social
CU04325,Customer 04325,Gamers,Central,Social
CU04326,Customer 04326,Corporate,East,Store
CU04327,Customer 04327,Professionals,Central,Store
CU04328,Customer 04328,Professionals,North,Corporate Sales
CU04329,Customer 04329,Premium,West,Referral
CU04330,Customer 04330,Value Seekers,Central,Referral
CU04331,Customer 04331,Home Makers,Central,Store
CU04332,Customer 04332,Value Seekers,West,Website
CU04333,Customer 04333,Home Makers,East,Website
CU04334,Customer 04334,Professionals,North,Social
CU04335,Customer 04335,Value Seekers,North,Store
CU04336,Customer 04336,Corporate,West,Store
CU04337,Customer 04337,Corporate,Central,Website
CU04338,Customer 04338,Premium,North,Store
CU04339,Customer 04339,Value Seekers,East,Referral
CU04340,Customer 04340,Professionals,West,Social
CU04341,Customer 04341,Value Seekers,West,Referral
CU04342,Customer 04342,Professionals,West,Website
CU04343,Customer 04343,Premium,West,Website
CU04344,Customer 04344,Professionals,East,Referral
CU04345,Customer 04345,Value Seekers,East,Social
CU04346,Customer 04346,Corporate,North,Store
CU04347,Customer 04347,Corporate,Central,Website
CU04348,Customer 04348,Home Makers,North,Store
CU04349,Customer 04349,Value Seekers,West,Social
CU04350,Customer 04350,Value Seekers,West,Store
CU04351,Customer 04351,Value Seekers,North,Store
CU04352,Customer 04352,Professionals,West,Corporate Sales
CU04353,Customer 04353,Value Seekers,West,Website
CU04354,Customer 04354,Professionals,West,Website
CU04355,Customer 04355,Gamers,North,Referral
CU04356,Customer 04356,Professionals,Central,Store
CU04357,Customer 04357,Home Makers,North,Social
CU04358,Customer 04358,Professionals,West,Store
CU04359,Customer 04359,Gamers,East,Social
CU04360,Customer 04360,Corporate,Central,Social
CU04361,Customer 04361,Professionals,West,Website
CU04362,Customer 04362,Gamers,West,Website
CU04363,Customer 04363,Professionals,West,Corporate Sales
CU04364,Customer 04364,Gamers,East,Referral
CU04365,Customer 04365,Gamers,West,Store
CU04366,Customer 04366,Premium,West,Website
CU04367,Customer 04367,Home Makers,Central,Website
CU04368,Customer 04368,Professionals,West,Store
CU04369,Customer 04369,Home Makers,East,Store
CU04370,Customer 04370,Professionals,West,Referral
CU04371,Customer 04371,Value Seekers,North,Referral
CU04372,Customer 04372,Value Seekers,West,Social
CU04373,Customer 04373,Gamers,North,Social
CU04374,Customer 04374,Home Makers,Central,Website
CU04375,Customer 04375,Value Seekers,East,Website
CU04376,Customer 04376,Value Seekers,North,Corporate Sales
CU04377,Customer 04377,Value Seekers,West,Website
CU04378,Customer 04378,Home Makers,West,Referral
CU04379,Customer 04379,Professionals,East,Website
CU04380,Customer 04380,Value Seekers,Central,Social
CU04381,Customer 04381,Value Seekers,West,Website
CU04382,Customer 04382,Gamers,West,Social
CU04383,Customer 04383,Value Seekers,Central,Store
CU04384,Customer 04384,Value Seekers,North,Website
CU04385,Customer 04385,Value Seekers,West,Social
CU04386,Customer 04386,Professionals,East,Website
CU04387,Customer 04387,Gamers,North,Website
CU04388,Customer 04388,Home Makers,West,Corporate Sales
CU04389,Customer 04389,Premium,North,Social
CU04390,Customer 04390,Home Makers,North,Website
CU04391,Customer 04391,Corporate,East,Referral
CU04392,Customer 04392,Home Makers,West,Referral
CU04393,Customer 04393,Value Seekers,Central,Website
CU04394,Customer 04394,Value Seekers,North,Website
CU04395,Customer 04395,Premium,North,Corporate Sales
CU04396,Customer 04396,Home Makers,North,Corporate Sales
CU04397,Customer 04397,Value Seekers,East,Corporate Sales
CU04398,Customer 04398,Professionals,Central,Store
CU04399,Customer 04399,Value Seekers,East,Referral
CU04400,Customer 04400,Value Seekers,West,Referral
CU04401,Customer 04401,Premium,Central,Website
CU04402,Customer 04402,Gamers,West,Corporate Sales
CU04403,Customer 04403,Home Makers,East,Store
CU04404,Customer 04404,Home Makers,West,Store
CU04405,Customer 04405,Corporate,East,Website
CU04406,Customer 04406,Value Seekers,West,Social
CU04407,Customer 04407,Value Seekers,North,Store
CU04408,Customer 04408,Gamers,Central,Website
CU04409,Customer 04409,Home Makers,Central,Website
CU04410,Customer 04410,Premium,Central,Website
CU04411,Customer 04411,Corporate,North,Referral
CU04412,Customer 04412,Value Seekers,East,Social
CU04413,Customer 04413,Gamers,Central,Website
CU04414,Customer 04414,Home Makers,North,Social
CU04415,Customer 04415,Professionals,West,Social
CU04416,Customer 04416,Premium,North,Store
CU04417,Customer 04417,Home Makers,Central,Store
CU04418,Customer 04418,Premium,East,Website
CU04419,Customer 04419,Value Seekers,Central,Social
CU04420,Customer 04420,Value Seekers,West,Social
CU04421,Customer 04421,Value Seekers,North,Website
CU04422,Customer 04422,Home Makers,East,Referral
CU04423,Customer 04423,Corporate,North,Referral
CU04424,Customer 04424,Value Seekers,West,Store
CU04425,Customer 04425,Professionals,North,Website
CU04426,Customer 04426,Corporate,West,Store
CU04427,Customer 04427,Home Makers,West,Social
CU04428,Customer 04428,Corporate,East,Store
CU04429,Customer 04429,Premium,West,Social
CU04430,Customer 04430,Corporate,West,Website
CU04431,Customer 04431,Home Makers,West,Website
CU04432,Customer 04432,Value Seekers,West,Store
CU04433,Customer 04433,Value Seekers,West,Social
CU04434,Customer 04434,Premium,Central,Referral
CU04435,Customer 04435,Home Makers,West,Social
CU04436,Customer 04436,Professionals,West,Store
CU04437,Customer 04437,Value Seekers,West,Social
CU04438,Customer 04438,Value Seekers,North,Corporate Sales
CU04439,Customer 04439,Professionals,East,Social
CU04440,Customer 04440,Gamers,Central,Website
CU04441,Customer 04441,Home Makers,West,Store
CU04442,Customer 04442,Professionals,Central,Referral
CU04443,Customer 04443,Professionals,East,Website
CU04444,Customer 04444,Home Makers,North,Referral
CU04445,Customer 04445,Gamers,West,Referral
CU04446,Customer 04446,Home Makers,West,Social
CU04447,Customer 04447,Corporate,Central,Website
CU04448,Customer 04448,Premium,Central,Social
CU04449,Customer 04449,Gamers,East,Referral
CU04450,Customer 04450,Home Makers,Central,Store
CU04451,Customer 04451,Professionals,North,Website
CU04452,Customer 04452,Value Seekers,West,Website
CU04453,Customer 04453,Corporate,North,Website
CU04454,Customer 04454,Professionals,West,Social
CU04455,Customer 04455,Corporate,Central,Social
CU04456,Customer 04456,Home Makers,West,Website
CU04457,Customer 04457,Premium,Central,Website
CU04458,Customer 04458,Professionals,West,Social
CU04459,Customer 04459,Premium,North,Referral
CU04460,Customer 04460,Value Seekers,West,Social
CU04461,Customer 04461,Gamers,Central,Referral
CU04462,Customer 04462,Professionals,West,Store
CU04463,Customer 04463,Premium,West,Website
CU04464,Customer 04464,Premium,West,Website
CU04465,Customer 04465,Value Seekers,East,Social
CU04466,Customer 04466,Home Makers,West,Website
CU04467,Customer 04467,Value Seekers,Central,Website
CU04468,Customer 04468,Professionals,North,Store
CU04469,Customer 04469,Value Seekers,Central,Store
CU04470,Customer 04470,Home Makers,East,Store
CU04471,Customer 04471,Home Makers,West,Store
CU04472,Customer 04472,Gamers,East,Store
CU04473,Customer 04473,Value Seekers,East,Social
CU04474,Customer 04474,Value Seekers,West,Website
CU04475,Customer 04475,Premium,West,Social
CU04476,Customer 04476,Corporate,West,Referral
CU04477,Customer 04477,Professionals,North,Store
CU04478,Customer 04478,Professionals,East,Store
CU04479,Customer 04479,Home Makers,Central,Social
CU04480,Customer 04480,Professionals,Central,Store
CU04481,Customer 04481,Professionals,North,Website
CU04482,Customer 04482,Professionals,Central,Social
CU04483,Customer 04483,Home Makers,Central,Social
CU04484,Customer 04484,Professionals,Central,Store
CU04485,Customer 04485,Value Seekers,West,Store
CU04486,Customer 04486,Professionals,West,Corporate Sales
CU04487,Customer 04487,Professionals,East,Social
CU04488,Customer 04488,Premium,East,Website
CU04489,Customer 04489,Gamers,North,Corporate Sales
CU04490,Customer 04490,Professionals,West,Website
CU04491,Customer 04491,Corporate,East,Store
CU04492,Customer 04492,Home Makers,West,Website
CU04493,Customer 04493,Gamers,West,Corporate Sales
CU04494,Customer 04494,Value Seekers,West,Website
CU04495,Customer 04495,Value Seekers,North,Website
CU04496,Customer 04496,Professionals,West,Store
CU04497,Customer 04497,Professionals,North,Social
CU04498,Customer 04498,Value Seekers,West,Website
CU04499,Customer 04499,Corporate,Central,Corporate Sales
CU04500,Customer 04500,Value Seekers,North,Website
CU04501,Customer 04501,Home Makers,West,Corporate Sales
CU04502,Customer 04502,Value Seekers,East,Website
CU04503,Customer 04503,Corporate,Central,Website
CU04504,Customer 04504,Value Seekers,West,Website
CU04505,Customer 04505,Value Seekers,East,Website
CU04506,Customer 04506,Professionals,Central,Store
CU04507,Customer 04507,Value Seekers,West,Website
CU04508,Customer 04508,Professionals,West,Website
CU04509,Customer 04509,Professionals,West,Referral
CU04510,Customer 04510,Value Seekers,North,Social
CU04511,Customer 04511,Premium,West,Website
CU04512,Customer 04512,Corporate,East,Social
CU04513,Customer 04513,Premium,West,Store
CU04514,Customer 04514,Professionals,West,Store
CU04515,Customer 04515,Value Seekers,Central,Store
CU04516,Customer 04516,Corporate,West,Social
CU04517,Customer 04517,Value Seekers,East,Corporate Sales
CU04518,Customer 04518,Premium,West,Website
CU04519,Customer 04519,Professionals,West,Store
CU04520,Customer 04520,Premium,East,Store
CU04521,Customer 04521,Professionals,West,Store
CU04522,Customer 04522,Value Seekers,Central,Store
CU04523,Customer 04523,Corporate,West,Corporate Sales
CU04524,Customer 04524,Value Seekers,Central,Website
CU04525,Customer 04525,Corporate,West,Store
CU04526,Customer 04526,Professionals,West,Website
CU04527,Customer 04527,Professionals,North,Store
CU04528,Customer 04528,Premium,West,Website
CU04529,Customer 04529,Gamers,West,Website
CU04530,Customer 04530,Home Makers,East,Website
CU04531,Customer 04531,Professionals,West,Corporate Sales
CU04532,Customer 04532,Home Makers,West,Website
CU04533,Customer 04533,Home Makers,North,Website
CU04534,Customer 04534,Home Makers,West,Website
CU04535,Customer 04535,Value Seekers,Central,Referral
CU04536,Customer 04536,Gamers,Central,Store
CU04537,Customer 04537,Home Makers,East,Website
CU04538,Customer 04538,Home Makers,West,Website
CU04539,Customer 04539,Home Makers,North,Store
CU04540,Customer 04540,Home Makers,West,Website
CU04541,Customer 04541,Professionals,West,Corporate Sales
CU04542,Customer 04542,Premium,West,Store
CU04543,Customer 04543,Premium,Central,Social
CU04544,Customer 04544,Home Makers,West,Website
CU04545,Customer 04545,Professionals,Central,Store
CU04546,Customer 04546,Value Seekers,East,Website
CU04547,Customer 04547,Gamers,West,Store
CU04548,Customer 04548,Professionals,East,Corporate Sales
CU04549,Customer 04549,Home Makers,North,Social
CU04550,Customer 04550,Home Makers,East,Corporate Sales
CU04551,Customer 04551,Home Makers,West,Store
CU04552,Customer 04552,Premium,West,Corporate Sales
CU04553,Customer 04553,Value Seekers,North,Website
CU04554,Customer 04554,Value Seekers,East,Store
CU04555,Customer 04555,Professionals,Central,Social
CU04556,Customer 04556,Value Seekers,West,Website
CU04557,Customer 04557,Corporate,North,Website
CU04558,Customer 04558,Value Seekers,East,Store
CU04559,Customer 04559,Home Makers,West,Corporate Sales
CU04560,Customer 04560,Premium,Central,Website
CU04561,Customer 04561,Value Seekers,North,Social
CU04562,Customer 04562,Value Seekers,West,Store
CU04563,Customer 04563,Value Seekers,East,Corporate Sales
CU04564,Customer 04564,Home Makers,North,Website
CU04565,Customer 04565,Professionals,North,Social
CU04566,Customer 04566,Professionals,North,Website
CU04567,Customer 04567,Value Seekers,West,Referral
CU04568,Customer 04568,Value Seekers,North,Corporate Sales
CU04569,Customer 04569,Gamers,North,Store
CU04570,Customer 04570,Value Seekers,West,Store
CU04571,Customer 04571,Professionals,West,Website
CU04572,Customer 04572,Professionals,West,Corporate Sales
CU04573,Customer 04573,Premium,West,Social
CU04574,Customer 04574,Value Seekers,Central,Store
CU04575,Customer 04575,Corporate,East,Corporate Sales
CU04576,Customer 04576,Value Seekers,North,Referral
CU04577,Customer 04577,Value Seekers,West,Website
CU04578,Customer 04578,Gamers,Central,Website
CU04579,Customer 04579,Value Seekers,East,Corporate Sales
CU04580,Customer 04580,Corporate,East,Social
CU04581,Customer 04581,Professionals,West,Store
CU04582,Customer 04582,Value Seekers,East,Website
CU04583,Customer 04583,Gamers,West,Website
CU04584,Customer 04584,Professionals,North,Store
CU04585,Customer 04585,Professionals,West,Corporate Sales
CU04586,Customer 04586,Home Makers,North,Website
CU04587,Customer 04587,Premium,North,Website
CU04588,Customer 04588,Gamers,North,Referral
CU04589,Customer 04589,Value Seekers,West,Corporate Sales
CU04590,Customer 04590,Home Makers,West,Store
CU04591,Customer 04591,Premium,North,Store
CU04592,Customer 04592,Home Makers,East,Corporate Sales
CU04593,Customer 04593,Home Makers,West,Social
CU04594,Customer 04594,Corporate,Central,Corporate Sales
CU04595,Customer 04595,Professionals,East,Website
CU04596,Customer 04596,Professionals,Central,Website
CU04597,Customer 04597,Corporate,North,Store
CU04598,Customer 04598,Professionals,West,Website
CU04599,Customer 04599,Gamers,West,Store
CU04600,Customer 04600,Premium,North,Website
CU04601,Customer 04601,Home Makers,Central,Corporate Sales
CU04602,Customer 04602,Professionals,West,Store
CU04603,Customer 04603,Professionals,West,Social
CU04604,Customer 04604,Professionals,North,Website
CU04605,Customer 04605,Gamers,North,Website
CU04606,Customer 04606,Home Makers,North,Website
CU04607,Customer 04607,Corporate,North,Store
CU04608,Customer 04608,Home Makers,East,Social
CU04609,Customer 04609,Professionals,Central,Social
CU04610,Customer 04610,Value Seekers,West,Corporate Sales
CU04611,Customer 04611,Value Seekers,Central,Social
CU04612,Customer 04612,Home Makers,East,Corporate Sales
CU04613,Customer 04613,Corporate,West,Store
CU04614,Customer 04614,Professionals,West,Website
CU04615,Customer 04615,Home Makers,Central,Website
CU04616,Customer 04616,Gamers,West,Website
CU04617,Customer 04617,Home Makers,West,Website
CU04618,Customer 04618,Value Seekers,Central,Website
CU04619,Customer 04619,Professionals,West,Store
CU04620,Customer 04620,Professionals,North,Social
CU04621,Customer 04621,Corporate,West,Social
CU04622,Customer 04622,Corporate,East,Store
CU04623,Customer 04623,Gamers,Central,Store
CU04624,Customer 04624,Value Seekers,East,Store
CU04625,Customer 04625,Professionals,West,Store
CU04626,Customer 04626,Professionals,West,Website
CU04627,Customer 04627,Value Seekers,North,Store
CU04628,Customer 04628,Gamers,North,Social
CU04629,Customer 04629,Professionals,West,Referral
CU04630,Customer 04630,Premium,Central,Website
CU04631,Customer 04631,Value Seekers,West,Store
CU04632,Customer 04632,Home Makers,East,Store
CU04633,Customer 04633,Value Seekers,North,Store
CU04634,Customer 04634,Professionals,North,Referral
CU04635,Customer 04635,Home Makers,West,Store
CU04636,Customer 04636,Professionals,West,Website
CU04637,Customer 04637,Value Seekers,West,Referral
CU04638,Customer 04638,Value Seekers,West,Social
CU04639,Customer 04639,Home Makers,East,Store
CU04640,Customer 04640,Professionals,North,Website
CU04641,Customer 04641,Gamers,Central,Referral
CU04642,Customer 04642,Professionals,East,Store
CU04643,Customer 04643,Value Seekers,East,Store
CU04644,Customer 04644,Premium,North,Website
CU04645,Customer 04645,Value Seekers,North,Social
CU04646,Customer 04646,Home Makers,West,Store
CU04647,Customer 04647,Professionals,West,Store
CU04648,Customer 04648,Premium,East,Store
CU04649,Customer 04649,Corporate,Central,Referral
CU04650,Customer 04650,Gamers,North,Website
CU04651,Customer 04651,Premium,West,Store
CU04652,Customer 04652,Home Makers,West,Social
CU04653,Customer 04653,Home Makers,Central,Website
CU04654,Customer 04654,Gamers,West,Website
CU04655,Customer 04655,Home Makers,Central,Website
CU04656,Customer 04656,Premium,North,Store
CU04657,Customer 04657,Value Seekers,West,Social
CU04658,Customer 04658,Value Seekers,East,Store
CU04659,Customer 04659,Value Seekers,East,Social
CU04660,Customer 04660,Value Seekers,Central,Website
CU04661,Customer 04661,Premium,Central,Website
CU04662,Customer 04662,Value Seekers,West,Website
CU04663,Customer 04663,Premium,North,Website
CU04664,Customer 04664,Home Makers,East,Corporate Sales
CU04665,Customer 04665,Home Makers,West,Social
CU04666,Customer 04666,Gamers,West,Website
CU04667,Customer 04667,Premium,North,Website
CU04668,Customer 04668,Value Seekers,West,Corporate Sales
CU04669,Customer 04669,Corporate,Central,Corporate Sales
CU04670,Customer 04670,Professionals,West,Website
CU04671,Customer 04671,Value Seekers,Central,Store
CU04672,Customer 04672,Home Makers,East,Website
CU04673,Customer 04673,Premium,East,Social
CU04674,Customer 04674,Corporate,North,Store
CU04675,Customer 04675,Home Makers,Central,Store
CU04676,Customer 04676,Corporate,West,Corporate Sales
CU04677,Customer 04677,Professionals,North,Social
CU04678,Customer 04678,Value Seekers,West,Store
CU04679,Customer 04679,Value Seekers,West,Corporate Sales
CU04680,Customer 04680,Premium,Central,Referral
CU04681,Customer 04681,Home Makers,West,Website
CU04682,Customer 04682,Home Makers,North,Website
CU04683,Customer 04683,Professionals,West,Store
CU04684,Customer 04684,Gamers,Central,Store
CU04685,Customer 04685,Value Seekers,East,Social
CU04686,Customer 04686,Value Seekers,North,Store
CU04687,Customer 04687,Value Seekers,West,Store
CU04688,Customer 04688,Premium,West,Website
CU04689,Customer 04689,Value Seekers,East,Store
CU04690,Customer 04690,Premium,West,Store
CU04691,Customer 04691,Professionals,East,Website
CU04692,Customer 04692,Professionals,West,Store
CU04693,Customer 04693,Professionals,North,Website
CU04694,Customer 04694,Professionals,West,Referral
CU04695,Customer 04695,Value Seekers,West,Store
CU04696,Customer 04696,Value Seekers,North,Website
CU04697,Customer 04697,Value Seekers,North,Website
CU04698,Customer 04698,Premium,East,Social
CU04699,Customer 04699,Corporate,Central,Referral
CU04700,Customer 04700,Home Makers,West,Website
CU04701,Customer 04701,Professionals,North,Website
CU04702,Customer 04702,Professionals,West,Corporate Sales
CU04703,Customer 04703,Gamers,Central,Referral
CU04704,Customer 04704,Home Makers,West,Website
CU04705,Customer 04705,Professionals,Central,Corporate Sales
CU04706,Customer 04706,Premium,North,Social
CU04707,Customer 04707,Professionals,West,Website
CU04708,Customer 04708,Home Makers,West,Referral
CU04709,Customer 04709,Premium,West,Corporate Sales
CU04710,Customer 04710,Home Makers,Central,Store
CU04711,Customer 04711,Corporate,East,Store
CU04712,Customer 04712,Value Seekers,North,Social
CU04713,Customer 04713,Corporate,East,Corporate Sales
CU04714,Customer 04714,Value Seekers,Central,Store
CU04715,Customer 04715,Value Seekers,West,Corporate Sales
CU04716,Customer 04716,Value Seekers,Central,Store
CU04717,Customer 04717,Professionals,North,Corporate Sales
CU04718,Customer 04718,Gamers,West,Website
CU04719,Customer 04719,Value Seekers,Central,Store
CU04720,Customer 04720,Value Seekers,West,Referral
CU04721,Customer 04721,Premium,Central,Website
CU04722,Customer 04722,Gamers,West,Social
CU04723,Customer 04723,Corporate,North,Store
CU04724,Customer 04724,Premium,North,Social
CU04725,Customer 04725,Premium,East,Social
CU04726,Customer 04726,Premium,North,Store
CU04727,Customer 04727,Value Seekers,West,Social
CU04728,Customer 04728,Value Seekers,East,Website
CU04729,Customer 04729,Gamers,East,Store
CU04730,Customer 04730,Gamers,Central,Website
CU04731,Customer 04731,Corporate,West,Store
CU04732,Customer 04732,Premium,West,Store
CU04733,Customer 04733,Value Seekers,North,Social
CU04734,Customer 04734,Premium,Central,Corporate Sales
CU04735,Customer 04735,Premium,Central,Corporate Sales
CU04736,Customer 04736,Home Makers,East,Social
CU04737,Customer 04737,Value Seekers,West,Referral
CU04738,Customer 04738,Home Makers,North,Store
CU04739,Customer 04739,Home Makers,West,Corporate Sales
CU04740,Customer 04740,Home Makers,West,Corporate Sales
CU04741,Customer 04741,Value Seekers,North,Social
CU04742,Customer 04742,Corporate,West,Referral
CU04743,Customer 04743,Professionals,North,Store
CU04744,Customer 04744,Value Seekers,Central,Store
CU04745,Customer 04745,Professionals,North,Corporate Sales
CU04746,Customer 04746,Home Makers,West,Corporate Sales
CU04747,Customer 04747,Gamers,West,Corporate Sales
CU04748,Customer 04748,Corporate,North,Store
CU04749,Customer 04749,Home Makers,West,Corporate Sales
CU04750,Customer 04750,Corporate,West,Website
CU04751,Customer 04751,Premium,West,Website
CU04752,Customer 04752,Home Makers,North,Referral
CU04753,Customer 04753,Premium,Central,Website
CU04754,Customer 04754,Home Makers,Central,Store
CU04755,Customer 04755,Professionals,North,Store
CU04756,Customer 04756,Home Makers,East,Social
CU04757,Customer 04757,Home Makers,West,Store
CU04758,Customer 04758,Corporate,North,Social
CU04759,Customer 04759,Premium,West,Corporate Sales
CU04760,Customer 04760,Home Makers,Central,Store
CU04761,Customer 04761,Corporate,East,Website
CU04762,Customer 04762,Professionals,West,Website
CU04763,Customer 04763,Home Makers,West,Corporate Sales
CU04764,Customer 04764,Home Makers,East,Corporate Sales
CU04765,Customer 04765,Value Seekers,West,Social
CU04766,Customer 04766,Home Makers,West,Referral
CU04767,Customer 04767,Value Seekers,West,Social
CU04768,Customer 04768,Corporate,North,Social
CU04769,Customer 04769,Value Seekers,North,Store
CU04770,Customer 04770,Professionals,Central,Referral
CU04771,Customer 04771,Home Makers,West,Website
CU04772,Customer 04772,Professionals,West,Referral
CU04773,Customer 04773,Gamers,West,Social
CU04774,Customer 04774,Value Seekers,West,Website
CU04775,Customer 04775,Value Seekers,Central,Website
CU04776,Customer 04776,Home Makers,West,Social
CU04777,Customer 04777,Value Seekers,North,Store
CU04778,Customer 04778,Premium,West,Store
CU04779,Customer 04779,Home Makers,North,Corporate Sales
CU04780,Customer 04780,Value Seekers,East,Referral
CU04781,Customer 04781,Professionals,Central,Social
CU04782,Customer 04782,Value Seekers,West,Referral
CU04783,Customer 04783,Corporate,West,Website
CU04784,Customer 04784,Professionals,West,Website
CU04785,Customer 04785,Home Makers,West,Store
CU04786,Customer 04786,Home Makers,Central,Website
CU04787,Customer 04787,Gamers,North,Store
CU04788,Customer 04788,Corporate,Central,Social
CU04789,Customer 04789,Home Makers,Central,Corporate Sales
CU04790,Customer 04790,Corporate,West,Corporate Sales
CU04791,Customer 04791,Professionals,West,Website
CU04792,Customer 04792,Professionals,East,Store
CU04793,Customer 04793,Value Seekers,East,Social
CU04794,Customer 04794,Value Seekers,West,Store
CU04795,Customer 04795,Value Seekers,East,Social
CU04796,Customer 04796,Value Seekers,West,Referral
CU04797,Customer 04797,Value Seekers,West,Corporate Sales
CU04798,Customer 04798,Home Makers,West,Corporate Sales
CU04799,Customer 04799,Home Makers,West,Referral
CU04800,Customer 04800,Professionals,East,Website
CU04801,Customer 04801,Value Seekers,East,Website
CU04802,Customer 04802,Value Seekers,East,Website
CU04803,Customer 04803,Professionals,West,Store
CU04804,Customer 04804,Gamers,West,Store
CU04805,Customer 04805,Value Seekers,East,Store
CU04806,Customer 04806,Home Makers,Central,Store
CU04807,Customer 04807,Value Seekers,West,Website
CU04808,Customer 04808,Gamers,West,Store
CU04809,Customer 04809,Home Makers,Central,Store
CU04810,Customer 04810,Value Seekers,West,Corporate Sales
CU04811,Customer 04811,Value Seekers,East,Referral
CU04812,Customer 04812,Gamers,North,Social
CU04813,Customer 04813,Professionals,West,Store
CU04814,Customer 04814,Home Makers,West,Store
CU04815,Customer 04815,Premium,East,Website
CU04816,Customer 04816,Premium,North,Store
CU04817,Customer 04817,Home Makers,Central,Social
CU04818,Customer 04818,Premium,East,Website
CU04819,Customer 04819,Value Seekers,North,Referral
CU04820,Customer 04820,Value Seekers,Central,Referral
CU04821,Customer 04821,Value Seekers,North,Store
CU04822,Customer 04822,Value Seekers,North,Referral
CU04823,Customer 04823,Professionals,West,Website
CU04824,Customer 04824,Value Seekers,Central,Website
CU04825,Customer 04825,Gamers,West,Corporate Sales
CU04826,Customer 04826,Home Makers,West,Social
CU04827,Customer 04827,Professionals,North,Referral
CU04828,Customer 04828,Premium,West,Referral
CU04829,Customer 04829,Gamers,North,Corporate Sales
CU04830,Customer 04830,Value Seekers,North,Referral
CU04831,Customer 04831,Gamers,North,Referral
CU04832,Customer 04832,Professionals,Central,Store
CU04833,Customer 04833,Gamers,West,Corporate Sales
CU04834,Customer 04834,Corporate,Central,Website
CU04835,Customer 04835,Professionals,East,Social
CU04836,Customer 04836,Premium,North,Corporate Sales
CU04837,Customer 04837,Value Seekers,West,Corporate Sales
CU04838,Customer 04838,Gamers,Central,Social
CU04839,Customer 04839,Premium,West,Social
CU04840,Customer 04840,Gamers,North,Corporate Sales
CU04841,Customer 04841,Professionals,North,Social
CU04842,Customer 04842,Gamers,West,Store
CU04843,Customer 04843,Home Makers,East,Store
CU04844,Customer 04844,Premium,West,Corporate Sales
CU04845,Customer 04845,Premium,West,Corporate Sales
CU04846,Customer 04846,Home Makers,West,Corporate Sales
CU04847,Customer 04847,Professionals,North,Store
CU04848,Customer 04848,Value Seekers,West,Social
CU04849,Customer 04849,Value Seekers,East,Website
CU04850,Customer 04850,Premium,West,Store
CU04851,Customer 04851,Value Seekers,Central,Store
CU04852,Customer 04852,Gamers,West,Store
CU04853,Customer 04853,Value Seekers,West,Website
CU04854,Customer 04854,Corporate,West,Referral
CU04855,Customer 04855,Gamers,East,Website
CU04856,Customer 04856,Value Seekers,West,Website
CU04857,Customer 04857,Home Makers,East,Corporate Sales
CU04858,Customer 04858,Value Seekers,Central,Website
CU04859,Customer 04859,Premium,West,Website
CU04860,Customer 04860,Value Seekers,East,Corporate Sales
CU04861,Customer 04861,Professionals,West,Social
CU04862,Customer 04862,Professionals,West,Social
CU04863,Customer 04863,Home Makers,West,Website
CU04864,Customer 04864,Gamers,West,Website
CU04865,Customer 04865,Professionals,West,Referral
CU04866,Customer 04866,Professionals,West,Store
CU04867,Customer 04867,Gamers,Central,Social
CU04868,Customer 04868,Home Makers,Central,Social
CU04869,Customer 04869,Value Seekers,West,Referral
CU04870,Customer 04870,Value Seekers,North,Referral
CU04871,Customer 04871,Professionals,West,Website
CU04872,Customer 04872,Gamers,East,Store
CU04873,Customer 04873,Home Makers,Central,Social
CU04874,Customer 04874,Home Makers,Central,Store
CU04875,Customer 04875,Value Seekers,North,Social
CU04876,Customer 04876,Value Seekers,West,Store
CU04877,Customer 04877,Gamers,Central,Website
CU04878,Customer 04878,Gamers,North,Store
CU04879,Customer 04879,Value Seekers,North,Store
CU04880,Customer 04880,Home Makers,North,Referral
CU04881,Customer 04881,Professionals,West,Referral
CU04882,Customer 04882,Value Seekers,East,Store
CU04883,Customer 04883,Premium,Central,Store
CU04884,Customer 04884,Premium,Central,Website
CU04885,Customer 04885,Gamers,West,Referral
CU04886,Customer 04886,Value Seekers,West,Website
CU04887,Customer 04887,Corporate,Central,Store
CU04888,Customer 04888,Home Makers,North,Store
CU04889,Customer 04889,Premium,North,Social
CU04890,Customer 04890,Professionals,North,Social
CU04891,Customer 04891,Professionals,North,Website
CU04892,Customer 04892,Professionals,East,Store
CU04893,Customer 04893,Home Makers,West,Website
CU04894,Customer 04894,Premium,West,Social
CU04895,Customer 04895,Value Seekers,East,Referral
CU04896,Customer 04896,Premium,East,Referral
CU04897,Customer 04897,Value Seekers,West,Store
CU04898,Customer 04898,Corporate,Central,Social
CU04899,Customer 04899,Home Makers,West,Corporate Sales
CU04900,Customer 04900,Home Makers,North,Social
CU04901,Customer 04901,Professionals,West,Social
CU04902,Customer 04902,Home Makers,North,Corporate Sales
CU04903,Customer 04903,Value Seekers,Central,Referral
CU04904,Customer 04904,Value Seekers,West,Website
CU04905,Customer 04905,Professionals,West,Website
CU04906,Customer 04906,Corporate,North,Social
CU04907,Customer 04907,Home Makers,West,Social
CU04908,Customer 04908,Professionals,East,Referral
CU04909,Customer 04909,Gamers,East,Corporate Sales
CU04910,Customer 04910,Value Seekers,East,Referral
CU04911,Customer 04911,Home Makers,East,Store
CU04912,Customer 04912,Premium,West,Store
CU04913,Customer 04913,Home Makers,West,Referral
CU04914,Customer 04914,Gamers,Central,Social
CU04915,Customer 04915,Professionals,North,Website
CU04916,Customer 04916,Gamers,West,Website
CU04917,Customer 04917,Value Seekers,East,Website
CU04918,Customer 04918,Home Makers,Central,Referral
CU04919,Customer 04919,Value Seekers,West,Store
CU04920,Customer 04920,Value Seekers,East,Store
CU04921,Customer 04921,Corporate,West,Website
CU04922,Customer 04922,Home Makers,East,Store
CU04923,Customer 04923,Professionals,North,Store
CU04924,Customer 04924,Professionals,West,Store
CU04925,Customer 04925,Gamers,North,Website
CU04926,Customer 04926,Professionals,West,Social
CU04927,Customer 04927,Home Makers,West,Website
CU04928,Customer 04928,Professionals,Central,Social
CU04929,Customer 04929,Value Seekers,Central,Social
CU04930,Customer 04930,Value Seekers,North,Store
CU04931,Customer 04931,Professionals,Central,Website
CU04932,Customer 04932,Value Seekers,North,Corporate Sales
CU04933,Customer 04933,Professionals,East,Social
CU04934,Customer 04934,Home Makers,East,Corporate Sales
CU04935,Customer 04935,Premium,Central,Store
CU04936,Customer 04936,Value Seekers,West,Social
CU04937,Customer 04937,Value Seekers,West,Social
CU04938,Customer 04938,Premium,North,Store
CU04939,Customer 04939,Value Seekers,West,Website
CU04940,Customer 04940,Home Makers,West,Social
CU04941,Customer 04941,Value Seekers,East,Website
CU04942,Customer 04942,Value Seekers,West,Store
CU04943,Customer 04943,Professionals,East,Website
CU04944,Customer 04944,Home Makers,North,Website
CU04945,Customer 04945,Premium,West,Website
CU04946,Customer 04946,Value Seekers,North,Store
CU04947,Customer 04947,Professionals,Central,Corporate Sales
CU04948,Customer 04948,Professionals,East,Website
CU04949,Customer 04949,Corporate,West,Website
CU04950,Customer 04950,Home Makers,North,Referral
CU04951,Customer 04951,Value Seekers,West,Referral
CU04952,Customer 04952,Premium,West,Website
CU04953,Customer 04953,Value Seekers,North,Social
CU04954,Customer 04954,Home Makers,West,Store
CU04955,Customer 04955,Home Makers,West,Social
CU04956,Customer 04956,Home Makers,West,Social
CU04957,Customer 04957,Value Seekers,North,Social
CU04958,Customer 04958,Premium,North,Social
CU04959,Customer 04959,Value Seekers,Central,Website
CU04960,Customer 04960,Home Makers,West,Website
CU04961,Customer 04961,Value Seekers,East,Corporate Sales
CU04962,Customer 04962,Premium,West,Store
CU04963,Customer 04963,Value Seekers,Central,Website
CU04964,Customer 04964,Gamers,West,Website
CU04965,Customer 04965,Home Makers,East,Website
CU04966,Customer 04966,Professionals,East,Social
CU04967,Customer 04967,Value Seekers,West,Website
CU04968,Customer 04968,Corporate,Central,Website
CU04969,Customer 04969,Value Seekers,North,Website
CU04970,Customer 04970,Professionals,West,Store
CU04971,Customer 04971,Value Seekers,Central,Store
CU04972,Customer 04972,Home Makers,East,Corporate Sales
CU04973,Customer 04973,Value Seekers,East,Corporate Sales
CU04974,Customer 04974,Premium,East,Store
CU04975,Customer 04975,Corporate,West,Social
CU04976,Customer 04976,Value Seekers,West,Store
CU04977,Customer 04977,Professionals,West,Social
CU04978,Customer 04978,Gamers,West,Social
CU04979,Customer 04979,Professionals,North,Website
CU04980,Customer 04980,Professionals,West,Store
CU04981,Customer 04981,Professionals,North,Store
CU04982,Customer 04982,Professionals,Central,Store
CU04983,Customer 04983,Home Makers,West,Social
CU04984,Customer 04984,Premium,North,Website
CU04985,Customer 04985,Value Seekers,West,Website
CU04986,Customer 04986,Value Seekers,West,Social
CU04987,Customer 04987,Professionals,West,Corporate Sales
CU04988,Customer 04988,Premium,West,Website
CU04989,Customer 04989,Professionals,West,Store
CU04990,Customer 04990,Corporate,West,Social
CU04991,Customer 04991,Gamers,West,Social
CU04992,Customer 04992,Professionals,West,Referral
CU04993,Customer 04993,Value Seekers,East,Website
CU04994,Customer 04994,Premium,Central,Social
CU04995,Customer 04995,Value Seekers,North,Social
CU04996,Customer 04996,Gamers,Central,Website
CU04997,Customer 04997,Professionals,West,Store
CU04998,Customer 04998,Corporate,Central,Corporate Sales
CU04999,Customer 04999,Premium,North,Website
CU05000,Customer 05000,Home Makers,Central,Corporate Sales
