return_id,order_id,return_date,product_id,quantity,return_reason,refund_amount
R000001,O000012,2026-06-24,P0064,3,Wrong Item,381.42
R000002,O000037,2026-02-17,P0034,3,Damaged,4049.51
R000003,O000068,2026-04-13,P0056,2,Not as Expected,637.09
R000004,O000073,2026-03-18,P0025,2,Wrong Item,3022.94
R000005,O000092,2026-06-22,P0065,2,Changed Mind,562.86
R000006,O000103,2026-05-29,P0069,1,Wrong Item,389.11
R000007,O000118,2026-06-23,P0061,3,Defective,1135.49
R000008,O000153,2026-04-02,P0026,1,Damaged,1845.47
R000009,O000168,2026-03-28,P0029,1,Wrong Item,1687.82
R000010,O000170,2026-05-15,P0034,3,Not as Expected,3897.99
R000011,O000175,2026-03-18,P0056,1,Changed Mind,318.75
R000012,O000199,2026-01-27,P0029,3,Not as Expected,5029.81
R000013,O000202,2026-02-01,P0005,1,Changed Mind,1628.48
R000014,O000220,2026-01-20,P0011,3,Wrong Item,3718.48
R000015,O000243,2026-03-02,P0031,2,Defective,4399.6
R000016,O000259,2026-03-06,P0019,2,Defective,1275.92
R000017,O000271,2026-07-01,P0068,2,Changed Mind,870.94
R000018,O000280,2026-03-30,P0065,2,Damaged,607.04
R000019,O000291,2026-05-20,P0026,1,Not as Expected,1710.49
R000020,O000334,2026-03-03,P0009,1,Not as Expected,880.93
R000021,O000339,2026-04-25,P0057,3,Changed Mind,1322.68
R000022,O000344,2026-05-12,P0073,1,Damaged,567.4
R000023,O000363,2026-03-14,P0064,1,Damaged,128.07
R000024,O000379,2026-01-14,P0015,1,Damaged,686.63
R000025,O000390,2026-07-02,P0068,2,Wrong Item,935.21
R000026,O000399,2026-04-02,P0001,2,Damaged,2253.75
R000027,O000419,2026-05-03,P0048,3,Defective,2165.74
R000028,O000424,2026-02-09,P0023,1,Changed Mind,1037.88
R000029,O000441,2026-01-08,P0050,3,Changed Mind,3385.41
R000030,O000498,2026-02-16,P0069,2,Damaged,707.39
R000031,O000516,2026-02-01,P0055,1,Not as Expected,176.36
R000032,O000523,2026-05-03,P0051,2,Defective,156.18
R000033,O000566,2026-01-11,P0076,3,Changed Mind,3206.27
R000034,O000570,2026-05-31,P0067,2,Defective,1255.49
R000035,O000603,2026-03-01,P0079,1,Defective,824.74
R000036,O000647,2026-01-29,P0011,3,Not as Expected,3739.63
R000037,O000675,2026-06-16,P0060,2,Defective,450.45
R000038,O000676,2026-02-03,P0030,2,Defective,1349.66
R000039,O000701,2026-01-29,P0014,1,Changed Mind,1166.04
R000040,O000722,2026-06-22,P0015,2,Wrong Item,1182.11
R000041,O000737,2026-05-05,P0076,1,Changed Mind,1038.0
R000042,O000738,2026-05-13,P0028,3,Damaged,1620.7
R000043,O000740,2026-06-05,P0055,1,Damaged,174.05
R000044,O000746,2026-05-07,P0077,3,Defective,1089.81
R000045,O000748,2026-02-23,P0006,1,Damaged,804.68
R000046,O000754,2026-03-03,P0029,2,Damaged,3078.9
R000047,O000770,2026-02-05,P0027,2,Damaged,2396.12
R000048,O000784,2026-02-22,P0014,1,Defective,1145.63
R000049,O000804,2026-06-06,P0069,3,Not as Expected,1044.72
R000050,O000812,2026-06-24,P0066,5,Not as Expected,2400.65
R000051,O000841,2026-02-02,P0051,1,Changed Mind,84.31
R000052,O000851,2026-07-22,P0031,2,Changed Mind,4227.47
R000053,O000864,2026-06-17,P0064,2,Wrong Item,254.89
R000054,O000887,2026-02-03,P0061,1,Defective,363.71
R000055,O000892,2026-05-07,P0042,2,Defective,2464.51
R000056,O000907,2026-07-06,P0064,2,Defective,250.94
R000057,O000985,2026-03-07,P0054,2,Changed Mind,872.23
R000058,O000994,2026-04-08,P0072,3,Wrong Item,2529.38
R000059,O000998,2026-04-15,P0007,3,Defective,3245.96
R000060,O001013,2026-02-23,P0003,2,Defective,1878.23
R000061,O001052,2026-05-22,P0053,1,Not as Expected,116.69
R000062,O001073,2026-04-22,P0022,1,Wrong Item,1826.42
R000063,O001079,2026-04-29,P0044,2,Wrong Item,1279.31
R000064,O001083,2026-05-24,P0042,2,Not as Expected,2420.6
R000065,O001103,2026-04-13,P0055,1,Changed Mind,176.38
R000066,O001105,2026-02-05,P0051,1,Wrong Item,82.06
R000067,O001147,2026-07-12,P0017,2,Defective,1085.65
R000068,O001149,2026-06-21,P0012,5,Defective,4436.2
R000069,O001165,2026-04-17,P0037,1,Changed Mind,936.61
R000070,O001176,2026-01-19,P0025,1,Not as Expected,1421.91
R000071,O001183,2026-04-08,P0018,1,Changed Mind,1000.18
R000072,O001205,2026-03-21,P0055,3,Not as Expected,509.08
R000073,O001228,2026-01-15,P0019,1,Changed Mind,642.83
R000074,O001240,2026-01-24,P0071,1,Defective,1047.6
R000075,O001296,2026-06-14,P0057,3,Defective,1334.75
R000076,O001323,2026-06-30,P0053,3,Defective,353.22
R000077,O001326,2026-07-08,P0029,2,Not as Expected,3081.84
R000078,O001341,2026-07-02,P0058,2,Wrong Item,404.15
R000079,O001355,2026-05-02,P0008,1,Wrong Item,1061.59
R000080,O001398,2026-05-03,P0062,1,Not as Expected,249.38
R000081,O001431,2026-06-27,P0046,2,Not as Expected,943.66
R000082,O001448,2026-04-15,P0058,1,Defective,209.6
R000083,O001459,2026-01-27,P0026,1,Defective,1829.77
R000084,O001461,2026-06-30,P0030,2,Not as Expected,1186.09
R000085,O001479,2026-04-11,P0029,1,Wrong Item,1602.65
R000086,O001485,2026-04-02,P0061,1,Damaged,356.58
R000087,O001492,2026-06-17,P0034,2,Not as Expected,2466.0
R000088,O001499,2026-06-03,P0056,2,Defective,668.63
R000089,O001521,2026-05-16,P0025,1,Not as Expected,1479.15
R000090,O001524,2026-04-12,P0057,2,Damaged,927.55
R000091,O001525,2026-03-14,P0053,1,Changed Mind,119.56
R000092,O001540,2026-02-04,P0063,2,Defective,752.53
R000093,O001541,2026-02-13,P0042,1,Changed Mind,1289.19
R000094,O001570,2026-01-21,P0039,3,Wrong Item,3804.33
R000095,O001579,2026-01-31,P0046,3,Wrong Item,1446.37
R000096,O001580,2026-06-30,P0080,2,Not as Expected,771.29
R000097,O001592,2026-05-17,P0054,1,Not as Expected,473.94
R000098,O001598,2026-02-11,P0023,1,Defective,1021.99
R000099,O001616,2026-03-21,P0062,1,Changed Mind,253.19
R000100,O001646,2026-07-19,P0070,2,Damaged,260.17
R000101,O001653,2026-05-13,P0025,1,Defective,1506.9
R000102,O001666,2026-02-06,P0065,1,Changed Mind,310.7
R000103,O001674,2026-02-07,P0008,3,Defective,3159.57
R000104,O001685,2026-01-20,P0001,1,Not as Expected,1176.18
R000105,O001700,2026-07-05,P0018,2,Wrong Item,1892.63
R000106,O001719,2026-05-04,P0074,1,Changed Mind,311.25
R000107,O001756,2026-02-23,P0059,1,Not as Expected,199.45
R000108,O001784,2026-05-23,P0069,2,Changed Mind,724.1
R000109,O001785,2026-04-24,P0024,1,Defective,1861.27
R000110,O001796,2026-01-31,P0074,3,Not as Expected,932.73
R000111,O001805,2026-02-09,P0024,3,Wrong Item,5444.71
R000112,O001825,2026-01-30,P0015,1,Defective,633.15
R000113,O001833,2026-05-18,P0070,2,Not as Expected,260.46
R000114,O001834,2026-04-07,P0061,1,Damaged,359.49
R000115,O001840,2026-02-04,P0019,1,Defective,622.57
R000116,O001872,2026-06-11,P0017,2,Wrong Item,1196.28
R000117,O001879,2026-04-18,P0040,3,Defective,6551.52
R000118,O001885,2026-03-25,P0069,1,Defective,359.46
R000119,O001909,2026-05-15,P0078,2,Defective,1270.33
R000120,O001943,2026-07-03,P0064,2,Damaged,264.48
R000121,O001944,2026-06-17,P0026,5,Wrong Item,7770.43
R000122,O002011,2026-04-19,P0060,1,Defective,229.02
R000123,O002048,2026-03-22,P0056,2,Damaged,671.39
R000124,O002068,2026-06-04,P0061,2,Damaged,693.35
R000125,O002126,2026-02-22,P0073,3,Not as Expected,1835.83
R000126,O002159,2026-04-02,P0064,1,Defective,128.23
R000127,O002178,2026-06-06,P0064,1,Changed Mind,129.93
R000128,O002199,2026-05-07,P0017,3,Damaged,1759.55
R000129,O002201,2026-04-30,P0010,1,Not as Expected,1182.19
R000130,O002205,2026-05-30,P0016,2,Damaged,1182.54
R000131,O002213,2026-07-11,P0053,3,Changed Mind,337.49
R000132,O002221,2026-04-03,P0078,3,Damaged,1887.48
R000133,O002231,2026-02-01,P0055,1,Damaged,165.07
R000134,O002239,2026-03-03,P0058,1,Wrong Item,205.66
R000135,O002269,2026-05-25,P0031,3,Not as Expected,5900.07
R000136,O002274,2026-05-01,P0063,1,Not as Expected,381.4
R000137,O002278,2026-04-02,P0058,2,Not as Expected,396.84
R000138,O002290,2026-04-19,P0026,1,Wrong Item,1806.26
R000139,O002296,2026-06-19,P0022,2,Wrong Item,3620.22
R000140,O002313,2026-02-26,P0019,1,Not as Expected,667.52
R000141,O002322,2026-05-28,P0058,3,Changed Mind,598.35
R000142,O002326,2026-03-30,P0026,2,Not as Expected,3480.08
R000143,O002340,2026-04-08,P0037,1,Changed Mind,976.79
R000144,O002378,2026-03-12,P0011,1,Changed Mind,1323.76
R000145,O002385,2026-06-29,P0015,2,Wrong Item,1264.41
R000146,O002393,2026-01-20,P0069,1,Not as Expected,384.1
R000147,O002426,2026-02-19,P0016,1,Damaged,584.58
R000148,O002466,2026-05-07,P0032,2,Defective,1448.16
R000149,O002472,2026-01-16,P0038,3,Wrong Item,4483.32
R000150,O002477,2026-03-31,P0008,3,Changed Mind,3160.87
R000151,O002479,2026-03-19,P0027,1,Damaged,1242.16
R000152,O002501,2026-01-11,P0036,1,Changed Mind,1402.98
R000153,O002509,2026-04-06,P0031,2,Damaged,4221.01
R000154,O002516,2026-02-14,P0072,1,Defective,816.31
R000155,O002525,2026-03-02,P0032,1,Damaged,740.89
R000156,O002541,2026-03-24,P0059,1,Changed Mind,206.86
R000157,O002577,2026-02-18,P0063,1,Damaged,387.04
R000158,O002584,2026-04-03,P0063,1,Not as Expected,362.77
R000159,O002592,2026-02-11,P0039,1,Not as Expected,1392.09
R000160,O002608,2026-05-22,P0035,2,Not as Expected,3146.07
R000161,O002632,2026-01-12,P0050,3,Changed Mind,3262.71
R000162,O002635,2026-05-10,P0061,1,Damaged,370.6
R000163,O002642,2026-02-03,P0057,2,Changed Mind,885.91
R000164,O002655,2026-03-17,P0011,2,Defective,2497.54
R000165,O002656,2026-03-22,P0001,1,Damaged,1124.75
R000166,O002673,2026-07-02,P0058,2,Defective,407.29
R000167,O002694,2026-03-02,P0043,2,Defective,1399.78
R000168,O002717,2026-06-24,P0030,1,Changed Mind,634.52
R000169,O002725,2026-06-11,P0063,1,Not as Expected,380.57
R000170,O002732,2026-02-26,P0023,1,Defective,1061.86
R000171,O002772,2026-03-05,P0057,2,Damaged,894.32
R000172,O002783,2026-02-13,P0067,3,Damaged,1899.24
R000173,O002794,2026-03-16,P0061,1,Defective,349.5
R000174,O002796,2026-06-07,P0066,2,Wrong Item,929.72
R000175,O002835,2026-05-07,P0053,1,Not as Expected,118.61
R000176,O002841,2026-06-09,P0015,3,Damaged,1858.6
R000177,O002857,2026-04-18,P0053,1,Changed Mind,121.19
R000178,O002858,2026-06-05,P0039,1,Changed Mind,1343.21
R000179,O002860,2026-04-21,P0046,1,Defective,474.31
R000180,O002874,2026-03-28,P0043,1,Not as Expected,677.22
R000181,O002888,2026-03-17,P0047,1,Wrong Item,460.78
R000182,O002903,2026-03-07,P0051,1,Damaged,80.32
R000183,O002932,2026-06-16,P0007,3,Wrong Item,3189.22
R000184,O002949,2026-04-22,P0037,1,Damaged,980.22
R000185,O002956,2026-04-01,P0045,1,Changed Mind,606.9
R000186,O002982,2026-06-08,P0068,1,Not as Expected,442.14
R000187,O003026,2026-03-12,P0001,3,Defective,3518.02
R000188,O003028,2026-06-20,P0063,2,Defective,709.51
R000189,O003032,2026-05-14,P0067,1,Not as Expected,611.95
R000190,O003033,2026-04-19,P0030,1,Changed Mind,655.12
R000191,O003045,2026-01-25,P0032,2,Damaged,1497.88
R000192,O003071,2026-03-18,P0013,2,Damaged,993.54
R000193,O003085,2026-06-24,P0053,3,Defective,333.73
R000194,O003088,2026-05-04,P0014,2,Defective,2196.23
R000195,O003118,2026-04-22,P0010,1,Not as Expected,1228.34
R000196,O003149,2026-03-15,P0011,2,Not as Expected,2441.24
R000197,O003163,2026-03-23,P0002,2,Not as Expected,3030.57
R000198,O003192,2026-05-24,P0060,1,Defective,207.19
R000199,O003204,2026-06-15,P0031,3,Not as Expected,6165.67
R000200,O003225,2026-02-18,P0008,1,Defective,1115.08
R000201,O003232,2026-05-04,P0068,2,Changed Mind,927.23
R000202,O003249,2026-02-05,P0056,2,Not as Expected,640.37
R000203,O003254,2026-04-15,P0024,2,Changed Mind,3479.23
R000204,O003256,2026-06-22,P0062,3,Defective,783.16
R000205,O003258,2026-04-10,P0044,1,Defective,606.44
R000206,O003261,2026-03-10,P0064,1,Not as Expected,134.73
R000207,O003280,2026-07-07,P0038,3,Damaged,4660.95
R000208,O003284,2026-06-24,P0057,2,Changed Mind,934.84
R000209,O003295,2026-06-03,P0010,2,Wrong Item,2383.43
R000210,O003356,2026-04-16,P0025,1,Wrong Item,1526.82
R000211,O003364,2026-06-21,P0069,2,Defective,713.45
R000212,O003365,2026-04-29,P0002,1,Defective,1458.76
R000213,O003376,2026-04-24,P0001,1,Wrong Item,1136.75
R000214,O003386,2026-04-08,P0057,3,Changed Mind,1350.72
R000215,O003402,2026-03-17,P0062,1,Not as Expected,259.9
R000216,O003405,2026-05-09,P0028,3,Defective,1788.41
R000217,O003408,2026-02-18,P0014,2,Wrong Item,2357.18
R000218,O003433,2026-03-22,P0012,1,Wrong Item,963.51
R000219,O003454,2026-01-25,P0060,2,Changed Mind,461.42
R000220,O003457,2026-02-12,P0027,2,Defective,2265.72
R000221,O003473,2026-06-17,P0047,3,Not as Expected,1440.05
R000222,O003482,2026-06-17,P0033,3,Damaged,4891.62
R000223,O003499,2026-04-21,P0053,1,Defective,120.18
R000224,O003503,2026-03-31,P0058,2,Not as Expected,402.62
R000225,O003521,2026-03-07,P0014,2,Changed Mind,2351.59
R000226,O003527,2026-03-10,P0018,1,Changed Mind,1062.18
R000227,O003531,2026-04-10,P0054,1,Changed Mind,470.87
R000228,O003541,2026-06-27,P0012,2,Defective,1732.37
R000229,O003546,2026-05-28,P0066,2,Changed Mind,870.52
R000230,O003551,2026-02-09,P0017,2,Defective,1232.77
R000231,O003559,2026-04-09,P0020,1,Damaged,1266.67
R000232,O003563,2026-02-02,P0067,3,Defective,1781.38
R000233,O003635,2026-03-10,P0049,3,Changed Mind,2363.17
R000234,O003661,2026-02-10,P0074,1,Not as Expected,294.96
R000235,O003667,2026-07-06,P0017,2,Changed Mind,1172.64
R000236,O003669,2026-06-11,P0018,1,Damaged,951.42
R000237,O003688,2026-05-30,P0065,1,Wrong Item,300.09
R000238,O003694,2026-01-11,P0005,1,Not as Expected,1713.48
R000239,O003703,2026-03-29,P0018,2,Not as Expected,2010.73
R000240,O003717,2026-07-01,P0029,2,Not as Expected,2948.57
R000241,O003718,2026-06-01,P0028,1,Defective,532.73
R000242,O003752,2026-04-30,P0065,1,Not as Expected,299.73
R000243,O003773,2026-05-11,P0024,2,Defective,3502.04
R000244,O003824,2026-02-18,P0079,1,Defective,825.14
R000245,O003849,2026-06-02,P0018,1,Defective,906.62
R000246,O003861,2026-01-14,P0033,1,Changed Mind,1670.42
R000247,O003874,2026-04-09,P0070,1,Changed Mind,126.08
R000248,O003876,2026-02-07,P0080,1,Defective,384.39
R000249,O003877,2026-06-11,P0070,1,Not as Expected,123.9
R000250,O003891,2026-07-12,P0064,2,Not as Expected,244.39
R000251,O003899,2026-04-15,P0016,1,Changed Mind,538.93
R000252,O003900,2026-03-14,P0057,1,Defective,443.43
R000253,O003915,2026-06-30,P0020,2,Not as Expected,2466.31
R000254,O003952,2026-04-07,P0007,3,Damaged,3369.05
R000255,O003957,2026-02-02,P0073,2,Defective,1238.81
R000256,O003961,2026-06-14,P0070,2,Defective,252.27
R000257,O003973,2026-07-10,P0050,5,Wrong Item,5150.37
R000258,O003989,2026-03-05,P0070,3,Not as Expected,386.72
R000259,O004022,2026-03-21,P0054,1,Changed Mind,446.13
R000260,O004035,2026-06-25,P0011,5,Damaged,5991.01
R000261,O004042,2026-06-12,P0065,1,Changed Mind,302.54
R000262,O004051,2026-06-17,P0063,2,Not as Expected,729.46
R000263,O004052,2026-03-11,P0025,2,Not as Expected,2904.41
R000264,O004053,2026-06-28,P0074,2,Damaged,621.24
R000265,O004058,2026-02-11,P0073,3,Defective,1742.24
R000266,O004097,2026-03-31,P0008,1,Not as Expected,1116.48
R000267,O004106,2026-06-18,P0007,1,Not as Expected,1062.86
R000268,O004127,2026-06-02,P0067,1,Defective,639.27
R000269,O004145,2026-06-11,P0063,2,Changed Mind,754.96
R000270,O004211,2026-04-30,P0012,3,Not as Expected,3073.06
R000271,O004212,2026-04-09,P0013,1,Changed Mind,478.8
R000272,O004231,2026-04-10,P0001,1,Not as Expected,1172.66
R000273,O004241,2026-06-05,P0051,3,Not as Expected,250.28
R000274,O004288,2026-01-14,P0006,1,Defective,857.85
R000275,O004298,2026-06-02,P0070,1,Defective,132.64
R000276,O004348,2026-05-14,P0012,1,Not as Expected,946.96
R000277,O004365,2026-05-11,P0032,2,Defective,1473.45
R000278,O004427,2026-07-13,P0054,3,Defective,1297.9
R000279,O004453,2026-01-14,P0026,2,Not as Expected,3348.81
R000280,O004494,2026-01-21,P0011,2,Not as Expected,2539.76
R000281,O004517,2026-02-19,P0033,2,Wrong Item,3453.77
R000282,O004529,2026-05-20,P0016,1,Wrong Item,570.79
R000283,O004542,2026-07-08,P0008,2,Not as Expected,1923.07
R000284,O004561,2026-04-25,P0020,3,Wrong Item,3762.68
R000285,O004565,2026-05-19,P0060,2,Changed Mind,448.18
R000286,O004633,2026-04-30,P0070,1,Defective,130.26
R000287,O004647,2026-06-09,P0061,2,Defective,747.77
R000288,O004657,2026-05-04,P0040,2,Damaged,4250.38
R000289,O004661,2026-05-05,P0027,1,Not as Expected,1188.6
R000290,O004666,2026-02-27,P0065,2,Wrong Item,584.31
R000291,O004704,2026-05-31,P0077,1,Not as Expected,386.73
R000292,O004718,2026-01-14,P0080,1,Changed Mind,371.28
R000293,O004719,2026-04-05,P0005,2,Changed Mind,3235.96
R000294,O004721,2026-01-22,P0024,3,Defective,5283.31
R000295,O004734,2026-05-19,P0012,1,Defective,986.12
R000296,O004758,2026-02-16,P0016,2,Defective,1075.71
R000297,O004759,2026-07-07,P0067,3,Not as Expected,1856.18
R000298,O004764,2026-02-22,P0021,3,Not as Expected,3566.16
R000299,O004774,2026-03-25,P0018,1,Not as Expected,1006.42
R000300,O004778,2026-04-29,P0076,1,Wrong Item,1073.41
R000301,O004794,2026-05-08,P0066,3,Defective,1420.17
R000302,O004823,2026-03-26,P0066,1,Wrong Item,465.56
R000303,O004829,2026-03-07,P0017,2,Wrong Item,1263.61
R000304,O004850,2026-02-21,P0076,1,Not as Expected,1045.85
R000305,O004863,2026-02-20,P0013,1,Damaged,495.13
R000306,O004864,2026-04-16,P0075,1,Wrong Item,773.14
R000307,O004892,2026-06-10,P0030,3,Damaged,1907.86
R000308,O004912,2026-02-07,P0047,1,Damaged,451.51
R000309,O004913,2026-03-23,P0070,1,Not as Expected,125.61
R000310,O004940,2026-06-03,P0068,2,Changed Mind,927.52
R000311,O004965,2026-05-14,P0024,2,Not as Expected,3584.11
R000312,O005000,2026-03-03,P0016,1,Damaged,548.05
R000313,O005010,2026-06-04,P0061,1,Defective,368.4
R000314,O005011,2026-04-22,P0008,2,Changed Mind,2102.64
R000315,O005027,2026-02-21,P0039,1,Not as Expected,1360.7
R000316,O005063,2026-04-03,P0010,1,Damaged,1224.7
R000317,O005074,2026-05-21,P0057,1,Damaged,444.05
R000318,O005087,2026-02-19,P0058,2,Defective,407.09
R000319,O005098,2026-03-04,P0029,1,Wrong Item,1554.61
R000320,O005102,2026-06-09,P0070,1,Defective,122.66
R000321,O005134,2026-02-16,P0034,2,Defective,2699.12
R000322,O005163,2026-06-15,P0069,2,Defective,734.9
R000323,O005177,2026-01-21,P0057,1,Not as Expected,452.65
R000324,O005182,2026-03-01,P0055,1,Not as Expected,177.77
R000325,O005195,2026-04-11,P0019,2,Wrong Item,1255.16
R000326,O005213,2026-04-01,P0069,1,Wrong Item,387.04
R000327,O005219,2026-06-11,P0047,2,Not as Expected,952.83
R000328,O005225,2026-06-16,P0022,2,Defective,3469.37
R000329,O005226,2026-05-08,P0070,1,Changed Mind,126.33
R000330,O005270,2026-03-09,P0016,1,Not as Expected,562.18
R000331,O005314,2026-03-05,P0007,1,Defective,1050.91
R000332,O005353,2026-05-04,P0021,1,Defective,1122.07
R000333,O005357,2026-04-14,P0079,1,Defective,889.1
R000334,O005389,2026-02-26,P0059,2,Defective,408.9
R000335,O005404,2026-06-01,P0020,1,Not as Expected,1167.76
R000336,O005413,2026-04-12,P0054,1,Damaged,470.34
R000337,O005432,2026-02-11,P0048,1,Changed Mind,717.31
R000338,O005449,2026-05-11,P0034,1,Wrong Item,1306.8
R000339,O005484,2026-05-17,P0062,2,Changed Mind,513.31
R000340,O005493,2026-04-22,P0060,2,Wrong Item,459.66
R000341,O005514,2026-03-21,P0009,3,Changed Mind,2556.51
R000342,O005541,2026-06-04,P0051,1,Damaged,81.3
R000343,O005569,2026-07-04,P0067,5,Defective,3122.45
R000344,O005582,2026-04-06,P0014,2,Not as Expected,2364.72
R000345,O005590,2026-06-11,P0063,1,Defective,375.06
R000346,O005641,2026-06-26,P0020,5,Defective,5980.83
R000347,O005646,2026-06-11,P0063,3,Wrong Item,1143.82
R000348,O005664,2026-02-12,P0008,1,Defective,1062.22
R000349,O005671,2026-06-14,P0046,5,Defective,2406.84
R000350,O005674,2026-03-09,P0061,1,Damaged,357.2
R000351,O005699,2026-03-07,P0029,1,Not as Expected,1666.5
R000352,O005713,2026-06-16,P0070,2,Not as Expected,258.8
R000353,O005722,2026-02-21,P0046,1,Changed Mind,456.88
R000354,O005744,2026-03-15,P0033,1,Changed Mind,1644.28
R000355,O005758,2026-01-14,P0070,1,Damaged,122.29
R000356,O005773,2026-02-24,P0030,1,Not as Expected,644.61
R000357,O005790,2026-06-13,P0037,5,Not as Expected,4980.51
R000358,O005858,2026-06-10,P0023,1,Defective,953.86
R000359,O005872,2026-06-17,P0027,3,Wrong Item,3156.01
R000360,O005909,2026-05-02,P0054,2,Defective,922.72
R000361,O005924,2026-04-20,P0060,3,Defective,622.76
R000362,O005944,2026-06-12,P0051,1,Wrong Item,79.29
R000363,O005963,2026-06-30,P0030,5,Damaged,3176.51
R000364,O006008,2026-02-16,P0012,1,Changed Mind,933.8
R000365,O006021,2026-06-18,P0040,1,Defective,2171.92
R000366,O006090,2026-06-08,P0061,2,Not as Expected,713.61
R000367,O006096,2026-04-25,P0054,1,Not as Expected,471.39
R000368,O006100,2026-03-12,P0021,1,Wrong Item,1166.79
R000369,O006124,2026-04-05,P0010,1,Wrong Item,1193.5
R000370,O006133,2026-06-09,P0069,1,Not as Expected,383.8
R000371,O006135,2026-02-01,P0052,1,Defective,159.04
R000372,O006136,2026-03-20,P0014,1,Defective,1103.9
R000373,O006161,2026-03-13,P0068,2,Not as Expected,875.25
R000374,O006175,2026-06-18,P0013,2,Wrong Item,923.97
R000375,O006196,2026-01-22,P0064,1,Defective,135.73
R000376,O006197,2026-06-17,P0065,2,Wrong Item,604.03
R000377,O006199,2026-05-08,P0052,2,Damaged,328.33
R000378,O006224,2026-03-06,P0056,3,Defective,1005.84
R000379,O006237,2026-05-30,P0047,1,Not as Expected,473.95
R000380,O006263,2026-05-28,P0046,1,Not as Expected,479.33
R000381,O006322,2026-03-02,P0069,1,Defective,381.76
R000382,O006358,2026-02-24,P0066,3,Wrong Item,1453.58
R000383,O006380,2026-05-24,P0070,1,Wrong Item,120.29
R000384,O006395,2026-01-10,P0019,1,Damaged,653.99
R000385,O006452,2026-06-26,P0029,5,Wrong Item,7811.04
R000386,O006457,2026-01-19,P0034,1,Not as Expected,1332.77
R000387,O006463,2026-01-18,P0077,1,Changed Mind,373.35
R000388,O006484,2026-06-11,P0064,1,Defective,124.11
R000389,O006560,2026-05-26,P0062,1,Changed Mind,259.54
R000390,O006572,2026-06-23,P0029,2,Not as Expected,3090.03
R000391,O006592,2026-05-24,P0023,1,Changed Mind,934.9
R000392,O006594,2026-05-17,P0059,2,Defective,420.83
R000393,O006613,2026-05-26,P0013,3,Changed Mind,1404.07
R000394,O006637,2026-06-19,P0014,5,Changed Mind,5356.1
R000395,O006660,2026-06-26,P0070,2,Changed Mind,253.83
R000396,O006678,2026-07-18,P0056,2,Defective,663.85
R000397,O006686,2026-06-11,P0019,2,Changed Mind,1152.59
R000398,O006723,2026-07-09,P0030,2,Defective,1304.69
R000399,O006727,2026-05-20,P0025,2,Changed Mind,2899.35
R000400,O006734,2026-02-25,P0018,1,Defective,992.08
R000401,O006736,2026-04-05,P0056,1,Wrong Item,323.35
R000402,O006764,2026-02-08,P0015,1,Changed Mind,625.88
R000403,O006779,2026-06-11,P0008,1,Wrong Item,997.22
R000404,O006804,2026-07-02,P0035,3,Changed Mind,4768.5
R000405,O006805,2026-03-14,P0051,2,Changed Mind,155.88
R000406,O006832,2026-07-05,P0066,2,Defective,878.9
R000407,O006850,2026-03-06,P0066,1,Not as Expected,451.79
R000408,O006855,2026-05-12,P0035,1,Changed Mind,1608.56
R000409,O006857,2026-05-31,P0066,2,Defective,874.91
R000410,O006889,2026-05-28,P0064,2,Wrong Item,269.46
R000411,O006891,2026-02-04,P0052,2,Changed Mind,324.17
R000412,O006903,2026-07-11,P0061,3,Changed Mind,1059.86
R000413,O006905,2026-01-26,P0009,1,Damaged,919.54
R000414,O006916,2026-02-20,P0035,1,Defective,1514.99
R000415,O006945,2026-07-01,P0025,2,Changed Mind,2687.76
R000416,O006949,2026-07-07,P0067,3,Wrong Item,1746.45
R000417,O006981,2026-05-14,P0046,2,Wrong Item,967.85
R000418,O006997,2026-05-25,P0021,1,Not as Expected,1167.81
R000419,O007000,2026-02-14,P0060,1,Changed Mind,223.83
R000420,O007011,2026-07-18,P0063,3,Not as Expected,1031.52
R000421,O007032,2026-06-23,P0030,1,Defective,597.55
R000422,O007056,2026-07-05,P0057,2,Defective,906.85
R000423,O007074,2026-01-31,P0072,1,Not as Expected,848.34
R000424,O007077,2026-02-21,P0016,1,Defective,553.26
R000425,O007078,2026-07-06,P0055,2,Changed Mind,330.92
R000426,O007091,2026-06-11,P0075,1,Wrong Item,759.25
R000427,O007096,2026-01-22,P0033,2,Damaged,3342.24
R000428,O007097,2026-01-23,P0066,1,Not as Expected,441.4
R000429,O007113,2026-04-25,P0051,2,Wrong Item,169.49
R000430,O007122,2026-06-15,P0062,5,Not as Expected,1234.48
R000431,O007152,2026-01-14,P0016,1,Damaged,569.31
R000432,O007172,2026-04-14,P0055,1,Defective,170.59
R000433,O007201,2026-05-27,P0062,1,Defective,270.71
R000434,O007206,2026-01-13,P0010,1,Defective,1251.02
R000435,O007219,2026-01-17,P0010,1,Defective,1224.77
R000436,O007229,2026-02-20,P0051,2,Wrong Item,169.08
R000437,O007245,2026-04-10,P0013,1,Wrong Item,481.28
R000438,O007256,2026-07-07,P0011,2,Changed Mind,2493.98
R000439,O007265,2026-01-09,P0019,1,Defective,637.69
R000440,O007297,2026-04-30,P0025,1,Wrong Item,1470.93
R000441,O007318,2026-03-12,P0017,1,Damaged,597.89
R000442,O007380,2026-04-07,P0030,2,Not as Expected,1354.57
R000443,O007399,2026-03-03,P0004,1,Not as Expected,1064.26
R000444,O007434,2026-04-17,P0021,3,Changed Mind,3422.11
R000445,O007457,2026-04-26,P0012,2,Defective,1843.97
R000446,O007482,2026-01-29,P0066,2,Changed Mind,902.58
R000447,O007486,2026-04-19,P0001,3,Changed Mind,3632.96
R000448,O007511,2026-05-21,P0063,1,Damaged,384.81
R000449,O007541,2026-03-30,P0020,2,Defective,2510.16
R000450,O007559,2026-03-25,P0071,1,Not as Expected,960.04
R000451,O007566,2026-06-05,P0042,1,Defective,1266.82
R000452,O007570,2026-06-05,P0028,1,Not as Expected,558.92
R000453,O007572,2026-06-18,P0044,3,Damaged,1881.47
R000454,O007581,2026-03-18,P0073,1,Damaged,574.52
R000455,O007595,2026-04-19,P0027,3,Damaged,3720.06
R000456,O007601,2026-03-12,P0072,3,Defective,2450.3
R000457,O007607,2026-05-26,P0059,1,Not as Expected,200.06
R000458,O007612,2026-02-03,P0056,1,Changed Mind,323.54
R000459,O007616,2026-03-21,P0024,3,Changed Mind,5168.22
R000460,O007621,2026-05-25,P0040,1,Defective,2222.01
R000461,O007662,2026-03-20,P0067,1,Not as Expected,607.12
R000462,O007685,2026-02-20,P0030,1,Defective,695.13
R000463,O007695,2026-06-24,P0058,3,Not as Expected,592.67
R000464,O007705,2026-02-03,P0057,1,Changed Mind,444.44
R000465,O007712,2026-03-25,P0069,2,Wrong Item,704.93
R000466,O007719,2026-03-08,P0048,1,Damaged,706.32
R000467,O007721,2026-07-10,P0061,3,Not as Expected,1104.85
R000468,O007735,2026-07-01,P0013,2,Damaged,900.19
R000469,O007744,2026-06-13,P0060,2,Damaged,414.1
R000470,O007760,2026-05-31,P0060,1,Not as Expected,225.39
R000471,O007764,2026-04-19,P0039,1,Not as Expected,1344.56
R000472,O007792,2026-05-27,P0072,2,Wrong Item,1763.92
R000473,O007806,2026-03-22,P0072,2,Not as Expected,1719.87
R000474,O007812,2026-03-19,P0051,1,Not as Expected,79.65
R000475,O007843,2026-07-13,P0024,2,Not as Expected,3275.69
R000476,O007869,2026-03-02,P0013,1,Defective,468.6
R000477,O007871,2026-03-15,P0053,2,Defective,222.48
R000478,O007917,2026-04-22,P0073,3,Not as Expected,1781.67
R000479,O007927,2026-06-10,P0055,2,Defective,351.24
R000480,O007955,2026-01-11,P0040,2,Defective,4317.43
R000481,O007974,2026-03-31,P0019,1,Defective,659.3
R000482,O007986,2026-05-11,P0029,1,Changed Mind,1625.13
R000483,O007988,2026-01-13,P0063,1,Defective,378.52
R000484,O007995,2026-04-12,P0013,3,Damaged,1464.69
R000485,O007996,2026-06-25,P0047,3,Not as Expected,1364.52
R000486,O008029,2026-05-06,P0064,1,Wrong Item,125.24
R000487,O008115,2026-02-28,P0021,3,Changed Mind,3567.69
R000488,O008130,2026-03-20,P0026,1,Damaged,1781.95
R000489,O008132,2026-05-25,P0075,1,Defective,791.66
R000490,O008135,2026-05-24,P0064,1,Not as Expected,123.26
R000491,O008162,2026-06-09,P0004,2,Wrong Item,2149.62
R000492,O008192,2026-05-29,P0080,1,Defective,371.18
R000493,O008213,2026-04-18,P0039,1,Damaged,1370.24
R000494,O008272,2026-04-01,P0062,1,Changed Mind,254.69
R000495,O008276,2026-04-13,P0022,1,Not as Expected,1975.63
R000496,O008285,2026-03-26,P0012,2,Defective,2042.6
R000497,O008297,2026-06-20,P0070,3,Defective,364.41
R000498,O008299,2026-03-01,P0050,2,Wrong Item,2143.82
R000499,O008342,2026-03-02,P0080,2,Damaged,769.45
R000500,O008343,2026-04-22,P0006,1,Defective,868.57
R000501,O008352,2026-07-05,P0012,2,Defective,1911.03
R000502,O008367,2026-06-12,P0064,2,Not as Expected,243.29
R000503,O008389,2026-06-28,P0040,2,Changed Mind,4255.97
R000504,O008407,2026-01-20,P0058,1,Not as Expected,208.89
R000505,O008413,2026-04-16,P0035,1,Defective,1594.81
R000506,O008472,2026-03-20,P0076,1,Changed Mind,1084.91
R000507,O008504,2026-01-17,P0072,1,Not as Expected,825.07
R000508,O008522,2026-05-02,P0060,1,Defective,229.69
R000509,O008543,2026-06-16,P0062,3,Not as Expected,753.16
R000510,O008545,2026-01-09,P0007,2,Defective,2179.26
R000511,O008561,2026-03-16,P0044,1,Defective,636.91
R000512,O008575,2026-01-24,P0080,1,Not as Expected,378.5
R000513,O008578,2026-01-29,P0072,2,Not as Expected,1677.09
R000514,O008584,2026-03-24,P0074,2,Not as Expected,635.3
R000515,O008605,2026-02-06,P0005,2,Changed Mind,3387.71
R000516,O008606,2026-02-15,P0040,3,Changed Mind,6485.03
R000517,O008623,2026-04-12,P0054,1,Wrong Item,461.87
R000518,O008656,2026-06-25,P0052,2,Defective,312.1
R000519,O008679,2026-05-07,P0059,1,Defective,215.71
R000520,O008681,2026-07-11,P0052,3,Damaged,484.89
R000521,O008690,2026-04-27,P0041,1,Defective,1538.03
R000522,O008720,2026-04-15,P0064,1,Changed Mind,125.23
R000523,O008738,2026-04-29,P0043,3,Damaged,2040.09
R000524,O008742,2026-04-10,P0033,3,Not as Expected,5084.66
R000525,O008761,2026-04-25,P0020,2,Defective,2443.05
R000526,O008767,2026-02-19,P0005,1,Damaged,1727.6
R000527,O008795,2026-07-17,P0051,2,Wrong Item,159.86
R000528,O008806,2026-04-17,P0005,1,Defective,1709.86
R000529,O008832,2026-04-30,P0015,1,Not as Expected,642.1
R000530,O008834,2026-03-15,P0028,3,Wrong Item,1733.23
R000531,O008836,2026-06-09,P0067,2,Defective,1133.97
R000532,O008839,2026-05-31,P0055,3,Changed Mind,509.64
R000533,O008848,2026-05-21,P0011,2,Wrong Item,2553.8
R000534,O008890,2026-06-19,P0010,2,Changed Mind,2321.47
R000535,O008901,2026-05-13,P0039,3,Not as Expected,4172.99
R000536,O008914,2026-03-26,P0078,1,Changed Mind,600.07
R000537,O008938,2026-03-06,P0069,2,Defective,722.61
R000538,O008960,2026-05-08,P0024,1,Damaged,1832.69
R000539,O008966,2026-02-13,P0079,1,Wrong Item,899.1
R000540,O008978,2026-05-27,P0063,3,Not as Expected,1092.08
R000541,O008983,2026-03-20,P0028,1,Not as Expected,569.36
R000542,O008989,2026-02-22,P0004,3,Wrong Item,3332.08
R000543,O009002,2026-06-13,P0070,1,Wrong Item,132.85
R000544,O009005,2026-01-16,P0056,1,Wrong Item,336.63
R000545,O009017,2026-05-06,P0028,2,Not as Expected,1143.47
R000546,O009018,2026-03-08,P0030,1,Changed Mind,678.9
R000547,O009073,2026-05-19,P0062,1,Defective,261.47
R000548,O009078,2026-06-07,P0017,1,Wrong Item,630.91
R000549,O009085,2026-07-03,P0047,2,Defective,943.27
R000550,O009124,2026-01-30,P0051,2,Damaged,168.81
R000551,O009135,2026-01-18,P0058,1,Damaged,217.03
R000552,O009138,2026-04-02,P0003,1,Defective,928.29
R000553,O009148,2026-02-05,P0019,2,Not as Expected,1255.39
R000554,O009181,2026-06-04,P0075,2,Not as Expected,1529.1
R000555,O009210,2026-06-02,P0062,1,Defective,248.43
R000556,O009300,2026-05-07,P0016,1,Defective,578.5
R000557,O009310,2026-05-04,P0018,2,Not as Expected,1960.42
R000558,O009311,2026-06-10,P0062,2,Defective,512.52
R000559,O009325,2026-01-24,P0059,1,Not as Expected,210.79
R000560,O009333,2026-02-24,P0032,2,Not as Expected,1501.66
R000561,O009360,2026-06-01,P0027,1,Not as Expected,1074.74
R000562,O009362,2026-05-19,P0043,1,Wrong Item,693.94
R000563,O009373,2026-02-27,P0040,1,Wrong Item,2127.39
R000564,O009387,2026-07-08,P0007,2,Defective,2129.03
R000565,O009410,2026-04-28,P0051,1,Damaged,78.46
R000566,O009421,2026-04-09,P0034,1,Defective,1266.65
R000567,O009440,2026-06-28,P0049,5,Damaged,3927.24
R000568,O009452,2026-06-03,P0059,1,Not as Expected,209.63
R000569,O009469,2026-04-30,P0052,1,Defective,160.4
R000570,O009494,2026-03-25,P0058,1,Changed Mind,196.6
R000571,O009531,2026-02-11,P0011,1,Wrong Item,1259.78
R000572,O009541,2026-01-06,P0026,1,Not as Expected,1671.35
R000573,O009550,2026-03-26,P0026,1,Damaged,1752.01
R000574,O009552,2026-02-28,P0051,1,Defective,80.25
R000575,O009558,2026-06-08,P0065,1,Wrong Item,303.2
R000576,O009596,2026-04-23,P0029,2,Changed Mind,3124.18
R000577,O009603,2026-04-05,P0046,2,Changed Mind,889.61
R000578,O009613,2026-04-02,P0012,1,Changed Mind,976.37
R000579,O009623,2026-06-20,P0070,3,Not as Expected,391.65
R000580,O009659,2026-04-22,P0009,2,Defective,1693.72
R000581,O009673,2026-01-23,P0029,3,Damaged,4871.25
R000582,O009674,2026-03-30,P0027,1,Defective,1171.31
R000583,O009704,2026-06-05,P0043,2,Changed Mind,1368.79
R000584,O009705,2026-06-23,P0025,2,Changed Mind,2848.5
R000585,O009714,2026-05-20,P0055,1,Wrong Item,165.06
R000586,O009721,2026-05-26,P0034,1,Wrong Item,1240.35
R000587,O009752,2026-04-01,P0074,3,Not as Expected,941.03
R000588,O009755,2026-07-12,P0006,2,Wrong Item,1540.23
R000589,O009758,2026-01-19,P0060,1,Defective,227.3
R000590,O009795,2026-06-26,P0070,3,Changed Mind,364.49
R000591,O009817,2026-04-07,P0070,2,Not as Expected,252.16
R000592,O009818,2026-05-30,P0067,1,Not as Expected,584.64
R000593,O009892,2026-05-12,P0062,1,Defective,260.04
R000594,O009905,2026-03-22,P0066,1,Not as Expected,446.75
R000595,O009930,2026-01-27,P0076,1,Wrong Item,1106.72
R000596,O009940,2026-03-10,P0012,1,Not as Expected,1024.9
R000597,O009941,2026-06-25,P0074,2,Not as Expected,633.21
R000598,O009947,2026-04-09,P0017,2,Defective,1276.77
R000599,O009957,2026-05-25,P0080,1,Damaged,403.63
R000600,O009979,2026-05-11,P0039,1,Defective,1354.86
R000601,O009990,2026-03-17,P0047,1,Not as Expected,489.5
R000602,O010071,2026-03-11,P0050,2,Defective,2148.41
R000603,O010094,2026-01-26,P0065,1,Changed Mind,313.09
R000604,O010099,2026-03-12,P0030,2,Changed Mind,1385.91
R000605,O010115,2026-05-05,P0030,2,Not as Expected,1381.57
R000606,O010123,2026-06-19,P0020,5,Damaged,6300.18
R000607,O010139,2026-05-07,P0077,2,Wrong Item,766.1
R000608,O010144,2026-06-03,P0064,2,Not as Expected,262.53
R000609,O010147,2026-05-16,P0069,3,Changed Mind,1170.67
R000610,O010149,2026-06-04,P0020,2,Defective,2451.56
R000611,O010152,2026-02-17,P0080,2,Defective,742.49
R000612,O010155,2026-05-16,P0063,1,Defective,356.19
R000613,O010156,2026-02-25,P0012,1,Not as Expected,1007.76
R000614,O010180,2026-04-03,P0074,3,Damaged,903.94
R000615,O010202,2026-02-15,P0061,1,Changed Mind,382.13
R000616,O010216,2026-05-18,P0057,2,Not as Expected,878.0
R000617,O010221,2026-07-04,P0013,3,Changed Mind,1277.43
R000618,O010223,2026-07-19,P0037,2,Not as Expected,1869.31
R000619,O010246,2026-03-11,P0055,3,Defective,493.56
R000620,O010250,2026-04-29,P0002,3,Changed Mind,4408.6
R000621,O010251,2026-06-11,P0058,2,Damaged,411.83
R000622,O010255,2026-02-18,P0054,1,Changed Mind,461.86
R000623,O010275,2026-02-13,P0004,1,Not as Expected,1097.49
R000624,O010288,2026-03-18,P0011,1,Changed Mind,1348.22
R000625,O010312,2026-04-15,P0009,3,Not as Expected,2657.34
R000626,O010346,2026-04-25,P0048,1,Damaged,725.25
R000627,O010349,2026-03-24,P0038,1,Damaged,1495.26
R000628,O010376,2026-04-19,P0053,1,Damaged,116.33
R000629,O010380,2026-02-19,P0063,2,Changed Mind,763.31
R000630,O010405,2026-05-15,P0042,1,Not as Expected,1214.43
R000631,O010438,2026-07-08,P0024,2,Damaged,3378.01
R000632,O010445,2026-03-11,P0064,1,Wrong Item,128.39
R000633,O010495,2026-06-15,P0060,2,Damaged,421.66
R000634,O010537,2026-06-07,P0014,2,Not as Expected,2193.0
R000635,O010544,2026-01-15,P0013,1,Not as Expected,482.99
R000636,O010547,2026-05-21,P0044,1,Defective,602.06
R000637,O010552,2026-05-25,P0072,1,Not as Expected,826.39
R000638,O010564,2026-02-02,P0031,1,Changed Mind,1988.69
R000639,O010575,2026-07-02,P0055,3,Defective,514.17
R000640,O010582,2026-06-08,P0064,5,Changed Mind,609.01
R000641,O010606,2026-05-10,P0006,3,Changed Mind,2586.79
R000642,O010618,2026-02-21,P0077,1,Changed Mind,375.85
R000643,O010661,2026-01-26,P0070,1,Not as Expected,122.46
R000644,O010662,2026-06-17,P0035,2,Damaged,3154.41
R000645,O010704,2026-02-10,P0030,3,Changed Mind,2075.2
R000646,O010706,2026-05-28,P0063,1,Changed Mind,347.64
R000647,O010723,2026-02-14,P0056,2,Changed Mind,645.91
R000648,O010725,2026-02-26,P0065,2,Changed Mind,584.65
R000649,O010730,2026-05-21,P0070,1,Damaged,127.71
R000650,O010734,2026-05-12,P0012,2,Not as Expected,2016.6
R000651,O010747,2026-04-25,P0050,1,Defective,1070.97
R000652,O010748,2026-04-28,P0067,3,Damaged,1895.91
R000653,O010798,2026-03-08,P0021,1,Not as Expected,1153.58
R000654,O010827,2026-05-18,P0079,2,Damaged,1687.26
R000655,O010830,2026-05-01,P0069,1,Defective,375.38
R000656,O010848,2026-03-14,P0016,1,Not as Expected,586.38
R000657,O010883,2026-01-08,P0011,1,Changed Mind,1284.81
R000658,O010893,2026-07-03,P0014,2,Not as Expected,2235.35
R000659,O010916,2026-05-23,P0067,1,Wrong Item,583.16
R000660,O010923,2026-07-03,P0070,2,Defective,242.81
R000661,O010951,2026-06-15,P0012,2,Changed Mind,1734.97
R000662,O010978,2026-03-26,P0053,2,Defective,227.87
R000663,O010990,2026-01-27,P0076,1,Wrong Item,1084.45
R000664,O010996,2026-04-16,P0051,3,Changed Mind,252.33
R000665,O011018,2026-06-21,P0060,2,Wrong Item,414.46
R000666,O011020,2026-06-03,P0066,1,Not as Expected,478.11
R000667,O011026,2026-03-29,P0055,1,Wrong Item,166.52
R000668,O011037,2026-01-13,P0050,1,Defective,1103.64
R000669,O011044,2026-06-23,P0024,2,Wrong Item,3437.99
R000670,O011066,2026-02-08,P0077,1,Wrong Item,359.51
R000671,O011106,2026-01-18,P0029,2,Defective,3068.08
R000672,O011108,2026-07-11,P0061,2,Not as Expected,739.08
R000673,O011117,2026-06-06,P0062,2,Wrong Item,525.77
R000674,O011129,2026-05-30,P0051,3,Wrong Item,260.01
R000675,O011153,2026-04-04,P0072,1,Defective,895.39
R000676,O011158,2026-05-06,P0064,3,Wrong Item,405.38
R000677,O011180,2026-02-28,P0078,1,Wrong Item,617.3
R000678,O011186,2026-05-10,P0002,2,Damaged,3028.52
R000679,O011206,2026-05-21,P0068,1,Not as Expected,454.51
R000680,O011219,2026-04-09,P0067,2,Defective,1158.7
R000681,O011241,2026-02-12,P0050,1,Damaged,1039.71
R000682,O011247,2026-01-16,P0013,2,Damaged,973.03
R000683,O011259,2026-06-14,P0066,2,Defective,881.71
R000684,O011269,2026-06-14,P0041,1,Changed Mind,1447.75
R000685,O011276,2026-07-21,P0047,2,Defective,903.95
R000686,O011290,2026-02-08,P0072,1,Defective,806.25
R000687,O011299,2026-01-28,P0065,1,Defective,299.5
R000688,O011306,2026-04-06,P0063,1,Not as Expected,375.52
R000689,O011349,2026-07-01,P0072,3,Defective,2487.46
R000690,O011389,2026-04-25,P0060,2,Changed Mind,458.84
R000691,O011391,2026-01-22,P0020,1,Damaged,1262.42
R000692,O011393,2026-06-24,P0018,3,Damaged,2721.14
R000693,O011413,2026-04-22,P0061,1,Not as Expected,352.85
R000694,O011439,2026-06-27,P0057,5,Damaged,2301.61
R000695,O011447,2026-02-01,P0029,2,Changed Mind,3064.38
R000696,O011460,2026-04-06,P0062,3,Not as Expected,801.16
R000697,O011484,2026-07-03,P0056,3,Defective,1039.0
R000698,O011501,2026-06-09,P0070,3,Not as Expected,366.13
R000699,O011504,2026-01-08,P0003,1,Not as Expected,980.03
R000700,O011508,2026-05-15,P0010,3,Changed Mind,3523.8
R000701,O011527,2026-01-29,P0041,3,Damaged,4434.44
R000702,O011575,2026-03-06,P0009,1,Not as Expected,890.07
R000703,O011581,2026-04-10,P0055,1,Not as Expected,170.66
R000704,O011605,2026-02-26,P0038,1,Damaged,1475.62
R000705,O011621,2026-01-31,P0078,1,Not as Expected,645.88
R000706,O011626,2026-02-10,P0031,2,Defective,4311.98
R000707,O011643,2026-01-21,P0014,3,Defective,3590.23
R000708,O011662,2026-03-03,P0027,1,Defective,1227.07
R000709,O011683,2026-04-20,P0075,2,Wrong Item,1562.64
R000710,O011694,2026-05-03,P0070,1,Damaged,134.87
R000711,O011724,2026-07-04,P0036,2,Not as Expected,2688.98
R000712,O011759,2026-07-16,P0066,3,Wrong Item,1416.95
R000713,O011765,2026-04-24,P0001,2,Defective,2200.0
R000714,O011783,2026-06-22,P0061,3,Defective,1142.75
R000715,O011784,2026-01-29,P0010,1,Defective,1245.08
R000716,O011818,2026-05-16,P0067,1,Changed Mind,603.67
R000717,O011826,2026-01-14,P0024,1,Changed Mind,1878.88
R000718,O011901,2026-06-04,P0035,1,Defective,1484.13
R000719,O011911,2026-06-12,P0080,3,Damaged,1119.33
R000720,O011979,2026-07-05,P0071,5,Not as Expected,5239.97
R000721,O011987,2026-03-15,P0045,1,Changed Mind,601.62
R000722,O011988,2026-05-14,P0051,1,Damaged,81.39
R000723,O011995,2026-04-14,P0033,2,Defective,3262.52
R000724,O012016,2026-07-08,P0062,3,Wrong Item,794.42
R000725,O012018,2026-04-17,P0044,1,Defective,625.83
R000726,O012039,2026-06-21,P0059,2,Damaged,423.23
R000727,O012054,2026-05-08,P0006,3,Wrong Item,2388.22
R000728,O012072,2026-05-11,P0039,1,Damaged,1368.57
R000729,O012078,2026-02-14,P0026,2,Damaged,3584.38
R000730,O012091,2026-01-22,P0009,1,Wrong Item,872.45
R000731,O012120,2026-01-19,P0066,1,Defective,451.27
R000732,O012146,2026-04-10,P0040,1,Not as Expected,2234.34
R000733,O012185,2026-07-09,P0066,3,Damaged,1345.07
R000734,O012193,2026-05-11,P0044,2,Changed Mind,1269.61
R000735,O012207,2026-04-05,P0024,1,Defective,1718.15
R000736,O012241,2026-04-13,P0015,2,Defective,1380.85
R000737,O012244,2026-02-23,P0029,2,Changed Mind,3099.75
R000738,O012252,2026-04-30,P0023,1,Changed Mind,1076.27
R000739,O012269,2026-01-23,P0059,1,Not as Expected,217.31
R000740,O012278,2026-03-17,P0011,1,Defective,1297.84
R000741,O012283,2026-06-26,P0058,5,Damaged,1000.22
R000742,O012297,2026-05-15,P0015,1,Damaged,653.16
R000743,O012315,2026-01-20,P0049,2,Wrong Item,1473.71
R000744,O012336,2026-05-30,P0062,1,Not as Expected,275.02
R000745,O012347,2026-04-23,P0065,2,Changed Mind,605.41
R000746,O012356,2026-05-13,P0066,1,Damaged,482.38
R000747,O012360,2026-06-30,P0069,2,Not as Expected,740.43
R000748,O012383,2026-05-26,P0053,1,Damaged,119.87
R000749,O012442,2026-06-09,P0010,1,Damaged,1183.27
R000750,O012445,2026-03-15,P0026,1,Defective,1753.36
R000751,O012446,2026-02-16,P0009,2,Damaged,1715.54
R000752,O012448,2026-05-20,P0070,3,Damaged,378.49
R000753,O012467,2026-04-04,P0020,1,Damaged,1216.88
R000754,O012514,2026-06-09,P0063,2,Changed Mind,703.74
R000755,O012520,2026-03-05,P0064,1,Damaged,129.26
R000756,O012530,2026-05-15,P0055,3,Not as Expected,487.53
R000757,O012532,2026-07-02,P0069,3,Wrong Item,1100.93
R000758,O012536,2026-04-25,P0079,2,Changed Mind,1673.95
R000759,O012555,2026-02-20,P0058,1,Defective,206.84
R000760,O012591,2026-06-08,P0018,1,Changed Mind,942.09
R000761,O012592,2026-06-10,P0066,2,Defective,886.43
R000762,O012600,2026-06-05,P0014,1,Damaged,1117.57
R000763,O012611,2026-05-12,P0064,3,Wrong Item,396.11
R000764,O012640,2026-07-08,P0060,3,Damaged,664.1
R000765,O012671,2026-04-16,P0012,1,Defective,938.48
R000766,O012677,2026-02-15,P0029,2,Wrong Item,3144.57
R000767,O012685,2026-02-20,P0022,1,Changed Mind,1869.46
R000768,O012696,2026-07-03,P0031,3,Defective,5947.41
R000769,O012698,2026-05-21,P0046,1,Wrong Item,466.82
R000770,O012718,2026-07-03,P0045,3,Not as Expected,1795.36
R000771,O012740,2026-02-04,P0065,1,Defective,305.28
R000772,O012758,2026-06-26,P0011,2,Damaged,2503.88
R000773,O012778,2026-07-08,P0073,2,Changed Mind,1210.87
R000774,O012829,2026-06-28,P0041,3,Changed Mind,4440.94
R000775,O012863,2026-01-22,P0026,2,Wrong Item,3484.3
R000776,O012864,2026-07-15,P0062,3,Changed Mind,738.45
R000777,O012873,2026-06-25,P0018,2,Not as Expected,1997.37
R000778,O012874,2026-06-17,P0036,2,Not as Expected,2688.92
R000779,O012886,2026-02-28,P0051,1,Damaged,83.16
R000780,O012900,2026-06-01,P0062,1,Changed Mind,262.44
R000781,O012912,2026-04-14,P0010,3,Defective,3658.2
R000782,O012929,2026-01-10,P0065,2,Wrong Item,621.97
R000783,O012930,2026-05-20,P0033,1,Wrong Item,1644.67
R000784,O012950,2026-07-01,P0007,2,Defective,1983.72
R000785,O012955,2026-06-18,P0066,3,Wrong Item,1364.4
R000786,O012990,2026-03-11,P0074,1,Changed Mind,322.98
R000787,O012992,2026-04-15,P0062,2,Defective,518.5
R000788,O013005,2026-04-02,P0013,1,Damaged,493.01
R000789,O013101,2026-07-17,P0078,2,Changed Mind,1211.94
R000790,O013105,2026-01-23,P0063,1,Wrong Item,385.91
R000791,O013110,2026-02-13,P0056,1,Not as Expected,349.43
R000792,O013113,2026-05-13,P0045,3,Wrong Item,1722.49
R000793,O013167,2026-06-26,P0016,2,Damaged,1026.44
R000794,O013180,2026-02-25,P0067,1,Defective,605.29
R000795,O013217,2026-06-13,P0070,2,Damaged,261.73
R000796,O013229,2026-06-26,P0011,2,Changed Mind,2407.42
R000797,O013231,2026-01-14,P0014,1,Damaged,1144.7
R000798,O013237,2026-04-28,P0022,1,Wrong Item,1846.46
R000799,O013269,2026-05-21,P0056,3,Not as Expected,1034.81
R000800,O013293,2026-03-21,P0068,1,Wrong Item,458.85
R000801,O013317,2026-05-02,P0024,2,Changed Mind,3514.2
R000802,O013364,2026-04-09,P0062,2,Wrong Item,523.91
R000803,O013372,2026-06-04,P0025,1,Changed Mind,1303.47
R000804,O013380,2026-04-30,P0020,3,Defective,4012.36
R000805,O013405,2026-01-27,P0064,1,Not as Expected,125.62
R000806,O013406,2026-03-10,P0012,1,Changed Mind,1016.73
R000807,O013409,2026-01-28,P0011,1,Not as Expected,1293.48
R000808,O013411,2026-04-21,P0015,1,Changed Mind,652.7
R000809,O013437,2026-04-20,P0070,1,Not as Expected,131.9
R000810,O013447,2026-01-18,P0046,1,Wrong Item,457.19
R000811,O013463,2026-03-11,P0073,3,Changed Mind,1785.98
R000812,O013465,2026-01-26,P0053,2,Not as Expected,224.63
R000813,O013507,2026-05-21,P0063,2,Changed Mind,745.62
R000814,O013512,2026-02-19,P0073,2,Not as Expected,1154.37
R000815,O013522,2026-03-04,P0011,1,Damaged,1343.04
R000816,O013549,2026-02-11,P0023,1,Damaged,1073.09
R000817,O013579,2026-02-27,P0026,1,Wrong Item,1709.3
R000818,O013582,2026-02-02,P0017,3,Defective,1845.72
R000819,O013631,2026-07-10,P0064,2,Defective,257.45
R000820,O013642,2026-06-11,P0069,2,Damaged,759.11
R000821,O013671,2026-04-22,P0057,2,Changed Mind,904.11
R000822,O013685,2026-07-20,P0011,3,Defective,3793.44
R000823,O013689,2026-06-30,P0060,3,Changed Mind,662.86
R000824,O013704,2026-06-29,P0015,3,Defective,1823.35
R000825,O013716,2026-03-26,P0061,2,Damaged,715.22
R000826,O013723,2026-01-22,P0057,1,Wrong Item,449.79
R000827,O013726,2026-05-26,P0061,2,Changed Mind,729.68
R000828,O013743,2026-06-01,P0028,2,Defective,1102.63
R000829,O013779,2026-01-17,P0006,2,Not as Expected,1725.1
R000830,O013790,2026-05-19,P0013,1,Damaged,453.59
R000831,O013796,2026-02-15,P0076,1,Not as Expected,1086.62
R000832,O013808,2026-03-24,P0033,1,Damaged,1755.71
R000833,O013814,2026-03-11,P0067,3,Not as Expected,1811.18
R000834,O013866,2026-01-13,P0049,3,Changed Mind,2185.63
R000835,O013899,2026-04-20,P0079,1,Defective,852.59
R000836,O013922,2026-04-06,P0060,2,Not as Expected,426.81
R000837,O013944,2026-06-30,P0078,3,Defective,1910.45
R000838,O013948,2026-07-04,P0015,2,Changed Mind,1288.41
R000839,O013950,2026-03-22,P0059,2,Defective,424.1
R000840,O013960,2026-01-29,P0008,3,Changed Mind,3141.61
R000841,O013964,2026-04-20,P0069,1,Damaged,360.86
R000842,O013972,2026-02-17,P0004,1,Defective,1132.76
R000843,O013975,2026-06-14,P0009,2,Defective,1706.99
R000844,O013987,2026-03-18,P0039,1,Changed Mind,1335.45
R000845,O013990,2026-03-25,P0062,2,Changed Mind,539.29
R000846,O014002,2026-04-06,P0018,1,Changed Mind,973.32
R000847,O014012,2026-03-01,P0053,1,Damaged,117.15
R000848,O014022,2026-05-26,P0065,2,Damaged,556.92
R000849,O014071,2026-04-18,P0023,1,Damaged,1023.92
R000850,O014081,2026-01-16,P0073,1,Damaged,579.45
R000851,O014089,2026-02-16,P0059,3,Damaged,639.96
R000852,O014092,2026-01-28,P0012,1,Wrong Item,973.08
R000853,O014121,2026-04-15,P0057,1,Defective,480.0
R000854,O014150,2026-02-06,P0039,1,Damaged,1295.53
R000855,O014154,2026-04-23,P0025,2,Damaged,2814.62
R000856,O014155,2026-03-18,P0012,2,Defective,1885.48
R000857,O014199,2026-03-02,P0053,2,Damaged,239.94
R000858,O014222,2026-05-08,P0012,1,Wrong Item,945.93
R000859,O014225,2026-06-07,P0016,2,Wrong Item,1022.8
R000860,O014266,2026-05-24,P0020,3,Defective,4011.1
R000861,O014281,2026-05-28,P0026,1,Damaged,1568.95
R000862,O014286,2026-05-17,P0061,1,Damaged,358.69
R000863,O014289,2026-02-05,P0058,1,Damaged,214.88
R000864,O014297,2026-05-31,P0011,2,Changed Mind,2276.07
R000865,O014321,2026-03-26,P0032,2,Damaged,1441.26
R000866,O014331,2026-01-24,P0024,1,Damaged,1754.65
R000867,O014347,2026-05-02,P0075,1,Changed Mind,757.82
R000868,O014376,2026-03-27,P0024,1,Not as Expected,1871.42
R000869,O014427,2026-06-02,P0057,1,Defective,428.25
R000870,O014437,2026-02-12,P0043,2,Changed Mind,1334.9
R000871,O014465,2026-07-13,P0013,2,Damaged,868.91
R000872,O014498,2026-06-03,P0038,2,Not as Expected,3054.51
R000873,O014524,2026-02-13,P0062,1,Not as Expected,276.25
R000874,O014533,2026-06-17,P0030,1,Wrong Item,602.76
R000875,O014546,2026-06-14,P0069,1,Not as Expected,379.94
R000876,O014548,2026-02-27,P0079,1,Wrong Item,872.61
R000877,O014550,2026-05-15,P0058,2,Changed Mind,402.05
R000878,O014561,2026-07-06,P0058,3,Not as Expected,610.25
R000879,O014588,2026-03-25,P0068,1,Defective,468.41
R000880,O014603,2026-06-22,P0050,1,Defective,1097.26
R000881,O014615,2026-01-24,P0019,1,Damaged,644.66
R000882,O014634,2026-01-29,P0052,2,Damaged,314.3
R000883,O014642,2026-06-14,P0070,3,Not as Expected,394.25
R000884,O014681,2026-04-08,P0029,3,Not as Expected,5092.62
R000885,O014696,2026-04-12,P0065,1,Defective,307.13
R000886,O014697,2026-01-23,P0061,1,Defective,356.61
R000887,O014721,2026-05-05,P0021,2,Changed Mind,2230.81
R000888,O014733,2026-03-23,P0061,1,Changed Mind,371.94
R000889,O014737,2026-03-03,P0046,1,Wrong Item,444.29
R000890,O014755,2026-03-13,P0069,1,Wrong Item,380.47
R000891,O014761,2026-02-27,P0057,1,Defective,451.61
R000892,O014764,2026-03-12,P0080,3,Defective,1147.57
R000893,O014772,2026-03-03,P0010,2,Defective,2450.07
R000894,O014793,2026-07-20,P0058,3,Damaged,598.55
R000895,O014797,2026-06-18,P0069,2,Not as Expected,715.7
R000896,O014813,2026-02-07,P0022,1,Not as Expected,1956.9
R000897,O014842,2026-03-24,P0065,2,Wrong Item,564.39
R000898,O014850,2026-05-18,P0007,1,Damaged,1103.17
R000899,O014866,2026-01-11,P0061,1,Changed Mind,357.35
R000900,O014871,2026-03-28,P0011,1,Defective,1240.87
R000901,O014877,2026-04-15,P0070,3,Damaged,391.46
R000902,O014907,2026-06-02,P0064,1,Not as Expected,127.16
R000903,O014912,2026-04-21,P0013,1,Defective,479.34
R000904,O014938,2026-06-28,P0052,2,Changed Mind,309.66
R000905,O014945,2026-07-02,P0080,3,Changed Mind,1121.26
R000906,O014949,2026-03-08,P0067,1,Not as Expected,588.97
R000907,O014991,2026-06-05,P0057,1,Defective,466.8
R000908,O014994,2026-06-22,P0067,3,Changed Mind,1702.26
R000909,O015021,2026-03-29,P0075,2,Wrong Item,1554.32
R000910,O015056,2026-03-12,P0011,1,Damaged,1288.65
R000911,O015089,2026-01-30,P0078,1,Wrong Item,623.17
R000912,O015093,2026-05-11,P0061,1,Not as Expected,353.67
R000913,O015096,2026-07-10,P0065,2,Wrong Item,566.05
R000914,O015180,2026-04-03,P0008,3,Not as Expected,3360.96
R000915,O015185,2026-03-17,P0070,2,Defective,244.06
R000916,O015203,2026-05-29,P0077,1,Damaged,360.96
R000917,O015204,2026-05-19,P0029,1,Defective,1561.33
R000918,O015214,2026-07-06,P0069,3,Not as Expected,1077.46
R000919,O015224,2026-04-01,P0013,1,Wrong Item,482.22
R000920,O015228,2026-04-21,P0072,2,Changed Mind,1642.38
R000921,O015229,2026-01-14,P0034,1,Changed Mind,1222.67
R000922,O015233,2026-05-10,P0075,1,Changed Mind,766.98
R000923,O015234,2026-04-19,P0068,1,Defective,445.03
R000924,O015257,2026-02-16,P0068,1,Defective,444.77
R000925,O015259,2026-04-13,P0006,3,Damaged,2611.67
R000926,O015264,2026-06-11,P0017,1,Defective,554.66
R000927,O015271,2026-07-02,P0051,3,Not as Expected,255.48
R000928,O015301,2026-07-02,P0011,2,Wrong Item,2525.1
R000929,O015446,2026-07-07,P0062,5,Wrong Item,1350.37
R000930,O015470,2026-03-19,P0076,1,Defective,1030.14
R000931,O015485,2026-05-15,P0013,2,Defective,971.79
R000932,O015489,2026-05-16,P0021,1,Defective,1096.3
R000933,O015493,2026-05-14,P0065,3,Not as Expected,920.42
R000934,O015504,2026-03-08,P0014,1,Changed Mind,1160.46
R000935,O015515,2026-01-18,P0059,2,Not as Expected,425.95
R000936,O015523,2026-06-05,P0041,3,Wrong Item,4535.86
R000937,O015527,2026-06-24,P0009,3,Defective,2537.32
R000938,O015540,2026-04-29,P0006,3,Defective,2567.57
R000939,O015552,2026-06-06,P0050,1,Not as Expected,1028.28
R000940,O015554,2026-05-04,P0019,1,Changed Mind,626.52
R000941,O015586,2026-05-06,P0051,1,Defective,81.76
R000942,O015595,2026-04-27,P0075,1,Changed Mind,786.05
R000943,O015602,2026-05-19,P0062,3,Not as Expected,766.89
R000944,O015622,2026-03-26,P0022,2,Not as Expected,3817.53
R000945,O015623,2026-06-20,P0068,2,Not as Expected,941.98
R000946,O015651,2026-03-10,P0061,1,Not as Expected,360.8
R000947,O015668,2026-02-24,P0028,1,Not as Expected,585.57
R000948,O015678,2026-05-16,P0012,1,Wrong Item,939.77
R000949,O015688,2026-03-16,P0020,2,Defective,2423.54
R000950,O015718,2026-06-09,P0046,2,Not as Expected,945.92
R000951,O015721,2026-05-07,P0060,3,Not as Expected,661.35
R000952,O015772,2026-07-14,P0079,5,Not as Expected,4178.5
R000953,O015785,2026-04-30,P0060,3,Not as Expected,656.69
R000954,O015814,2026-05-05,P0061,2,Changed Mind,759.88
R000955,O015839,2026-06-05,P0051,1,Not as Expected,83.69
R000956,O015850,2026-01-22,P0067,1,Wrong Item,624.13
R000957,O015853,2026-01-23,P0056,3,Changed Mind,977.44
R000958,O015862,2026-06-03,P0066,3,Not as Expected,1424.07
R000959,O015914,2026-04-01,P0013,3,Not as Expected,1357.68
R000960,O015915,2026-05-22,P0005,2,Defective,3219.84
R000961,O015916,2026-07-09,P0065,2,Changed Mind,609.6
R000962,O015919,2026-04-18,P0016,2,Defective,1117.81
R000963,O015933,2026-06-04,P0075,1,Not as Expected,757.94
R000964,O015966,2026-01-18,P0075,1,Not as Expected,763.03
R000965,O015999,2026-03-09,P0030,1,Changed Mind,696.8
R000966,O016048,2026-03-21,P0058,3,Changed Mind,628.17
R000967,O016070,2026-03-08,P0011,1,Changed Mind,1315.03
R000968,O016088,2026-02-11,P0019,1,Changed Mind,670.17
R000969,O016127,2026-07-08,P0061,3,Damaged,1089.51
R000970,O016148,2026-03-26,P0056,1,Defective,317.39
R000971,O016149,2026-01-10,P0062,1,Damaged,254.23
R000972,O016158,2026-04-07,P0063,1,Changed Mind,358.22
R000973,O016166,2026-03-20,P0028,1,Damaged,567.48
R000974,O016188,2026-06-20,P0063,1,Defective,376.2
R000975,O016204,2026-01-29,P0062,2,Changed Mind,550.07
R000976,O016208,2026-02-28,P0061,1,Changed Mind,383.25
R000977,O016225,2026-01-28,P0051,1,Defective,82.7
R000978,O016234,2026-02-27,P0064,1,Changed Mind,133.41
R000979,O016237,2026-07-09,P0040,2,Damaged,4549.07
R000980,O016239,2026-06-22,P0045,3,Defective,1851.85
R000981,O016245,2026-06-04,P0022,3,Not as Expected,5162.13
R000982,O016271,2026-07-08,P0073,2,Changed Mind,1138.34
R000983,O016304,2026-04-23,P0071,2,Wrong Item,1953.79
R000984,O016315,2026-05-02,P0071,2,Not as Expected,1926.17
R000985,O016327,2026-06-10,P0063,1,Not as Expected,344.87
R000986,O016331,2026-06-22,P0064,5,Damaged,638.02
R000987,O016363,2026-06-16,P0014,3,Defective,3168.57
R000988,O016369,2026-03-30,P0032,1,Changed Mind,795.39
R000989,O016422,2026-05-01,P0059,1,Not as Expected,210.07
R000990,O016437,2026-01-24,P0011,1,Defective,1339.79
R000991,O016440,2026-03-20,P0042,1,Defective,1181.15
R000992,O016442,2026-02-11,P0032,1,Damaged,761.95
R000993,O016455,2026-03-09,P0078,1,Changed Mind,643.39
R000994,O016459,2026-04-20,P0078,3,Defective,1975.73
R000995,O016475,2026-02-14,P0071,2,Defective,1921.31
R000996,O016490,2026-07-07,P0068,2,Changed Mind,929.67
R000997,O016496,2026-05-18,P0038,1,Defective,1429.63
R000998,O016506,2026-04-04,P0003,3,Changed Mind,3006.1
R000999,O016541,2026-03-12,P0049,2,Changed Mind,1544.95
R001000,O016543,2026-06-25,P0049,2,Changed Mind,1514.99
R001001,O016545,2026-06-21,P0037,2,Defective,1991.85
R001002,O016552,2026-02-21,P0053,3,Changed Mind,356.34
R001003,O016559,2026-06-27,P0078,3,Defective,1845.24
R001004,O016567,2026-02-15,P0051,1,Not as Expected,80.38
R001005,O016578,2026-06-02,P0066,3,Wrong Item,1376.72
R001006,O016600,2026-06-21,P0012,1,Changed Mind,931.94
R001007,O016601,2026-06-16,P0078,2,Defective,1256.82
R001008,O016639,2026-04-03,P0005,1,Changed Mind,1575.36
R001009,O016664,2026-06-16,P0069,2,Changed Mind,769.65
R001010,O016672,2026-04-17,P0061,3,Damaged,1133.45
R001011,O016674,2026-02-11,P0023,1,Damaged,1057.48
R001012,O016695,2026-02-10,P0045,1,Wrong Item,628.52
R001013,O016709,2026-02-22,P0022,2,Wrong Item,4028.35
R001014,O016715,2026-01-26,P0066,2,Wrong Item,910.69
R001015,O016765,2026-01-19,P0078,1,Changed Mind,601.84
R001016,O016777,2026-03-26,P0068,2,Changed Mind,901.91
R001017,O016784,2026-07-04,P0063,3,Defective,1079.83
R001018,O016786,2026-02-14,P0067,3,Not as Expected,1737.21
R001019,O016813,2026-04-05,P0023,1,Not as Expected,1066.95
R001020,O016824,2026-04-02,P0061,1,Not as Expected,385.01
R001021,O016831,2026-03-26,P0006,2,Defective,1658.47
R001022,O016833,2026-03-26,P0058,1,Changed Mind,215.86
R001023,O016847,2026-05-12,P0014,2,Changed Mind,2230.07
R001024,O016860,2026-06-22,P0065,3,Changed Mind,836.74
R001025,O016871,2026-02-24,P0064,2,Not as Expected,246.12
R001026,O016883,2026-03-25,P0003,1,Defective,942.98
R001027,O016910,2026-06-12,P0001,2,Damaged,2073.51
R001028,O016912,2026-02-27,P0062,2,Changed Mind,527.26
R001029,O016933,2026-06-24,P0062,3,Not as Expected,747.9
R001030,O016949,2026-03-17,P0040,2,Changed Mind,4319.02
R001031,O016951,2026-04-17,P0032,1,Changed Mind,753.96
R001032,O016961,2026-07-05,P0066,5,Changed Mind,2343.87
R001033,O017010,2026-01-24,P0070,2,Damaged,247.42
R001034,O017016,2026-05-04,P0058,1,Wrong Item,216.51
R001035,O017034,2026-06-10,P0032,1,Defective,748.16
R001036,O017041,2026-05-17,P0005,2,Changed Mind,3153.85
R001037,O017046,2026-03-29,P0060,1,Wrong Item,210.46
R001038,O017051,2026-02-06,P0051,1,Changed Mind,79.73
R001039,O017054,2026-02-04,P0035,2,Defective,3144.86
R001040,O017062,2026-05-22,P0023,1,Defective,1044.95
R001041,O017066,2026-05-28,P0016,1,Damaged,557.64
R001042,O017070,2026-07-21,P0068,3,Changed Mind,1276.52
R001043,O017085,2026-02-15,P0057,2,Damaged,896.96
R001044,O017094,2026-02-23,P0025,1,Not as Expected,1499.43
R001045,O017095,2026-05-22,P0024,2,Defective,3732.59
R001046,O017100,2026-03-10,P0010,1,Not as Expected,1211.16
R001047,O017101,2026-07-21,P0010,2,Defective,2272.35
R001048,O017114,2026-06-20,P0015,2,Damaged,1206.52
R001049,O017152,2026-06-25,P0055,2,Defective,347.53
R001050,O017162,2026-02-18,P0056,1,Wrong Item,330.04
R001051,O017173,2026-05-09,P0058,1,Not as Expected,199.55
R001052,O017174,2026-05-06,P0065,3,Changed Mind,929.94
R001053,O017176,2026-04-12,P0003,1,Damaged,925.04
R001054,O017194,2026-06-08,P0065,1,Defective,295.25
R001055,O017204,2026-07-05,P0012,3,Changed Mind,2688.52
R001056,O017211,2026-05-08,P0037,1,Changed Mind,1010.8
R001057,O017220,2026-02-02,P0067,2,Defective,1166.14
R001058,O017241,2026-03-23,P0054,1,Defective,465.45
R001059,O017259,2026-04-18,P0012,1,Wrong Item,1000.13
R001060,O017266,2026-06-08,P0072,1,Damaged,810.8
R001061,O017270,2026-06-13,P0023,2,Changed Mind,1967.8
R001062,O017274,2026-05-11,P0035,2,Damaged,3345.1
R001063,O017283,2026-06-15,P0011,1,Wrong Item,1137.15
R001064,O017286,2026-02-08,P0072,1,Changed Mind,807.02
R001065,O017288,2026-07-13,P0046,2,Defective,907.1
R001066,O017298,2026-02-04,P0056,1,Not as Expected,320.38
R001067,O017325,2026-03-18,P0029,1,Defective,1603.24
R001068,O017326,2026-03-08,P0041,1,Damaged,1471.64
R001069,O017345,2026-06-03,P0062,1,Not as Expected,261.4
R001070,O017423,2026-04-10,P0032,1,Changed Mind,776.99
R001071,O017443,2026-05-21,P0062,1,Defective,257.85
R001072,O017471,2026-03-10,P0055,3,Damaged,523.18
R001073,O017476,2026-04-25,P0036,1,Damaged,1396.46
R001074,O017488,2026-05-27,P0071,1,Not as Expected,982.8
R001075,O017490,2026-04-25,P0040,1,Defective,2142.29
R001076,O017512,2026-01-18,P0051,1,Damaged,83.68
R001077,O017539,2026-03-31,P0022,3,Damaged,5788.59
R001078,O017540,2026-04-01,P0027,3,Not as Expected,3448.34
R001079,O017542,2026-05-03,P0052,1,Damaged,162.99
R001080,O017543,2026-07-10,P0029,2,Not as Expected,3144.61
R001081,O017562,2026-02-06,P0034,3,Defective,3706.98
R001082,O017567,2026-03-25,P0065,1,Defective,283.93
R001083,O017571,2026-05-25,P0015,1,Damaged,667.8
R001084,O017581,2026-01-17,P0065,3,Wrong Item,921.66
R001085,O017588,2026-02-24,P0077,1,Defective,366.76
R001086,O017602,2026-07-01,P0019,3,Not as Expected,1781.91
R001087,O017612,2026-03-26,P0066,2,Defective,928.37
R001088,O017619,2026-06-13,P0062,1,Damaged,244.2
R001089,O017662,2026-05-01,P0041,3,Changed Mind,4791.64
R001090,O017698,2026-01-08,P0065,2,Changed Mind,597.35
R001091,O017735,2026-03-26,P0013,1,Damaged,490.11
R001092,O017738,2026-07-13,P0019,2,Defective,1163.25
R001093,O017747,2026-06-13,P0011,2,Defective,2483.12
R001094,O017753,2026-02-13,P0068,2,Defective,896.53
R001095,O017757,2026-01-31,P0016,1,Not as Expected,597.32
R001096,O017793,2026-01-08,P0028,1,Changed Mind,591.91
R001097,O017799,2026-01-12,P0052,1,Damaged,154.54
R001098,O017803,2026-02-15,P0062,2,Changed Mind,510.26
R001099,O017840,2026-02-09,P0027,3,Changed Mind,3594.64
R001100,O017860,2026-05-24,P0029,1,Wrong Item,1654.85
R001101,O017869,2026-04-14,P0015,1,Defective,658.04
R001102,O017875,2026-02-27,P0017,1,Wrong Item,616.4
R001103,O017891,2026-06-12,P0021,3,Damaged,3334.05
R001104,O017895,2026-07-14,P0071,3,Wrong Item,2857.48
R001105,O017902,2026-04-07,P0026,2,Changed Mind,3587.95
R001106,O017906,2026-05-04,P0074,1,Damaged,307.92
R001107,O017914,2026-06-14,P0022,1,Defective,1783.05
R001108,O017917,2026-03-27,P0026,1,Not as Expected,1782.69
R001109,O017947,2026-06-29,P0066,3,Damaged,1352.79
R001110,O017962,2026-04-12,P0034,3,Defective,4029.46
R001111,O017988,2026-04-06,P0004,1,Defective,1071.83
R001112,O017989,2026-04-28,P0066,1,Changed Mind,458.83
R001113,O018003,2026-05-14,P0040,3,Not as Expected,6892.11
R001114,O018042,2026-04-11,P0009,2,Not as Expected,1689.26
R001115,O018048,2026-06-21,P0077,2,Wrong Item,773.68
R001116,O018073,2026-07-10,P0065,2,Damaged,586.47
R001117,O018076,2026-05-29,P0005,1,Not as Expected,1727.25
R001118,O018081,2026-04-29,P0064,1,Wrong Item,125.92
R001119,O018092,2026-06-30,P0032,3,Defective,2344.98
R001120,O018099,2026-06-06,P0067,1,Damaged,586.27
R001121,O018112,2026-04-17,P0020,1,Damaged,1247.42
R001122,O018120,2026-01-18,P0019,1,Damaged,618.33
R001123,O018125,2026-04-12,P0017,1,Changed Mind,631.89
R001124,O018129,2026-06-23,P0066,2,Not as Expected,936.4
R001125,O018145,2026-02-03,P0045,2,Changed Mind,1175.83
R001126,O018157,2026-06-16,P0078,2,Damaged,1269.99
R001127,O018171,2026-04-05,P0080,2,Changed Mind,801.07
R001128,O018200,2026-01-31,P0049,1,Not as Expected,729.5
R001129,O018201,2026-05-15,P0069,1,Not as Expected,353.71
R001130,O018212,2026-03-11,P0034,2,Defective,2581.37
R001131,O018227,2026-04-02,P0022,1,Wrong Item,1998.74
R001132,O018234,2026-01-26,P0026,1,Changed Mind,1747.98
R001133,O018261,2026-01-23,P0047,2,Not as Expected,926.9
R001134,O018262,2026-06-28,P0062,3,Wrong Item,802.35
R001135,O018264,2026-06-22,P0057,2,Defective,944.09
R001136,O018281,2026-06-29,P0067,3,Changed Mind,1849.29
R001137,O018295,2026-06-19,P0064,1,Damaged,130.98
R001138,O018300,2026-03-11,P0062,1,Defective,250.65
R001139,O018312,2026-02-10,P0035,1,Defective,1576.89
R001140,O018317,2026-04-19,P0048,1,Defective,755.36
R001141,O018322,2026-04-05,P0065,2,Defective,581.07
R001142,O018326,2026-06-14,P0065,2,Damaged,602.19
R001143,O018372,2026-04-17,P0070,1,Defective,134.21
R001144,O018377,2026-06-17,P0070,5,Changed Mind,600.34
R001145,O018407,2026-04-06,P0029,3,Not as Expected,4837.32
R001146,O018408,2026-05-17,P0004,1,Wrong Item,1098.13
R001147,O018414,2026-02-14,P0062,1,Defective,254.67
R001148,O018452,2026-04-17,P0017,1,Not as Expected,612.48
R001149,O018462,2026-07-13,P0013,5,Damaged,2106.62
R001150,O018467,2026-05-14,P0056,1,Changed Mind,342.68
R001151,O018499,2026-03-05,P0032,2,Not as Expected,1472.17
R001152,O018509,2026-03-14,P0073,2,Wrong Item,1153.01
R001153,O018520,2026-07-17,P0042,2,Changed Mind,2507.79
R001154,O018532,2026-07-16,P0055,2,Changed Mind,335.67
R001155,O018535,2026-01-22,P0031,1,Not as Expected,2124.93
R001156,O018555,2026-06-28,P0070,3,Not as Expected,362.66
R001157,O018557,2026-03-18,P0068,1,Damaged,439.82
R001158,O018561,2026-02-05,P0062,2,Wrong Item,526.25
R001159,O018572,2026-02-25,P0064,3,Damaged,374.83
R001160,O018593,2026-02-14,P0009,1,Wrong Item,834.63
R001161,O018596,2026-06-22,P0055,2,Wrong Item,326.52
R001162,O018616,2026-05-07,P0065,2,Not as Expected,623.87
R001163,O018625,2026-04-19,P0073,1,Damaged,586.2
R001164,O018676,2026-03-22,P0054,1,Not as Expected,439.59
R001165,O018681,2026-02-22,P0070,1,Damaged,128.56
R001166,O018685,2026-01-15,P0006,2,Not as Expected,1714.66
R001167,O018697,2026-03-23,P0016,1,Defective,584.76
R001168,O018699,2026-02-10,P0070,1,Changed Mind,121.3
R001169,O018717,2026-06-09,P0014,1,Changed Mind,1153.75
R001170,O018718,2026-01-29,P0066,1,Changed Mind,477.49
R001171,O018728,2026-05-11,P0062,1,Changed Mind,266.73
R001172,O018736,2026-03-09,P0054,1,Not as Expected,434.98
R001173,O018743,2026-02-13,P0033,1,Not as Expected,1690.68
R001174,O018762,2026-04-29,P0066,1,Not as Expected,458.76
R001175,O018770,2026-05-30,P0030,1,Defective,647.98
R001176,O018794,2026-07-08,P0066,5,Defective,2354.16
R001177,O018798,2026-04-01,P0080,1,Changed Mind,381.8
R001178,O018805,2026-03-14,P0065,1,Defective,288.42
R001179,O018808,2026-04-01,P0070,1,Changed Mind,126.1
R001180,O018822,2026-05-24,P0058,1,Changed Mind,209.27
R001181,O018828,2026-05-20,P0042,1,Changed Mind,1296.84
R001182,O018837,2026-06-19,P0078,5,Damaged,3191.03
R001183,O018840,2026-02-15,P0008,1,Wrong Item,1125.15
R001184,O018853,2026-05-20,P0062,2,Defective,513.6
R001185,O018894,2026-04-19,P0045,1,Defective,598.53
R001186,O018908,2026-01-27,P0016,1,Defective,590.74
R001187,O018918,2026-06-25,P0058,5,Changed Mind,1050.21
R001188,O018927,2026-05-14,P0003,1,Defective,926.38
R001189,O018949,2026-03-02,P0005,1,Defective,1642.28
R001190,O018953,2026-06-03,P0067,1,Not as Expected,619.0
R001191,O018973,2026-05-15,P0029,1,Not as Expected,1580.59
R001192,O018977,2026-01-08,P0061,3,Wrong Item,1058.42
R001193,O018979,2026-01-19,P0035,1,Not as Expected,1553.02
R001194,O018992,2026-04-23,P0018,2,Wrong Item,2058.39
R001195,O019003,2026-05-16,P0026,3,Changed Mind,5107.03
R001196,O019021,2026-02-04,P0022,1,Wrong Item,1914.45
R001197,O019047,2026-02-01,P0056,1,Defective,346.33
R001198,O019057,2026-05-26,P0024,1,Not as Expected,1755.65
R001199,O019059,2026-06-05,P0024,1,Changed Mind,1592.48
R001200,O019073,2026-04-07,P0024,3,Defective,5333.76
R001201,O019077,2026-02-12,P0047,1,Defective,457.32
R001202,O019094,2026-06-23,P0017,3,Changed Mind,1803.34
R001203,O019101,2026-04-26,P0025,1,Changed Mind,1383.13
R001204,O019124,2026-04-25,P0024,1,Changed Mind,1853.0
R001205,O019142,2026-02-25,P0077,1,Damaged,359.35
R001206,O019167,2026-06-02,P0070,1,Not as Expected,128.01
R001207,O019173,2026-05-15,P0063,3,Not as Expected,1099.44
R001208,O019186,2026-02-07,P0036,1,Defective,1313.94
R001209,O019203,2026-05-11,P0024,2,Changed Mind,3668.5
R001210,O019225,2026-05-10,P0049,1,Defective,726.19
R001211,O019226,2026-02-09,P0025,1,Changed Mind,1537.37
R001212,O019249,2026-03-27,P0022,3,Defective,6089.95
R001213,O019269,2026-06-13,P0011,1,Not as Expected,1173.15
R001214,O019271,2026-05-28,P0040,1,Defective,2167.46
R001215,O019273,2026-05-24,P0065,1,Defective,287.86
R001216,O019314,2026-06-17,P0031,2,Defective,3916.57
R001217,O019322,2026-04-25,P0029,3,Changed Mind,4638.75
R001218,O019341,2026-06-24,P0016,3,Defective,1603.1
R001219,O019354,2026-03-05,P0061,1,Damaged,351.85
R001220,O019390,2026-01-20,P0011,1,Not as Expected,1231.24
R001221,O019397,2026-01-07,P0061,1,Changed Mind,377.94
R001222,O019422,2026-03-19,P0008,1,Changed Mind,1031.75
R001223,O019453,2026-03-27,P0018,1,Defective,1018.02
R001224,O019471,2026-02-07,P0075,1,Defective,785.17
R001225,O019484,2026-05-02,P0068,3,Damaged,1353.33
R001226,O019490,2026-07-07,P0076,2,Damaged,2040.19
R001227,O019495,2026-04-08,P0076,2,Wrong Item,2064.84
R001228,O019497,2026-04-29,P0065,2,Changed Mind,593.62
R001229,O019533,2026-06-24,P0054,2,Damaged,911.62
R001230,O019583,2026-06-05,P0016,2,Not as Expected,1089.23
R001231,O019596,2026-05-09,P0027,2,Damaged,2338.38
R001232,O019598,2026-04-07,P0067,3,Changed Mind,1728.16
R001233,O019664,2026-03-19,P0054,1,Defective,441.73
R001234,O019666,2026-02-03,P0009,1,Changed Mind,875.92
R001235,O019708,2026-05-24,P0018,3,Damaged,2843.29
R001236,O019745,2026-07-15,P0061,2,Wrong Item,714.67
R001237,O019748,2026-01-22,P0030,2,Not as Expected,1329.03
R001238,O019758,2026-04-25,P0014,1,Defective,1190.66
R001239,O019773,2026-03-10,P0018,1,Defective,972.58
R001240,O019782,2026-05-16,P0020,3,Not as Expected,3709.11
R001241,O019787,2026-06-30,P0014,2,Not as Expected,2104.44
R001242,O019791,2026-01-26,P0022,1,Changed Mind,1842.84
R001243,O019840,2026-02-22,P0070,1,Defective,124.43
R001244,O019846,2026-05-17,P0008,3,Defective,3327.73
R001245,O019850,2026-05-18,P0020,2,Defective,2508.69
R001246,O019859,2026-06-22,P0067,1,Defective,623.49
R001247,O019872,2026-06-16,P0058,1,Defective,203.13
R001248,O019884,2026-06-12,P0067,2,Wrong Item,1173.52
R001249,O019886,2026-04-25,P0009,2,Not as Expected,1664.3
R001250,O019891,2026-02-09,P0002,1,Defective,1436.03
R001251,O019905,2026-06-20,P0069,5,Changed Mind,1897.14
R001252,O019916,2026-02-06,P0011,3,Defective,4038.42
R001253,O019958,2026-05-30,P0043,2,Defective,1326.75
R001254,O020007,2026-03-08,P0059,2,Wrong Item,414.56
R001255,O020021,2026-02-10,P0058,1,Defective,202.09
R001256,O020027,2026-03-24,P0002,2,Defective,2927.07
R001257,O020031,2026-02-03,P0055,1,Wrong Item,177.92
R001258,O020038,2026-06-16,P0074,2,Changed Mind,626.61
R001259,O020040,2026-04-10,P0007,1,Not as Expected,1140.13
R001260,O020043,2026-03-09,P0023,1,Changed Mind,1055.72
R001261,O020063,2026-05-03,P0002,3,Changed Mind,4445.35
R001262,O020096,2026-05-11,P0060,3,Not as Expected,642.17
R001263,O020116,2026-07-16,P0028,3,Damaged,1582.95
R001264,O020118,2026-04-27,P0038,2,Changed Mind,3031.82
R001265,O020148,2026-01-31,P0023,2,Defective,1982.88
R001266,O020188,2026-02-17,P0014,1,Not as Expected,1159.02
R001267,O020226,2026-07-09,P0077,5,Defective,1876.42
R001268,O020242,2026-01-30,P0057,2,Defective,878.19
R001269,O020288,2026-04-29,P0004,3,Changed Mind,3285.57
R001270,O020324,2026-06-17,P0018,2,Changed Mind,1867.86
R001271,O020330,2026-07-23,P0021,2,Defective,2081.4
R001272,O020340,2026-04-14,P0045,2,Changed Mind,1179.82
R001273,O020344,2026-02-08,P0075,1,Defective,727.13
R001274,O020368,2026-01-31,P0011,1,Defective,1343.23
R001275,O020384,2026-03-12,P0073,1,Not as Expected,574.25
R001276,O020402,2026-02-27,P0034,1,Changed Mind,1229.21
R001277,O020418,2026-05-09,P0060,3,Defective,659.09
R001278,O020422,2026-07-12,P0070,3,Changed Mind,357.39
R001279,O020446,2026-05-23,P0001,2,Changed Mind,2205.8
R001280,O020449,2026-06-18,P0069,5,Damaged,1929.24
R001281,O020466,2026-04-03,P0003,1,Not as Expected,1006.28
R001282,O020482,2026-05-16,P0067,1,Changed Mind,631.91
R001283,O020487,2026-05-06,P0063,3,Changed Mind,1085.01
R001284,O020494,2026-02-26,P0037,1,Wrong Item,999.92
R001285,O020497,2026-04-21,P0022,1,Wrong Item,1997.49
R001286,O020502,2026-06-26,P0005,2,Changed Mind,3059.29
R001287,O020513,2026-01-25,P0044,1,Defective,636.05
R001288,O020528,2026-05-15,P0056,1,Damaged,348.72
R001289,O020540,2026-02-15,P0027,2,Changed Mind,2406.82
R001290,O020555,2026-05-22,P0072,3,Wrong Item,2604.46
R001291,O020571,2026-03-02,P0056,1,Not as Expected,336.72
R001292,O020589,2026-07-01,P0016,2,Not as Expected,1007.51
R001293,O020616,2026-04-12,P0019,1,Wrong Item,608.26
R001294,O020631,2026-03-08,P0032,3,Damaged,2246.25
R001295,O020645,2026-03-20,P0054,3,Not as Expected,1356.01
R001296,O020650,2026-05-20,P0020,3,Damaged,3815.84
R001297,O020654,2026-02-14,P0049,1,Damaged,774.13
R001298,O020661,2026-02-19,P0018,1,Wrong Item,1062.0
R001299,O020676,2026-02-18,P0014,1,Damaged,1092.86
R001300,O020678,2026-05-26,P0002,2,Wrong Item,3037.63
R001301,O020705,2026-02-20,P0037,1,Damaged,985.25
R001302,O020714,2026-01-23,P0071,1,Wrong Item,997.35
R001303,O020728,2026-05-20,P0036,3,Changed Mind,4171.11
R001304,O020732,2026-04-22,P0076,1,Defective,1060.12
R001305,O020804,2026-03-26,P0062,1,Not as Expected,272.72
R001306,O020806,2026-03-12,P0063,1,Defective,389.54
R001307,O020816,2026-04-01,P0066,1,Wrong Item,478.85
R001308,O020821,2026-05-31,P0029,3,Wrong Item,4581.03
R001309,O020825,2026-02-25,P0054,1,Wrong Item,478.48
R001310,O020845,2026-04-21,P0069,1,Changed Mind,392.26
R001311,O020852,2026-05-06,P0047,3,Damaged,1386.3
R001312,O020854,2026-05-17,P0062,1,Not as Expected,260.49
R001313,O020859,2026-02-06,P0057,1,Defective,467.42
R001314,O020872,2026-03-13,P0007,3,Wrong Item,3128.2
R001315,O020902,2026-03-08,P0076,1,Damaged,1075.02
R001316,O020906,2026-04-03,P0053,3,Defective,336.04
R001317,O020926,2026-01-17,P0019,1,Defective,624.95
R001318,O020929,2026-04-24,P0021,1,Defective,1127.09
R001319,O020940,2026-06-19,P0021,3,Not as Expected,3353.66
R001320,O020941,2026-06-15,P0063,1,Damaged,352.67
R001321,O020943,2026-05-21,P0070,1,Not as Expected,134.36
R001322,O020947,2026-04-03,P0028,1,Damaged,586.24
R001323,O020948,2026-03-10,P0069,1,Not as Expected,384.96
R001324,O020990,2026-06-09,P0009,1,Changed Mind,846.87
R001325,O021013,2026-05-23,P0028,2,Changed Mind,1101.81
R001326,O021020,2026-01-12,P0009,2,Changed Mind,1704.9
R001327,O021059,2026-03-31,P0065,2,Damaged,567.07
R001328,O021061,2026-06-09,P0067,1,Damaged,587.17
R001329,O021065,2026-06-20,P0078,3,Not as Expected,1823.79
R001330,O021069,2026-02-11,P0019,1,Changed Mind,664.66
R001331,O021078,2026-05-19,P0016,1,Changed Mind,546.29
R001332,O021087,2026-04-29,P0065,1,Not as Expected,295.32
R001333,O021089,2026-05-02,P0042,2,Damaged,2567.51
R001334,O021106,2026-06-09,P0080,2,Damaged,804.54
R001335,O021114,2026-02-14,P0056,1,Not as Expected,342.55
R001336,O021120,2026-05-28,P0068,1,Changed Mind,443.25
R001337,O021121,2026-02-14,P0016,2,Changed Mind,1130.94
R001338,O021143,2026-04-24,P0072,1,Not as Expected,873.51
R001339,O021144,2026-05-03,P0064,1,Not as Expected,123.84
R001340,O021152,2026-07-09,P0028,2,Changed Mind,1055.33
R001341,O021171,2026-06-21,P0063,3,Not as Expected,1062.42
R001342,O021177,2026-05-27,P0016,2,Changed Mind,1121.16
R001343,O021181,2026-02-02,P0036,2,Wrong Item,2632.68
R001344,O021203,2026-07-16,P0025,2,Wrong Item,2712.0
R001345,O021204,2026-06-29,P0052,2,Wrong Item,298.06
R001346,O021257,2026-07-01,P0039,2,Changed Mind,2677.29
R001347,O021270,2026-04-02,P0036,1,Wrong Item,1333.23
R001348,O021277,2026-06-20,P0066,5,Defective,2209.79
R001349,O021293,2026-03-14,P0051,1,Damaged,83.09
R001350,O021295,2026-03-07,P0057,1,Defective,453.5
R001351,O021301,2026-02-09,P0003,2,Wrong Item,1889.5
R001352,O021307,2026-03-22,P0021,1,Changed Mind,1110.81
R001353,O021308,2026-03-06,P0018,1,Damaged,1005.96
R001354,O021318,2026-07-10,P0068,2,Wrong Item,900.6
R001355,O021335,2026-06-06,P0016,1,Wrong Item,521.67
R001356,O021351,2026-06-14,P0064,1,Wrong Item,132.8
R001357,O021382,2026-02-26,P0059,1,Defective,215.19
R001358,O021394,2026-03-17,P0069,1,Not as Expected,375.9
R001359,O021443,2026-03-18,P0077,1,Changed Mind,380.43
R001360,O021451,2026-03-14,P0053,1,Wrong Item,114.52
R001361,O021452,2026-03-07,P0042,3,Defective,3855.63
R001362,O021454,2026-06-07,P0060,3,Damaged,619.21
R001363,O021462,2026-05-14,P0064,3,Wrong Item,410.4
R001364,O021463,2026-05-14,P0078,3,Changed Mind,1855.4
R001365,O021466,2026-02-08,P0058,1,Defective,200.72
R001366,O021484,2026-01-27,P0030,1,Defective,648.11
R001367,O021498,2026-01-30,P0042,2,Not as Expected,2550.86
R001368,O021522,2026-04-27,P0067,2,Not as Expected,1267.38
R001369,O021526,2026-06-21,P0058,2,Damaged,389.49
R001370,O021542,2026-06-02,P0060,1,Damaged,223.46
R001371,O021566,2026-07-06,P0065,2,Not as Expected,612.44
R001372,O021611,2026-03-06,P0055,1,Changed Mind,160.97
R001373,O021619,2026-02-24,P0053,2,Changed Mind,233.76
R001374,O021625,2026-07-06,P0079,2,Changed Mind,1673.29
R001375,O021650,2026-06-27,P0080,3,Changed Mind,1197.59
R001376,O021651,2026-06-19,P0003,2,Not as Expected,1741.74
R001377,O021653,2026-01-15,P0056,1,Changed Mind,334.76
R001378,O021658,2026-06-25,P0070,2,Defective,245.64
R001379,O021663,2026-06-08,P0012,2,Not as Expected,1735.65
R001380,O021705,2026-02-02,P0065,1,Wrong Item,298.12
R001381,O021706,2026-03-11,P0075,1,Not as Expected,800.27
R001382,O021749,2026-03-28,P0022,1,Changed Mind,1942.52
R001383,O021761,2026-06-07,P0032,2,Wrong Item,1428.84
R001384,O021768,2026-03-12,P0012,1,Defective,1013.84
R001385,O021774,2026-03-28,P0013,1,Changed Mind,482.88
R001386,O021797,2026-04-07,P0075,2,Changed Mind,1563.88
R001387,O021816,2026-02-19,P0061,3,Damaged,1116.96
R001388,O021828,2026-01-14,P0021,1,Damaged,1181.7
R001389,O021882,2026-07-01,P0032,2,Damaged,1428.03
R001390,O021918,2026-05-13,P0062,2,Changed Mind,534.57
R001391,O021919,2026-03-19,P0032,2,Defective,1443.97
R001392,O021924,2026-03-26,P0021,1,Not as Expected,1137.19
R001393,O021950,2026-04-30,P0044,1,Defective,635.39
R001394,O021954,2026-04-30,P0075,2,Defective,1580.85
R001395,O021956,2026-03-01,P0060,2,Damaged,448.15
R001396,O021974,2026-06-10,P0067,1,Changed Mind,573.47
R001397,O021975,2026-06-13,P0068,2,Damaged,871.49
R001398,O021977,2026-06-20,P0066,3,Defective,1426.3
R001399,O022035,2026-07-08,P0065,2,Wrong Item,583.27
R001400,O022057,2026-02-08,P0007,1,Defective,1128.65
R001401,O022073,2026-05-29,P0061,1,Not as Expected,362.79
R001402,O022080,2026-03-01,P0024,1,Not as Expected,1728.41
R001403,O022086,2026-04-07,P0051,2,Changed Mind,163.59
R001404,O022101,2026-02-02,P0012,2,Defective,2049.21
R001405,O022108,2026-03-08,P0020,1,Not as Expected,1317.55
R001406,O022122,2026-06-14,P0069,2,Wrong Item,693.42
R001407,O022142,2026-02-10,P0041,3,Defective,4444.45
R001408,O022151,2026-02-04,P0036,1,Wrong Item,1346.75
R001409,O022201,2026-02-11,P0006,3,Wrong Item,2603.76
R001410,O022208,2026-05-31,P0037,1,Changed Mind,976.43
R001411,O022210,2026-03-04,P0069,2,Damaged,783.35
R001412,O022245,2026-03-09,P0077,1,Damaged,360.4
R001413,O022246,2026-06-17,P0064,2,Wrong Item,248.88
R001414,O022262,2026-02-04,P0004,2,Changed Mind,2162.84
R001415,O022289,2026-03-31,P0063,1,Not as Expected,375.4
R001416,O022314,2026-02-14,P0058,3,Not as Expected,602.82
R001417,O022350,2026-06-30,P0036,2,Not as Expected,2651.42
R001418,O022371,2026-04-21,P0063,1,Not as Expected,380.5
R001419,O022408,2026-03-08,P0072,1,Changed Mind,812.97
R001420,O022426,2026-05-19,P0013,2,Wrong Item,925.48
R001421,O022440,2026-06-21,P0073,2,Changed Mind,1199.0
R001422,O022481,2026-03-09,P0046,2,Changed Mind,915.08
R001423,O022482,2026-03-25,P0031,1,Defective,2044.62
R001424,O022505,2026-06-17,P0077,2,Wrong Item,747.77
R001425,O022539,2026-02-19,P0051,1,Defective,78.53
R001426,O022542,2026-04-07,P0033,1,Not as Expected,1634.84
R001427,O022546,2026-01-19,P0068,1,Defective,466.57
R001428,O022570,2026-04-23,P0058,2,Not as Expected,419.68
R001429,O022585,2026-06-25,P0010,2,Defective,2301.52
R001430,O022593,2026-04-05,P0048,1,Defective,706.57
R001431,O022601,2026-06-20,P0062,2,Not as Expected,500.23
R001432,O022635,2026-05-08,P0076,2,Wrong Item,2201.07
R001433,O022639,2026-03-21,P0068,2,Damaged,881.51
R001434,O022648,2026-02-19,P0058,2,Not as Expected,416.94
R001435,O022650,2026-04-29,P0002,2,Damaged,3109.24
R001436,O022651,2026-05-06,P0066,2,Not as Expected,886.47
R001437,O022665,2026-07-03,P0061,2,Changed Mind,716.93
R001438,O022667,2026-01-16,P0001,1,Damaged,1183.77
R001439,O022683,2026-05-01,P0061,1,Defective,363.47
R001440,O022690,2026-03-18,P0056,1,Wrong Item,320.63
R001441,O022691,2026-04-24,P0007,1,Defective,1083.36
R001442,O022695,2026-05-30,P0005,1,Damaged,1673.36
R001443,O022722,2026-03-06,P0014,2,Changed Mind,2249.81
R001444,O022732,2026-02-09,P0034,1,Wrong Item,1258.24
R001445,O022765,2026-05-11,P0061,1,Defective,366.28
R001446,O022788,2026-02-04,P0062,2,Not as Expected,539.14
R001447,O022790,2026-04-20,P0066,1,Damaged,447.04
R001448,O022814,2026-04-12,P0073,1,Defective,575.23
R001449,O022829,2026-01-26,P0053,1,Not as Expected,118.93
R001450,O022847,2026-01-04,P0049,2,Defective,1498.21
R001451,O022851,2026-02-27,P0007,2,Wrong Item,2086.21
R001452,O022857,2026-02-09,P0070,1,Not as Expected,129.86
R001453,O022860,2026-05-17,P0074,3,Defective,877.11
R001454,O022890,2026-02-06,P0055,1,Wrong Item,166.65
R001455,O022927,2026-04-09,P0056,1,Changed Mind,349.62
R001456,O022938,2026-03-21,P0026,1,Wrong Item,1827.24
R001457,O022943,2026-05-30,P0073,1,Damaged,581.96
R001458,O022949,2026-02-08,P0077,3,Changed Mind,1065.64
R001459,O022963,2026-03-21,P0040,3,Wrong Item,6977.19
R001460,O022975,2026-06-22,P0077,2,Changed Mind,716.53
R001461,O022980,2026-06-11,P0061,5,Damaged,1828.54
R001462,O022986,2026-06-28,P0074,2,Wrong Item,615.17
R001463,O022991,2026-06-04,P0044,1,Not as Expected,580.78
R001464,O023011,2026-06-21,P0065,5,Wrong Item,1414.89
R001465,O023025,2026-02-25,P0025,2,Defective,2891.71
R001466,O023031,2026-07-12,P0066,3,Not as Expected,1415.8
R001467,O023032,2026-06-05,P0068,1,Not as Expected,445.38
R001468,O023037,2026-06-02,P0064,2,Defective,262.74
R001469,O023071,2026-06-06,P0063,2,Changed Mind,731.67
R001470,O023075,2026-06-04,P0007,2,Defective,2110.24
R001471,O023116,2026-01-22,P0001,3,Changed Mind,3574.82
R001472,O023119,2026-05-30,P0040,1,Wrong Item,2250.61
R001473,O023174,2026-02-06,P0056,1,Not as Expected,331.68
R001474,O023207,2026-05-28,P0044,3,Changed Mind,1729.41
R001475,O023244,2026-05-04,P0059,1,Damaged,212.75
R001476,O023247,2026-01-15,P0068,1,Damaged,431.98
R001477,O023251,2026-04-05,P0053,2,Not as Expected,225.9
R001478,O023271,2026-04-14,P0055,2,Not as Expected,357.63
R001479,O023336,2026-07-08,P0005,3,Defective,4851.76
R001480,O023344,2026-04-09,P0028,1,Defective,564.64
R001481,O023353,2026-04-02,P0070,1,Defective,129.19
R001482,O023368,2026-06-05,P0059,2,Defective,386.85
R001483,O023376,2026-02-02,P0019,1,Defective,635.99
R001484,O023397,2026-05-27,P0027,3,Changed Mind,3240.84
R001485,O023400,2026-03-12,P0013,3,Damaged,1498.08
R001486,O023434,2026-05-01,P0048,1,Defective,732.65
R001487,O023440,2026-06-02,P0009,1,Changed Mind,889.03
R001488,O023444,2026-05-16,P0062,1,Defective,250.62
R001489,O023446,2026-02-23,P0070,1,Defective,132.57
R001490,O023447,2026-02-18,P0053,1,Wrong Item,111.02
R001491,O023454,2026-06-27,P0052,2,Defective,295.53
R001492,O023462,2026-06-06,P0008,2,Damaged,2099.73
R001493,O023509,2026-02-25,P0026,1,Wrong Item,1717.85
R001494,O023517,2026-03-08,P0033,2,Damaged,3586.6
R001495,O023554,2026-05-18,P0064,1,Defective,125.52
R001496,O023562,2026-05-30,P0062,1,Not as Expected,250.85
R001497,O023571,2026-06-25,P0025,3,Not as Expected,3975.68
R001498,O023573,2026-06-19,P0065,3,Wrong Item,880.16
R001499,O023594,2026-04-13,P0069,1,Defective,368.8
R001500,O023607,2026-06-08,P0008,1,Damaged,1022.53
R001501,O023608,2026-02-04,P0017,1,Damaged,577.77
R001502,O023610,2026-02-13,P0048,1,Defective,735.38
R001503,O023634,2026-01-10,P0013,3,Defective,1422.29
R001504,O023703,2026-03-13,P0053,2,Wrong Item,244.99
R001505,O023718,2026-06-26,P0070,2,Not as Expected,252.63
R001506,O023726,2026-02-02,P0013,1,Not as Expected,468.96
R001507,O023727,2026-06-27,P0018,2,Not as Expected,1862.09
R001508,O023761,2026-03-13,P0080,2,Damaged,805.95
R001509,O023766,2026-05-15,P0025,3,Changed Mind,4489.91
R001510,O023774,2026-01-26,P0015,3,Changed Mind,1890.64
R001511,O023794,2026-05-04,P0027,3,Changed Mind,3582.22
R001512,O023802,2026-07-04,P0072,5,Wrong Item,4112.09
R001513,O023808,2026-04-20,P0010,1,Not as Expected,1153.82
R001514,O023824,2026-07-07,P0016,2,Not as Expected,1074.16
R001515,O023840,2026-01-29,P0003,2,Wrong Item,1903.0
R001516,O023846,2026-03-27,P0005,2,Not as Expected,3139.63
R001517,O023854,2026-01-10,P0028,3,Wrong Item,1739.45
R001518,O023870,2026-02-12,P0023,3,Not as Expected,3198.63
R001519,O023876,2026-06-14,P0068,3,Damaged,1356.8
R001520,O023903,2026-06-26,P0021,3,Changed Mind,3191.12
R001521,O023911,2026-01-28,P0018,2,Not as Expected,2094.44
R001522,O023919,2026-07-09,P0073,2,Defective,1174.45
R001523,O023929,2026-04-10,P0015,1,Changed Mind,684.92
R001524,O023937,2026-03-12,P0034,1,Not as Expected,1247.11
R001525,O023938,2026-05-21,P0042,2,Defective,2483.73
R001526,O023969,2026-06-02,P0038,1,Not as Expected,1582.93
R001527,O023971,2026-04-11,P0055,2,Wrong Item,329.99
R001528,O023990,2026-04-15,P0076,1,Defective,1030.52
R001529,O023991,2026-06-24,P0060,2,Wrong Item,431.05
R001530,O023999,2026-03-08,P0055,1,Wrong Item,168.17
R001531,O024010,2026-04-27,P0070,1,Changed Mind,122.77
R001532,O024023,2026-04-19,P0020,1,Damaged,1260.35
R001533,O024048,2026-05-01,P0027,1,Changed Mind,1221.87
R001534,O024051,2026-03-28,P0064,2,Not as Expected,265.04
R001535,O024060,2026-03-16,P0062,1,Defective,268.28
R001536,O024072,2026-01-26,P0062,3,Defective,792.89
R001537,O024074,2026-05-28,P0001,1,Defective,1116.48
R001538,O024080,2026-06-14,P0014,2,Defective,2218.79
R001539,O024088,2026-06-15,P0002,2,Wrong Item,2930.52
R001540,O024118,2026-02-26,P0044,2,Not as Expected,1180.49
R001541,O024134,2026-05-28,P0061,3,Damaged,1049.42
R001542,O024135,2026-07-14,P0066,3,Not as Expected,1371.12
R001543,O024177,2026-03-17,P0001,1,Wrong Item,1150.56
R001544,O024182,2026-07-02,P0068,2,Changed Mind,907.0
R001545,O024195,2026-05-07,P0005,1,Defective,1648.14
R001546,O024220,2026-03-22,P0071,3,Damaged,2907.07
R001547,O024245,2026-07-14,P0017,3,Changed Mind,1799.53
R001548,O024265,2026-04-26,P0025,1,Damaged,1503.1
R001549,O024276,2026-03-18,P0039,3,Not as Expected,3899.85
R001550,O024320,2026-06-26,P0013,3,Changed Mind,1324.98
R001551,O024342,2026-03-15,P0020,3,Not as Expected,3813.9
R001552,O024413,2026-04-17,P0032,1,Changed Mind,785.43
R001553,O024434,2026-06-08,P0076,1,Damaged,1043.02
R001554,O024436,2026-03-10,P0042,2,Changed Mind,2484.29
R001555,O024450,2026-06-20,P0064,3,Damaged,383.13
R001556,O024452,2026-01-14,P0076,3,Defective,3199.63
R001557,O024480,2026-01-28,P0051,2,Defective,161.21
R001558,O024526,2026-02-18,P0026,1,Changed Mind,1834.0
R001559,O024535,2026-02-21,P0054,1,Changed Mind,462.73
R001560,O024536,2026-07-13,P0015,2,Not as Expected,1213.86
R001561,O024548,2026-06-09,P0070,2,Damaged,253.98
R001562,O024562,2026-05-24,P0067,2,Damaged,1267.87
R001563,O024576,2026-05-11,P0004,2,Wrong Item,2349.18
R001564,O024585,2026-03-31,P0024,2,Wrong Item,3413.12
R001565,O024605,2026-04-16,P0053,2,Defective,230.4
R001566,O024619,2026-06-28,P0059,2,Changed Mind,404.45
R001567,O024624,2026-06-02,P0028,2,Changed Mind,1155.87
R001568,O024630,2026-06-26,P0048,3,Not as Expected,2143.3
R001569,O024634,2026-03-31,P0020,1,Changed Mind,1334.56
R001570,O024636,2026-03-18,P0015,2,Defective,1323.74
R001571,O024659,2026-03-13,P0025,1,Changed Mind,1495.12
R001572,O024666,2026-07-01,P0029,2,Damaged,3121.98
R001573,O024677,2026-04-17,P0033,1,Not as Expected,1703.98
R001574,O024710,2026-07-08,P0037,2,Changed Mind,2030.55
R001575,O024726,2026-02-27,P0027,1,Not as Expected,1186.32
R001576,O024746,2026-03-19,P0031,1,Changed Mind,2139.92
R001577,O024759,2026-04-21,P0026,2,Wrong Item,3343.34
R001578,O024761,2026-04-04,P0003,2,Defective,1839.91
R001579,O024772,2026-02-27,P0069,1,Defective,388.74
R001580,O024788,2026-05-22,P0041,1,Defective,1476.21
R001581,O024814,2026-05-06,P0045,3,Wrong Item,1721.34
R001582,O024822,2026-06-20,P0066,1,Defective,469.92
R001583,O024826,2026-01-31,P0048,1,Wrong Item,727.45
R001584,O024855,2026-02-09,P0028,1,Defective,588.69
R001585,O024865,2026-05-12,P0026,1,Wrong Item,1823.54
R001586,O024873,2026-02-25,P0011,2,Defective,2564.77
R001587,O024899,2026-05-15,P0013,1,Defective,463.37
R001588,O024903,2026-05-15,P0035,2,Changed Mind,3326.13
R001589,O024920,2026-06-23,P0001,5,Not as Expected,5253.61
R001590,O024953,2026-02-11,P0025,1,Not as Expected,1407.19
R001591,O024957,2026-06-28,P0007,2,Not as Expected,2031.87
R001592,O024966,2026-02-19,P0048,1,Damaged,754.83
R001593,O024970,2026-05-04,P0062,2,Damaged,503.59
R001594,O024989,2026-06-01,P0054,1,Damaged,439.44
R001595,O024999,2026-06-28,P0053,3,Not as Expected,359.92
R001596,O025002,2026-04-25,P0057,1,Changed Mind,458.6
R001597,O025054,2026-06-04,P0064,2,Damaged,266.92
R001598,O025096,2026-02-16,P0030,3,Damaged,1905.47
R001599,O025105,2026-06-03,P0058,1,Not as Expected,213.27
R001600,O025106,2026-03-27,P0070,1,Damaged,130.1
R001601,O025108,2026-04-13,P0054,2,Damaged,921.95
R001602,O025147,2026-07-08,P0016,3,Damaged,1532.36
R001603,O025150,2026-02-02,P0008,3,Changed Mind,3354.52
R001604,O025184,2026-06-17,P0009,3,Defective,2420.54
R001605,O025241,2026-03-09,P0068,2,Defective,928.87
R001606,O025244,2026-03-13,P0040,2,Not as Expected,4559.91
R001607,O025261,2026-02-11,P0010,1,Defective,1228.16
R001608,O025313,2026-04-25,P0054,2,Damaged,923.65
R001609,O025383,2026-06-06,P0029,1,Not as Expected,1543.27
R001610,O025391,2026-03-13,P0052,3,Wrong Item,482.52
R001611,O025398,2026-03-08,P0075,3,Defective,2282.73
R001612,O025410,2026-01-22,P0042,1,Changed Mind,1251.46
R001613,O025451,2026-01-23,P0066,1,Changed Mind,444.9
R001614,O025453,2026-02-05,P0014,2,Not as Expected,2194.04
R001615,O025470,2026-05-24,P0062,1,Wrong Item,260.1
R001616,O025513,2026-02-16,P0001,3,Changed Mind,3497.12
R001617,O025554,2026-05-23,P0004,1,Changed Mind,1173.36
R001618,O025560,2026-06-13,P0069,2,Changed Mind,736.41
R001619,O025561,2026-03-13,P0055,1,Defective,165.37
R001620,O025604,2026-07-03,P0065,5,Not as Expected,1491.98
R001621,O025607,2026-07-07,P0036,3,Wrong Item,3822.87
R001622,O025640,2026-07-07,P0011,2,Defective,2370.72
R001623,O025644,2026-05-06,P0059,1,Changed Mind,200.33
R001624,O025648,2026-01-08,P0020,3,Not as Expected,3705.61
R001625,O025684,2026-07-07,P0058,2,Not as Expected,429.48
R001626,O025794,2026-03-29,P0062,1,Damaged,267.79
R001627,O025826,2026-03-09,P0065,1,Defective,285.11
R001628,O025831,2026-06-14,P0060,3,Changed Mind,611.11
R001629,O025840,2026-02-05,P0037,2,Not as Expected,1893.24
R001630,O025847,2026-06-24,P0063,2,Wrong Item,720.2
R001631,O025857,2026-03-16,P0005,1,Changed Mind,1588.43
R001632,O025878,2026-03-30,P0032,1,Changed Mind,793.22
R001633,O025887,2026-02-06,P0034,1,Changed Mind,1326.57
R001634,O025898,2026-02-09,P0044,2,Damaged,1195.67
R001635,O025900,2026-01-22,P0052,1,Damaged,164.53
R001636,O025912,2026-06-17,P0023,2,Changed Mind,1889.01
R001637,O025932,2026-07-04,P0075,5,Defective,3839.56
R001638,O025953,2026-04-27,P0055,1,Changed Mind,178.29
R001639,O026021,2026-02-09,P0004,3,Defective,3385.45
R001640,O026058,2026-04-03,P0059,1,Changed Mind,196.41
R001641,O026063,2026-06-27,P0069,2,Wrong Item,697.79
R001642,O026067,2026-05-08,P0052,1,Not as Expected,154.81
R001643,O026069,2026-04-08,P0051,1,Defective,83.8
R001644,O026071,2026-03-23,P0061,1,Not as Expected,371.69
R001645,O026108,2026-04-06,P0035,1,Wrong Item,1615.66
R001646,O026118,2026-04-08,P0074,1,Not as Expected,307.21
R001647,O026138,2026-04-02,P0001,2,Changed Mind,2351.57
R001648,O026141,2026-04-01,P0006,1,Wrong Item,836.45
R001649,O026149,2026-03-04,P0021,1,Changed Mind,1128.22
R001650,O026163,2026-03-16,P0036,1,Not as Expected,1337.8
R001651,O026169,2026-03-29,P0039,1,Wrong Item,1326.37
R001652,O026212,2026-06-01,P0016,3,Changed Mind,1628.24
R001653,O026213,2026-03-29,P0014,2,Not as Expected,2382.79
R001654,O026220,2026-06-04,P0060,5,Changed Mind,1058.07
R001655,O026248,2026-05-09,P0055,1,Defective,177.95
R001656,O026302,2026-05-13,P0020,3,Defective,3847.1
R001657,O026304,2026-05-16,P0007,1,Defective,1049.89
R001658,O026306,2026-02-14,P0010,2,Wrong Item,2508.74
R001659,O026307,2026-03-17,P0048,2,Wrong Item,1510.09
R001660,O026336,2026-06-09,P0063,2,Not as Expected,744.47
R001661,O026342,2026-01-31,P0070,1,Damaged,133.49
R001662,O026352,2026-05-21,P0057,1,Not as Expected,465.25
R001663,O026363,2026-05-27,P0072,3,Not as Expected,2617.4
R001664,O026364,2026-06-15,P0005,2,Not as Expected,3014.06
R001665,O026372,2026-06-05,P0018,2,Defective,1805.58
R001666,O026406,2026-01-31,P0015,3,Not as Expected,1949.31
R001667,O026424,2026-01-22,P0038,1,Damaged,1512.97
R001668,O026433,2026-01-27,P0069,1,Damaged,384.28
R001669,O026447,2026-05-02,P0060,2,Defective,434.42
R001670,O026466,2026-05-28,P0019,1,Wrong Item,612.42
R001671,O026486,2026-06-03,P0039,2,Defective,2620.27
R001672,O026487,2026-04-19,P0066,2,Defective,947.44
R001673,O026547,2026-03-24,P0001,3,Changed Mind,3367.71
R001674,O026554,2026-04-19,P0017,1,Changed Mind,599.93
R001675,O026567,2026-05-26,P0049,1,Changed Mind,756.2
R001676,O026572,2026-01-21,P0055,2,Damaged,350.95
R001677,O026588,2026-03-20,P0037,3,Damaged,3115.91
R001678,O026593,2026-06-02,P0059,2,Defective,397.87
R001679,O026617,2026-05-19,P0016,1,Not as Expected,542.92
R001680,O026632,2026-01-23,P0044,1,Defective,581.1
R001681,O026670,2026-06-30,P0066,3,Wrong Item,1315.05
R001682,O026676,2026-06-25,P0062,2,Defective,509.91
R001683,O026686,2026-06-05,P0061,1,Not as Expected,357.68
R001684,O026689,2026-07-02,P0003,2,Changed Mind,1852.07
R001685,O026705,2026-03-13,P0056,2,Wrong Item,662.53
R001686,O026715,2026-07-05,P0076,2,Defective,2101.67
R001687,O026717,2026-06-13,P0026,2,Defective,3108.29
R001688,O026783,2026-07-13,P0051,5,Changed Mind,419.88
R001689,O026844,2026-02-05,P0053,1,Defective,122.33
R001690,O026881,2026-06-19,P0014,3,Changed Mind,3157.86
R001691,O026885,2026-01-18,P0019,2,Defective,1320.99
R001692,O026890,2026-07-20,P0060,2,Damaged,411.02
R001693,O026895,2026-01-23,P0019,2,Changed Mind,1224.79
R001694,O026899,2026-07-23,P0069,2,Wrong Item,715.88
R001695,O026901,2026-06-26,P0063,2,Wrong Item,752.4
R001696,O026909,2026-04-24,P0022,2,Defective,3980.13
R001697,O026918,2026-06-25,P0061,3,Not as Expected,1034.5
R001698,O026922,2026-05-18,P0039,1,Changed Mind,1330.96
R001699,O026923,2026-02-13,P0016,1,Defective,588.4
R001700,O026964,2026-05-22,P0058,1,Not as Expected,204.57
R001701,O027051,2026-03-27,P0022,2,Not as Expected,3689.05
R001702,O027053,2026-04-01,P0042,3,Changed Mind,3535.25
R001703,O027054,2026-05-18,P0052,1,Changed Mind,156.39
R001704,O027071,2026-04-20,P0056,1,Changed Mind,346.89
R001705,O027078,2026-02-12,P0069,2,Not as Expected,709.93
R001706,O027087,2026-03-17,P0072,1,Not as Expected,885.1
R001707,O027092,2026-02-05,P0015,2,Changed Mind,1356.68
R001708,O027099,2026-06-27,P0002,2,Changed Mind,2755.75
R001709,O027117,2026-05-24,P0058,1,Damaged,203.21
R001710,O027121,2026-03-30,P0031,3,Changed Mind,6318.59
R001711,O027130,2026-07-03,P0043,5,Defective,3403.3
R001712,O027142,2026-01-30,P0065,1,Wrong Item,285.73
R001713,O027178,2026-05-29,P0030,1,Changed Mind,659.59
R001714,O027181,2026-06-07,P0070,3,Changed Mind,360.84
R001715,O027194,2026-07-05,P0032,3,Damaged,2282.51
R001716,O027197,2026-06-27,P0059,2,Changed Mind,414.84
R001717,O027231,2026-06-16,P0065,3,Defective,860.11
R001718,O027239,2026-06-19,P0070,5,Defective,653.1
R001719,O027254,2026-02-23,P0025,1,Wrong Item,1393.14
R001720,O027265,2026-02-22,P0079,2,Damaged,1749.55
R001721,O027283,2026-06-21,P0065,2,Wrong Item,607.92
R001722,O027329,2026-04-22,P0003,2,Not as Expected,1855.95
R001723,O027362,2026-04-07,P0018,1,Changed Mind,1034.11
R001724,O027365,2026-01-24,P0031,3,Damaged,6067.14
R001725,O027394,2026-01-31,P0056,2,Damaged,679.77
R001726,O027404,2026-05-23,P0062,2,Damaged,506.63
R001727,O027453,2026-05-20,P0035,2,Wrong Item,3237.8
R001728,O027464,2026-04-15,P0074,1,Not as Expected,293.82
R001729,O027502,2026-03-02,P0058,2,Wrong Item,393.36
R001730,O027515,2026-03-30,P0004,1,Not as Expected,1139.27
R001731,O027520,2026-06-22,P0056,2,Wrong Item,639.1
R001732,O027522,2026-01-19,P0028,2,Not as Expected,1179.12
R001733,O027534,2026-05-22,P0059,1,Changed Mind,208.04
R001734,O027541,2026-06-12,P0061,1,Defective,380.71
R001735,O027548,2026-03-21,P0023,1,Wrong Item,1083.96
R001736,O027565,2026-06-11,P0052,3,Changed Mind,465.77
R001737,O027582,2026-04-27,P0008,2,Not as Expected,2237.41
R001738,O027591,2026-06-21,P0065,2,Not as Expected,561.05
R001739,O027679,2026-02-06,P0053,1,Changed Mind,112.47
R001740,O027690,2026-03-10,P0027,2,Not as Expected,2303.3
R001741,O027694,2026-02-09,P0067,2,Changed Mind,1161.59
R001742,O027699,2026-04-16,P0023,1,Damaged,1062.9
R001743,O027721,2026-02-20,P0010,1,Not as Expected,1279.28
R001744,O027785,2026-03-26,P0025,2,Wrong Item,2897.11
R001745,O027804,2026-06-11,P0067,2,Wrong Item,1195.58
R001746,O027820,2026-06-26,P0068,2,Damaged,876.28
R001747,O027821,2026-06-11,P0050,1,Defective,1123.63
R001748,O027835,2026-05-12,P0045,1,Changed Mind,593.01
R001749,O027837,2026-06-01,P0017,1,Not as Expected,539.87
R001750,O027847,2026-07-05,P0069,3,Defective,1145.69
R001751,O027855,2026-01-20,P0059,1,Not as Expected,201.77
R001752,O027860,2026-06-05,P0060,2,Not as Expected,426.09
R001753,O027861,2026-05-25,P0059,2,Changed Mind,386.58
R001754,O027882,2026-06-23,P0060,2,Not as Expected,442.16
R001755,O027896,2026-03-14,P0053,2,Changed Mind,242.8
R001756,O027908,2026-03-08,P0004,1,Defective,1083.32
R001757,O027936,2026-04-29,P0072,1,Damaged,827.19
R001758,O027957,2026-02-06,P0056,2,Not as Expected,651.79
R001759,O027960,2026-06-08,P0068,2,Wrong Item,846.59
R001760,O027970,2026-04-02,P0057,1,Changed Mind,459.67
R001761,O027986,2026-06-02,P0030,1,Defective,662.56
R001762,O027993,2026-06-26,P0070,2,Wrong Item,243.93
R001763,O028004,2026-05-27,P0067,2,Damaged,1230.11
R001764,O028012,2026-04-26,P0064,1,Changed Mind,123.51
R001765,O028063,2026-05-10,P0058,2,Defective,410.67
R001766,O028065,2026-03-04,P0045,2,Damaged,1212.44
R001767,O028073,2026-07-12,P0006,2,Wrong Item,1512.24
R001768,O028088,2026-01-28,P0031,1,Changed Mind,2033.02
R001769,O028092,2026-03-01,P0073,2,Changed Mind,1119.46
R001770,O028119,2026-03-27,P0025,1,Wrong Item,1503.0
R001771,O028121,2026-02-21,P0048,1,Changed Mind,706.02
R001772,O028157,2026-01-15,P0038,2,Changed Mind,3043.05
R001773,O028170,2026-07-22,P0067,3,Defective,1859.36
R001774,O028204,2026-03-27,P0039,1,Changed Mind,1367.78
R001775,O028213,2026-06-21,P0031,2,Changed Mind,3932.5
R001776,O028219,2026-05-06,P0034,1,Changed Mind,1300.23
R001777,O028235,2026-03-20,P0052,2,Changed Mind,311.53
R001778,O028242,2026-06-19,P0013,2,Damaged,883.41
R001779,O028265,2026-06-24,P0013,2,Wrong Item,902.19
R001780,O028280,2026-02-02,P0061,1,Not as Expected,380.36
R001781,O028288,2026-07-10,P0061,3,Damaged,1142.98
R001782,O028312,2026-03-31,P0069,1,Defective,390.78
R001783,O028319,2026-02-08,P0050,1,Wrong Item,1036.39
R001784,O028345,2026-05-18,P0044,1,Damaged,604.19
R001785,O028358,2026-04-12,P0052,3,Damaged,454.74
R001786,O028392,2026-03-13,P0051,2,Damaged,157.82
R001787,O028440,2026-04-22,P0070,2,Defective,269.81
R001788,O028452,2026-01-22,P0080,1,Not as Expected,373.95
R001789,O028455,2026-06-29,P0061,5,Not as Expected,1861.05
R001790,O028465,2026-02-27,P0047,1,Not as Expected,479.04
R001791,O028480,2026-01-07,P0006,1,Not as Expected,871.72
R001792,O028482,2026-05-27,P0064,2,Not as Expected,253.86
R001793,O028495,2026-06-26,P0075,3,Changed Mind,2256.38
R001794,O028505,2026-07-06,P0032,2,Defective,1455.56
R001795,O028533,2026-05-29,P0063,1,Not as Expected,369.07
R001796,O028548,2026-05-29,P0037,1,Defective,970.19
R001797,O028550,2026-05-18,P0004,1,Not as Expected,1088.01
R001798,O028571,2026-02-06,P0056,1,Changed Mind,321.57
R001799,O028576,2026-05-09,P0059,2,Changed Mind,407.2
R001800,O028667,2026-03-22,P0079,1,Changed Mind,905.32
R001801,O028670,2026-02-04,P0054,1,Defective,477.51
R001802,O028696,2026-05-23,P0060,1,Damaged,223.0
R001803,O028697,2026-02-09,P0004,1,Not as Expected,1079.03
R001804,O028707,2026-01-13,P0030,2,Changed Mind,1359.16
R001805,O028726,2026-05-07,P0061,3,Damaged,1136.5
R001806,O028729,2026-05-02,P0075,2,Changed Mind,1532.73
R001807,O028752,2026-05-23,P0040,1,Damaged,2134.97
R001808,O028760,2026-01-23,P0001,2,Wrong Item,2339.48
R001809,O028802,2026-02-17,P0002,1,Not as Expected,1481.48
R001810,O028819,2026-02-13,P0008,3,Changed Mind,3358.17
R001811,O028822,2026-01-31,P0064,2,Defective,254.22
R001812,O028826,2026-07-04,P0059,3,Defective,598.1
R001813,O028839,2026-06-29,P0061,3,Changed Mind,1029.05
R001814,O028848,2026-02-14,P0007,3,Changed Mind,3177.43
R001815,O028883,2026-02-16,P0065,1,Not as Expected,293.12
R001816,O028884,2026-07-12,P0055,5,Wrong Item,839.54
R001817,O028907,2026-04-28,P0006,2,Changed Mind,1670.35
R001818,O028918,2026-03-31,P0053,1,Changed Mind,118.27
R001819,O028931,2026-03-29,P0003,1,Wrong Item,953.63
R001820,O028934,2026-05-21,P0074,1,Defective,318.39
R001821,O028939,2026-04-28,P0062,1,Not as Expected,268.79
R001822,O028960,2026-05-21,P0050,2,Defective,2287.03
R001823,O028979,2026-04-21,P0057,1,Defective,472.59
R001824,O028988,2026-06-17,P0027,3,Changed Mind,3204.11
R001825,O029009,2026-06-24,P0062,2,Defective,534.64
R001826,O029013,2026-07-06,P0074,3,Changed Mind,931.04
R001827,O029015,2026-04-12,P0058,2,Wrong Item,396.76
R001828,O029064,2026-04-30,P0052,1,Damaged,166.28
R001829,O029123,2026-06-09,P0063,2,Not as Expected,712.32
R001830,O029124,2026-06-27,P0043,3,Not as Expected,2108.9
R001831,O029144,2026-02-24,P0063,2,Damaged,764.37
R001832,O029162,2026-06-15,P0058,1,Wrong Item,197.45
R001833,O029178,2026-04-26,P0070,1,Not as Expected,121.21
R001834,O029224,2026-06-05,P0055,1,Wrong Item,160.85
R001835,O029234,2026-06-11,P0028,5,Wrong Item,2673.49
R001836,O029254,2026-02-22,P0017,2,Changed Mind,1234.42
R001837,O029256,2026-03-14,P0057,1,Not as Expected,461.91
R001838,O029291,2026-03-11,P0033,1,Defective,1723.3
R001839,O029332,2026-04-21,P0030,3,Defective,1911.48
R001840,O029344,2026-02-08,P0011,2,Wrong Item,2654.98
R001841,O029372,2026-03-27,P0002,2,Defective,2887.43
R001842,O029393,2026-06-12,P0055,1,Changed Mind,166.13
R001843,O029408,2026-07-04,P0061,2,Changed Mind,684.73
R001844,O029428,2026-04-14,P0023,1,Not as Expected,1029.52
R001845,O029436,2026-05-19,P0038,2,Defective,2894.27
R001846,O029439,2026-02-04,P0019,2,Not as Expected,1346.31
R001847,O029440,2026-04-25,P0069,1,Wrong Item,375.79
R001848,O029486,2026-06-06,P0061,2,Wrong Item,716.19
R001849,O029500,2026-02-22,P0021,1,Not as Expected,1128.24
R001850,O029509,2026-03-02,P0002,2,Not as Expected,2997.06
R001851,O029517,2026-02-26,P0060,1,Defective,223.94
R001852,O029539,2026-02-10,P0004,1,Not as Expected,1132.67
R001853,O029541,2026-06-29,P0070,2,Changed Mind,254.91
R001854,O029549,2026-03-02,P0032,1,Changed Mind,774.3
R001855,O029557,2026-04-26,P0017,1,Changed Mind,596.28
R001856,O029573,2026-05-20,P0067,2,Damaged,1238.95
R001857,O029578,2026-04-27,P0056,1,Defective,326.85
R001858,O029596,2026-04-18,P0054,1,Not as Expected,438.0
R001859,O029601,2026-04-02,P0020,2,Changed Mind,2420.45
R001860,O029602,2026-03-04,P0058,1,Damaged,210.38
R001861,O029621,2026-07-12,P0061,2,Damaged,706.94
R001862,O029624,2026-06-07,P0036,1,Not as Expected,1293.37
R001863,O029640,2026-04-16,P0063,1,Damaged,362.27
R001864,O029645,2026-02-17,P0038,1,Defective,1461.51
R001865,O029658,2026-05-04,P0054,2,Changed Mind,904.11
R001866,O029669,2026-01-18,P0017,2,Not as Expected,1186.91
R001867,O029682,2026-04-07,P0073,2,Defective,1147.13
R001868,O029688,2026-07-04,P0019,2,Changed Mind,1169.2
R001869,O029702,2026-04-24,P0023,3,Not as Expected,3042.02
R001870,O029719,2026-06-14,P0066,2,Wrong Item,957.65
R001871,O029721,2026-04-10,P0018,1,Damaged,987.33
R001872,O029779,2026-05-14,P0075,1,Defective,763.0
R001873,O029788,2026-04-15,P0075,2,Damaged,1527.75
R001874,O029811,2026-02-27,P0015,1,Damaged,625.97
R001875,O029834,2026-01-26,P0013,1,Damaged,460.64
R001876,O029836,2026-03-10,P0051,1,Damaged,79.63
R001877,O029878,2026-03-29,P0024,1,Changed Mind,1813.08
R001878,O029903,2026-05-29,P0058,1,Damaged,202.82
R001879,O029921,2026-06-14,P0017,1,Changed Mind,573.66
R001880,O029926,2026-04-29,P0072,1,Not as Expected,815.21
R001881,O029940,2026-02-15,P0021,1,Not as Expected,1185.32
R001882,O029943,2026-05-28,P0053,1,Not as Expected,120.03
R001883,O029947,2026-01-29,P0076,1,Not as Expected,1059.79
R001884,O029950,2026-06-22,P0028,5,Not as Expected,2575.06
R001885,O029953,2026-06-10,P0050,1,Changed Mind,1126.07
R001886,O029954,2026-06-16,P0045,2,Changed Mind,1139.9
R001887,O029958,2026-05-23,P0074,2,Wrong Item,586.28
R001888,O029971,2026-04-27,P0050,1,Defective,1078.03
R001889,O029991,2026-06-16,P0057,2,Defective,912.91
R001890,O029992,2026-06-27,P0064,5,Defective,649.25
R001891,O030003,2026-04-04,P0063,2,Not as Expected,741.77
R001892,O030014,2026-03-26,P0015,2,Wrong Item,1257.78
R001893,O030015,2026-02-01,P0070,1,Not as Expected,132.19
R001894,O030073,2026-06-28,P0065,3,Defective,915.38
R001895,O030080,2026-05-10,P0014,1,Defective,1116.66
R001896,O030081,2026-02-21,P0045,2,Changed Mind,1160.33
R001897,O030128,2026-06-11,P0034,1,Changed Mind,1244.49
R001898,O030145,2026-06-28,P0014,5,Damaged,5120.4
R001899,O030150,2026-01-13,P0001,2,Damaged,2205.76
R001900,O030159,2026-03-10,P0020,1,Damaged,1248.24
R001901,O030222,2026-04-22,P0010,3,Damaged,3826.09
R001902,O030223,2026-05-08,P0053,1,Changed Mind,120.23
R001903,O030241,2026-01-26,P0072,1,Wrong Item,873.14
R001904,O030264,2026-05-07,P0023,1,Not as Expected,1087.27
R001905,O030270,2026-03-29,P0004,1,Changed Mind,1116.01
R001906,O030272,2026-06-12,P0037,1,Changed Mind,976.34
R001907,O030281,2026-04-28,P0019,1,Not as Expected,669.9
R001908,O030282,2026-06-05,P0062,1,Defective,262.85
R001909,O030284,2026-02-22,P0064,1,Damaged,126.65
R001910,O030309,2026-06-27,P0066,2,Wrong Item,920.06
R001911,O030311,2026-03-21,P0075,3,Damaged,2210.31
R001912,O030315,2026-04-14,P0021,3,Damaged,3589.57
R001913,O030325,2026-07-04,P0028,3,Damaged,1516.97
R001914,O030333,2026-05-19,P0042,2,Changed Mind,2391.11
R001915,O030338,2026-06-22,P0019,5,Defective,3074.69
R001916,O030339,2026-04-16,P0002,2,Wrong Item,2874.07
R001917,O030376,2026-02-27,P0070,2,Not as Expected,245.85
R001918,O030399,2026-02-26,P0058,1,Damaged,210.37
R001919,O030406,2026-06-10,P0071,2,Changed Mind,2073.27
R001920,O030432,2026-04-18,P0049,1,Not as Expected,751.54
R001921,O030433,2026-04-12,P0064,2,Not as Expected,268.33
R001922,O030443,2026-01-11,P0058,3,Changed Mind,607.8
R001923,O030450,2026-05-02,P0021,3,Not as Expected,3491.22
R001924,O030478,2026-06-03,P0080,2,Not as Expected,740.96
R001925,O030491,2026-04-29,P0049,1,Wrong Item,797.02
R001926,O030502,2026-04-27,P0067,2,Damaged,1182.75
R001927,O030505,2026-01-25,P0059,1,Changed Mind,212.52
R001928,O030516,2026-05-07,P0074,1,Changed Mind,298.75
R001929,O030528,2026-06-24,P0063,3,Defective,1122.13
R001930,O030573,2026-01-21,P0027,1,Changed Mind,1201.24
R001931,O030585,2026-01-08,P0005,3,Wrong Item,4821.05
R001932,O030612,2026-06-29,P0039,2,Defective,2719.47
R001933,O030649,2026-04-13,P0080,1,Wrong Item,406.12
R001934,O030680,2026-05-15,P0032,1,Defective,769.33
R001935,O030766,2026-02-02,P0026,1,Defective,1830.54
R001936,O030771,2026-03-15,P0058,1,Wrong Item,207.58
R001937,O030773,2026-01-28,P0027,1,Damaged,1135.07
R001938,O030782,2026-02-14,P0033,1,Not as Expected,1720.06
R001939,O030809,2026-05-11,P0069,1,Changed Mind,363.95
R001940,O030816,2026-05-09,P0028,1,Damaged,542.86
R001941,O030833,2026-05-01,P0053,1,Damaged,119.68
R001942,O030841,2026-04-25,P0065,2,Wrong Item,568.8
R001943,O030846,2026-07-07,P0063,2,Changed Mind,694.29
R001944,O030847,2026-06-13,P0068,5,Not as Expected,2161.53
R001945,O030866,2026-04-16,P0033,2,Wrong Item,3362.01
R001946,O030883,2026-03-06,P0033,2,Damaged,3444.07
R001947,O030896,2026-05-04,P0037,2,Damaged,2055.9
R001948,O030928,2026-05-25,P0069,2,Defective,719.61
R001949,O030949,2026-02-04,P0015,1,Wrong Item,630.62
R001950,O030950,2026-03-20,P0034,2,Wrong Item,2500.88
R001951,O030952,2026-05-26,P0069,1,Changed Mind,389.53
R001952,O030995,2026-06-30,P0078,5,Wrong Item,3192.44
R001953,O031009,2026-04-13,P0022,1,Damaged,2014.34
R001954,O031017,2026-05-16,P0048,3,Defective,2245.32
R001955,O031022,2026-03-22,P0063,1,Not as Expected,356.09
R001956,O031023,2026-03-03,P0053,1,Changed Mind,115.38
R001957,O031033,2026-03-18,P0080,2,Damaged,803.51
R001958,O031034,2026-02-22,P0077,3,Defective,1149.06
R001959,O031036,2026-05-28,P0019,3,Damaged,1969.57
R001960,O031055,2026-01-12,P0011,1,Damaged,1282.81
R001961,O031057,2026-05-11,P0041,1,Not as Expected,1575.47
R001962,O031081,2026-03-28,P0012,1,Defective,932.09
R001963,O031104,2026-02-23,P0064,3,Changed Mind,404.76
R001964,O031108,2026-02-12,P0079,1,Changed Mind,867.28
R001965,O031109,2026-02-25,P0025,1,Not as Expected,1443.13
R001966,O031119,2026-05-17,P0019,1,Not as Expected,609.66
R001967,O031122,2026-05-28,P0053,3,Changed Mind,346.93
R001968,O031144,2026-01-17,P0054,3,Damaged,1347.82
R001969,O031150,2026-03-18,P0010,2,Not as Expected,2515.03
R001970,O031151,2026-02-03,P0072,1,Damaged,833.81
R001971,O031156,2026-03-24,P0030,1,Changed Mind,636.28
R001972,O031196,2026-05-06,P0054,1,Damaged,470.88
R001973,O031203,2026-04-15,P0023,1,Wrong Item,1035.54
R001974,O031214,2026-01-26,P0026,2,Defective,3429.38
R001975,O031216,2026-07-15,P0079,2,Defective,1627.87
R001976,O031223,2026-01-14,P0068,1,Defective,468.99
R001977,O031239,2026-06-10,P0062,2,Not as Expected,540.16
R001978,O031315,2026-03-13,P0056,3,Wrong Item,965.56
R001979,O031331,2026-01-28,P0019,1,Damaged,644.82
R001980,O031341,2026-06-21,P0040,2,Defective,4560.03
R001981,O031344,2026-05-22,P0034,1,Wrong Item,1275.74
R001982,O031369,2026-02-23,P0012,2,Changed Mind,1951.29
R001983,O031373,2026-06-26,P0011,5,Wrong Item,6321.47
R001984,O031380,2026-04-11,P0059,2,Damaged,411.25
R001985,O031397,2026-03-31,P0079,2,Defective,1777.23
R001986,O031408,2026-06-11,P0061,5,Damaged,1890.1
R001987,O031412,2026-03-24,P0020,2,Damaged,2592.84
R001988,O031416,2026-01-15,P0077,1,Defective,390.61
R001989,O031428,2026-05-02,P0052,1,Wrong Item,156.06
R001990,O031434,2026-01-19,P0070,2,Defective,256.96
R001991,O031438,2026-03-04,P0023,2,Changed Mind,2110.33
R001992,O031442,2026-04-23,P0076,2,Changed Mind,2132.5
R001993,O031465,2026-04-27,P0051,1,Defective,81.39
R001994,O031467,2026-04-11,P0005,1,Damaged,1562.32
R001995,O031480,2026-01-28,P0072,2,Defective,1714.78
R001996,O031505,2026-05-14,P0059,2,Defective,392.29
R001997,O031513,2026-06-24,P0039,2,Defective,2682.95
R001998,O031517,2026-02-14,P0066,1,Wrong Item,480.8
R001999,O031555,2026-01-19,P0068,2,Not as Expected,868.14
R002000,O031562,2026-02-17,P0051,2,Damaged,167.09
R002001,O031573,2026-02-08,P0021,1,Wrong Item,1103.45
R002002,O031579,2026-06-21,P0071,2,Defective,2024.28
R002003,O031601,2026-02-22,P0014,3,Not as Expected,3263.21
R002004,O031615,2026-04-11,P0007,1,Wrong Item,1143.67
R002005,O031625,2026-05-08,P0038,3,Defective,4708.78
R002006,O031626,2026-06-07,P0075,1,Wrong Item,742.86
R002007,O031656,2026-04-26,P0060,3,Changed Mind,646.5
R002008,O031675,2026-04-05,P0027,2,Not as Expected,2275.46
R002009,O031708,2026-06-15,P0050,5,Defective,5273.24
R002010,O031727,2026-05-28,P0003,1,Defective,866.19
R002011,O031729,2026-05-03,P0034,2,Changed Mind,2705.74
R002012,O031752,2026-04-04,P0005,3,Defective,4876.76
R002013,O031817,2026-06-28,P0013,3,Damaged,1383.3
R002014,O031873,2026-04-03,P0078,3,Changed Mind,1817.77
R002015,O031879,2026-06-17,P0051,2,Defective,160.07
R002016,O031889,2026-04-08,P0059,2,Damaged,390.45
R002017,O031895,2026-04-11,P0007,1,Wrong Item,1089.22
R002018,O031901,2026-05-22,P0067,1,Not as Expected,604.07
R002019,O031922,2026-06-04,P0036,3,Defective,4151.52
R002020,O031937,2026-03-17,P0003,1,Changed Mind,990.26
R002021,O031940,2026-01-26,P0012,1,Wrong Item,927.19
R002022,O031946,2026-03-17,P0050,2,Damaged,2091.51
R002023,O031952,2026-05-26,P0018,1,Not as Expected,1034.93
R002024,O031958,2026-07-13,P0015,2,Not as Expected,1263.26
